;PS;LR;LREM;EÉLV;NP;LFI;D-Goujon;RN;LO;PP;LP;SL;D-Espéronnier;D-Giazzi;D-Lécuyer;D-Lefort;I-Aoudia;POID;D-Tiberi;C-Baschet;D-Arnould;PC;UPR;I-Garnier;Volt;I-Préau
1-1;105;119;107;31;49;9;;12;4;;5;14;;;;;;;;;;0;;;;
1-2;134;138;128;44;49;9;;7;2;;1;13;;;;;;;;;;2;;;;
1-3;190;120;112;62;50;14;;11;3;;5;12;;;;;;;;;;4;;;;
1-4;208;116;88;72;32;24;;4;3;;1;26;;;;;;;;;;4;;;;
1-5;140;77;102;56;38;10;;5;0;;1;17;;;;;;;;;;2;;;;
1-6;152;113;120;44;44;16;;6;3;;4;21;;;;;;;;;;2;;;;
1-7;137;150;149;28;50;5;;5;1;;4;21;;;;;;;;;;2;;;;
1-8;88;137;121;24;19;5;;10;0;;5;19;;;;;;;;;;4;;;;
1-9;85;145;131;30;28;9;;5;1;;10;13;;;;;;;;;;2;;;;
1-10;58;132;100;27;32;2;;3;1;;0;9;;;;;;;;;;1;;;;
2-1;101;143;118;65;39;8;;7;1;;5;6;;;;;;;;;;1;;;;
2-2;106;124;102;51;33;9;;5;0;;4;10;;;;;;;;;;4;;;;
2-3;76;99;84;29;29;5;;7;0;;2;5;;;;;;;;;;0;;;;
2-4;193;114;146;92;59;8;;3;1;;2;10;;;;;;;;;;4;;;;
2-5;190;110;142;116;51;13;;11;6;;7;4;;;;;;;;;;1;;;;
2-6;165;133;178;112;47;21;;5;1;;1;4;;;;;;;;;;4;;;;
2-7;226;124;163;103;40;9;;4;3;;3;7;;;;;;;;;;2;;;;
2-8;290;93;147;149;57;17;;12;4;;5;16;;;;;;;;;;3;;;;
2-9;255;91;155;132;65;18;;5;3;;3;9;;;;;;;;;;3;;;;
2-10;228;98;123;115;42;16;;9;1;;3;6;;;;;;;;;;4;;;;
3-1;241;112;121;73;44;19;;4;3;;1;3;;;;;;;;;;2;;;;
3-2;313;87;110;70;32;24;;2;3;;2;11;;;;;;;;;;3;;;;
3-3;247;95;137;58;52;15;;3;3;;3;8;;;;;;;;;;2;;;;
3-4;252;113;133;61;44;23;;3;4;;1;11;;;;;;;;;;2;;;;
3-5;198;130;146;57;34;15;;4;4;;1;4;;;;;;;;;;0;;;;
3-6;232;127;144;51;42;15;;9;3;;2;7;;;;;;;;;;2;;;;
3-7;214;150;151;55;78;18;;3;5;;5;2;;;;;;;;;;1;;;;
3-8;189;138;151;55;51;9;;8;4;;2;3;;;;;;;;;;1;;;;
3-9;294;137;153;72;55;29;;8;8;;7;6;;;;;;;;;;3;;;;
3-10;330;142;136;90;51;20;;9;2;;3;6;;;;;;;;;;5;;;;
3-11;259;110;151;67;69;18;;3;5;;8;8;;;;;;;;;;3;;;;
3-12;268;99;107;81;51;25;;4;2;;2;4;;;;;;;;;;5;;;;
3-13;279;66;113;95;38;22;;9;3;;3;12;;;;;;;;;;0;;;;
3-14;316;108;167;94;61;22;;10;6;;3;3;;;;;;;;;;3;;;;
3-15;273;139;154;57;47;21;;7;1;;7;13;;;;;;;;;;2;;;;
4-1;199;168;83;30;32;12;;4;3;;4;5;;;;;;;;;;2;;;;
4-2;188;110;123;42;55;14;;5;1;;1;2;;;;;;;;;;1;;;;
4-3;230;94;116;65;58;21;;7;3;;3;2;;;;;;;;;;1;;;;
4-4;229;118;114;60;46;22;;6;6;;6;5;;;;;;;;;;5;;;;
4-5;227;180;170;56;50;10;;6;3;;2;8;;;;;;;;;;1;;;;
4-6;287;165;157;72;70;13;;6;1;;3;6;;;;;;;;;;1;;;;
4-7;239;146;120;53;65;9;;14;4;;4;3;;;;;;;;;;1;;;;
4-8;217;188;121;50;83;17;;15;1;;6;4;;;;;;;;;;5;;;;
4-9;142;173;96;25;47;12;;8;2;;2;4;;;;;;;;;;2;;;;
4-10;114;161;107;30;60;8;;3;1;;4;8;;;;;;;;;;0;;;;
4-11;188;96;97;39;45;19;;3;1;;4;5;;;;;;;;;;4;;;;
4-12;220;115;125;39;59;22;;6;6;;0;8;;;;;;;;;;1;;;;
4-13;273;126;148;65;57;29;;16;3;;9;5;;;;;;;;;;1;;;;
4-14;253;127;104;46;50;9;;7;1;;3;2;;;;;;;;;;1;;;;
5-1;164;106;193;80;57;22;;10;3;3;3;;;;;;;;24;;9;;;;;1
5-2;184;149;247;59;63;21;;15;3;5;1;;;;;;;;13;;10;;;;;2
5-3;172;154;182;75;47;26;;10;4;7;4;;;;;;;;6;;7;;;;;0
5-4;162;153;208;54;53;11;;13;1;2;3;;;;;;;;15;;12;;;;;2
5-5;168;103;236;93;49;31;;6;7;7;0;;;;;;;;15;;16;;;;;0
5-6;159;118;203;65;52;25;;10;4;5;2;;;;;;;;10;;8;;;;;0
5-7;171;142;234;83;53;15;;9;3;7;3;;;;;;;;19;;10;;;;;1
5-8;177;175;295;76;69;12;;7;0;6;0;;;;;;;;15;;6;;;;;0
5-9;207;127;253;82;77;22;;10;3;11;6;;;;;;;;7;;5;;;;;0
5-10;174;114;235;71;55;11;;3;5;12;2;;;;;;;;11;;11;;;;;3
5-11;192;118;182;84;74;21;;5;4;7;1;;;;;;;;8;;9;;;;;0
5-12;215;129;170;82;53;20;;7;4;12;4;;;;;;;;12;;10;;;;;3
5-13;140;107;163;69;49;24;;4;7;7;4;;;;;;;;16;;8;;;;;0
5-14;171;82;167;73;46;19;;4;3;5;5;;;;;;;;16;;14;;;;;1
5-15;170;110;167;89;41;25;;8;3;2;1;;;;;;;;10;;11;;;;;0
5-16;197;90;170;93;56;28;;8;3;8;1;;;;;;;;15;;8;;;;;1
5-17;193;113;148;99;41;28;;11;3;4;2;;;;;;;;18;;7;;;;;0
5-18;177;111;179;66;54;21;;11;2;3;1;;;;;;;;25;;22;;;;;0
5-19;150;104;192;88;37;17;;8;2;3;2;;;;;;;;17;;54;;;;;0
5-20;164;115;204;88;39;22;;9;2;6;2;;;;;;;;17;;25;;;;;3
5-21;239;123;190;83;60;17;;7;2;10;1;;;;;;;;1;;13;;;;;0
5-22;162;138;194;74;40;20;;8;0;9;2;;;;;;;;14;;9;;;;;0
5-23;148;144;193;53;53;19;;11;2;4;4;;;;;;;;11;;12;;;;;1
5-24;208;91;169;101;43;26;;12;8;3;5;;;;;;;;19;;12;;;;;3
5-25;184;107;213;117;61;24;;5;1;5;3;;;;;;;;18;;10;;;;;1
6-1;112;214;120;41;43;2;;15;1;;5;;;;;;;;;;;2;;;;
6-2;90;223;128;37;39;1;;5;1;;2;;;;;;;;;;;4;;;;
6-3;127;230;141;60;54;16;;14;2;;3;;;;;;;;;;;4;;;;
6-4;91;166;106;49;34;4;;4;1;;6;;;;;;;;;;;0;;;;
6-5;103;163;106;35;47;12;;6;0;;4;;;;;;;;;;;3;;;;
6-6;128;184;86;34;61;7;;11;0;;3;;;;;;;;;;;3;;;;
6-7;69;180;103;42;27;6;;5;0;;2;;;;;;;;;;;1;;;;
6-8;82;159;124;23;37;3;;7;3;;0;;;;;;;;;;;2;;;;
6-9;61;175;63;24;27;4;;4;2;;1;;;;;;;;;;;0;;;;
6-10;90;163;158;38;68;8;;12;0;;0;;;;;;;;;;;5;;;;
6-11;118;197;116;45;38;5;;11;0;;3;;;;;;;;;;;1;;;;
6-12;77;236;120;28;42;5;;9;2;;1;;;;;;;;;;;3;;;;
6-13;108;238;130;33;71;4;;14;3;;4;;;;;;;;;;;3;;;;
6-14;97;224;106;48;45;10;;2;3;;2;;;;;;;;;;;4;;;;
6-15;76;223;106;38;42;7;;6;0;;3;;;;;;;;;;;2;;;;
6-16;108;246;124;62;51;6;;7;4;;1;;;;;;;;;;;1;;;;
6-17;154;236;154;48;48;13;;5;1;;4;;;;;;;;;;;1;;;;
6-18;82;203;106;45;46;3;;5;5;;3;;;;;;;;;;;3;;;;
6-19;89;207;137;32;38;5;;7;5;;4;;;;;;;;;;;0;;;;
6-20;81;194;138;33;55;2;;7;1;;2;;;;;;;;;;;2;;;;
6-21;114;179;101;42;51;12;;4;0;;2;;;;;;;;;;;1;;;;
6-22;98;184;150;46;63;7;;8;4;;1;;;;;;;;;;;4;;;;
7-1;34;237;118;24;38;2;;2;;4;1;;;;;;;;;5;;;;;;
7-2;70;286;142;34;42;2;;8;;1;4;;;;;;;;;8;;;;;;
7-3;63;309;119;22;38;4;;5;;2;1;;;;;;;;;6;;;;;;
7-4;78;236;109;28;38;3;;8;;3;1;;;;;;;;;3;;;;;;
7-5;64;304;148;31;32;4;;7;;5;2;;;;;;;;;11;;;;;;
7-6;79;293;149;26;35;0;;10;;2;4;;;;;;;;;7;;;;;;
7-7;75;321;165;26;37;5;;2;;1;4;;;;;;;;;11;;;;;;
7-8;83;384;222;26;36;4;;7;;1;2;;;;;;;;;6;;;;;;
7-9;69;280;147;30;43;3;;11;;4;2;;;;;;;;;9;;;;;;
7-10;95;300;146;33;48;4;;17;;2;4;;;;;;;;;13;;;;;;
7-11;55;357;157;20;25;3;;6;;2;0;;;;;;;;;20;;;;;;
7-12;61;297;157;27;30;1;;4;;0;0;;;;;;;;;14;;;;;;
7-13;65;322;132;20;33;6;;9;;2;2;;;;;;;;;10;;;;;;
7-14;77;322;149;18;34;3;;14;;6;0;;;;;;;;;8;;;;;;
7-15;101;338;153;26;44;9;;7;;3;1;;;;;;;;;14;;;;;;
7-16;78;330;155;26;41;8;;8;;3;2;;;;;;;;;17;;;;;;
7-17;91;252;103;26;41;4;;11;;8;2;;;;;;;;;15;;;;;;
7-18;105;265;136;25;39;5;;13;;1;5;;;;;;;;;24;;;;;;
7-19;86;299;125;24;26;4;;15;;3;1;;;;;;;;;18;;;;;;
7-20;64;331;126;33;26;3;;8;;2;2;;;;;;;;;9;;;;;;
7-21;56;394;137;28;26;5;;5;;2;1;;;;;;;;;10;;;;;;
7-22;71;299;115;19;29;8;;9;;8;1;;;;;;;;;16;;;;;;
7-23;53;341;147;16;25;5;;13;;2;0;;;;;;;;;11;;;;;;
7-24;19;282;124;3;27;1;;9;;1;0;;;;;;;;;43;;;;;;
7-25;39;299;125;17;35;5;;8;;1;3;;;;;;;;;16;;;;;;
8-1;60;223;175;25;53;4;;12;;1;2;;;;100;;;;;;;;;;;
8-2;43;204;155;23;32;2;;7;;2;4;;;;67;;;;;;;;;;;
8-3;60;205;159;42;49;3;;11;;1;6;;;;129;;;;;;;;;;;
8-4;39;203;190;21;33;6;;4;;3;4;;;;65;;;;;;;;;;;
8-5;79;249;182;31;73;3;;11;;3;0;;;;98;;;;;;;;;;;
8-6;60;177;172;64;57;9;;12;;4;4;;;;70;;;;;;;;;;;
8-7;93;192;199;56;62;9;;3;;4;6;;;;82;;;;;;;;;;;
8-8;117;166;188;57;59;8;;9;;6;2;;;;69;;;;;;;;;;;
8-9;61;264;201;60;56;12;;18;;4;3;;;;114;;;;;;;;;;;
8-10;47;171;92;28;17;6;;7;;2;1;;;;33;;;;;;;;;;;
8-11;57;157;134;26;26;3;;17;;1;0;;;;53;;;;;;;;;;;
8-12;53;170;146;38;30;2;;7;;1;5;;;;54;;;;;;;;;;;
8-13;63;227;146;28;36;2;;9;;6;2;;;;74;;;;;;;;;;;
8-14;65;215;133;19;46;10;;6;;8;3;;;;55;;;;;;;;;;;
8-15;47;227;144;33;42;4;;10;;1;1;;;;63;;;;;;;;;;;
8-16;38;255;186;22;37;4;;13;;3;1;;;;62;;;;;;;;;;;
8-17;34;135;77;7;11;6;;3;;4;6;;;;21;;;;;;;;;;;
8-18;31;134;59;11;25;0;;2;;1;2;;;;28;;;;;;;;;;;
9-1;168;97;212;52;43;8;;8;5;;1;;;;;;;;;;;1;;;1;
9-2;167;78;209;53;41;27;;6;2;;2;;;;;;;;;;;2;;;0;
9-3;161;82;239;65;33;16;;4;2;;2;;;;;;;;;;;3;;;2;
9-4;156;95;256;64;67;19;;5;2;;0;;;;;;;;;;;2;;;1;
9-5;144;117;287;66;51;19;;22;6;;6;;;;;;;;;;;3;;;6;
9-6;110;117;221;60;48;17;;5;4;;5;;;;;;;;;;;1;;;4;
9-7;119;165;189;34;38;15;;7;0;;2;;;;;;;;;;;4;;;4;
9-8;128;134;268;57;61;2;;3;2;;2;;;;;;;;;;;3;;;4;
9-9;119;114;324;67;49;14;;4;3;;0;;;;;;;;;;;1;;;6;
9-10;132;118;270;45;40;13;;6;2;;1;;;;;;;;;;;3;;;4;
9-11;183;80;269;65;50;20;;10;2;;2;;;;;;;;;;;4;;;1;
9-12;168;103;236;57;48;22;;3;6;;3;;;;;;;;;;;5;;;3;
9-13;194;87;251;68;55;31;;8;3;;1;;;;;;;;;;;1;;;5;
9-14;177;122;279;72;67;16;;10;2;;3;;;;;;;;;;;1;;;6;
9-15;187;118;256;63;40;15;;4;1;;5;;;;;;;;;;;4;;;2;
9-16;162;114;275;66;44;11;;12;1;;5;;;;;;;;;;;2;;;4;
9-17;165;180;261;64;57;13;;19;5;;2;;;;;;;;;;;3;;;1;
9-18;166;91;254;85;30;12;;11;2;;3;;;;;;;;;;;5;;;7;
9-19;186;88;192;69;33;18;;8;10;;2;;;;;;;;;;;1;;;0;
9-20;193;111;255;63;51;17;;10;3;;1;;;;;;;;;;;3;;;6;
9-21;164;101;260;72;55;20;;8;3;;6;;;;;;;;;;;4;;;1;
9-22;190;104;239;61;43;17;;9;2;;3;;;;;;;;;;;0;;;1;
9-23;189;88;204;69;42;15;;9;6;;0;;;;;;;;;;;3;;;2;
9-24;158;82;307;57;47;21;;12;3;;2;;;;;;;;;;;1;;;6;
9-25;194;86;196;65;46;26;;11;3;;7;;;;;;;;;;;2;;;6;
9-26;211;102;252;60;51;14;;6;4;;2;;;;;;;;;;;3;;;4;
9-27;231;67;199;110;48;27;;11;3;;4;;;;;;;;;;;1;;;8;
10-1;290;99;73;110;46;20;;6;9;4;3;;;;;;;;;;;;;;;
10-2;295;89;122;110;51;32;;5;7;6;1;;;;;;;;;;;;;;;
10-3;323;98;106;96;48;33;;15;9;5;1;;;;;;;;;;;;;;;
10-4;273;67;79;89;35;19;;1;6;4;2;;;;;;;;;;;;;;;
10-5;258;73;97;80;37;30;;9;5;3;3;;;;;;;;;;;;;;;
10-6;261;108;89;107;46;27;;4;6;3;2;;;;;;;;;;;;;;;
10-7;259;66;82;91;34;31;;5;5;2;2;;;;;;;;;;;;;;;
10-8;326;89;114;127;41;29;;12;2;3;1;;;;;;;;;;;;;;;
10-9;230;112;143;131;49;34;;24;4;4;3;;;;;;;;;;;;;;;
10-10;292;65;79;111;42;22;;2;9;4;2;;;;;;;;;;;;;;;
10-11;326;54;95;119;40;25;;11;4;13;5;;;;;;;;;;;;;;;
10-12;335;47;60;115;37;43;;8;5;3;4;;;;;;;;;;;;;;;
10-13;268;57;57;112;23;35;;8;8;9;2;;;;;;;;;;;;;;;
10-14;315;64;64;136;48;36;;11;9;4;1;;;;;;;;;;;;;;;
10-15;273;81;88;111;33;34;;13;7;4;3;;;;;;;;;;;;;;;
10-16;248;82;78;107;40;32;;17;6;3;3;;;;;;;;;;;;;;;
10-17;168;90;65;49;32;29;;20;2;7;5;;;;;;;;;;;;;;;
10-18;214;88;89;52;33;34;;6;6;7;2;;;;;;;;;;;;;;;
10-19;160;100;71;72;23;20;;4;6;7;0;;;;;;;;;;;;;;;
10-20;281;81;64;93;37;41;;9;8;4;4;;;;;;;;;;;;;;;
10-21;202;76;64;71;30;25;;13;4;5;1;;;;;;;;;;;;;;;
10-22;304;78;84;90;41;36;;6;3;4;2;;;;;;;;;;;;;;;
10-23;241;82;102;77;55;27;;7;5;7;3;;;;;;;;;;;;;;;
10-24;246;78;66;98;35;28;;10;2;3;4;;;;;;;;;;;;;;;
10-25;280;101;76;86;37;36;;12;6;4;4;;;;;;;;;;;;;;;
10-26;255;80;67;83;40;36;;7;4;2;3;;;;;;;;;;;;;;;
10-27;266;97;64;84;44;42;;12;4;4;7;;;;;;;;;;;;;;;
10-28;256;123;89;79;46;21;;12;4;6;1;;;;;;;;;;;;;;;
10-29;229;124;116;88;43;30;;13;2;4;1;;;;;;;;;;;;;;;
10-30;227;124;103;119;47;21;;8;2;3;1;;;;;;;;;;;;;;;
10-31;182;93;106;82;52;21;;6;3;6;0;;;;;;;;;;;;;;;
10-32;233;74;96;85;39;42;;8;8;8;0;;;;;;;;;;;;;;;
10-33;270;74;108;87;41;23;;4;5;5;1;;;;;;;;;;;;;;;
10-34;240;121;126;77;49;22;;15;3;3;0;;;;;;;;;;;;;;;
10-35;196;96;127;89;54;16;;9;2;4;2;;;;;;;;;;;;;;;
10-36;282;78;114;124;53;30;;9;3;2;2;;;;;;;;;;;;;;;
10-37;236;65;87;92;37;32;;14;4;8;2;;;;;;;;;;;;;;;
10-38;294;103;121;114;66;24;;7;1;8;3;;;;;;;;;;;;;;;
10-39;275;91;122;121;44;36;;5;5;11;2;;;;;;;;;;;;;;;
11-1;344;107;98;94;48;33;;4;1;3;3;;;;;22;;;;;;;;;;
11-2;351;94;126;84;47;34;;1;1;5;5;;;;;32;;;;;;;;;;
11-3;275;80;80;75;29;33;;6;10;8;5;;;;;18;;;;;;;;;;
11-4;330;109;102;75;45;34;;3;7;7;0;;;;;20;;;;;;;;;;
11-5;321;70;100;100;54;35;;8;6;3;3;;;;;25;;;;;;;;;;
11-6;320;86;75;85;41;30;;6;3;16;0;;;;;17;;;;;;;;;;
11-7;273;79;97;91;42;30;;2;1;10;7;;;;;29;;;;;;;;;;
11-8;324;84;92;110;43;38;;1;8;7;3;;;;;10;;;;;;;;;;
11-9;360;86;104;99;36;22;;3;1;5;1;;;;;15;;;;;;;;;;
11-10;286;104;104;61;45;27;;8;4;11;0;;;;;22;;;;;;;;;;
11-11;353;72;101;108;64;40;;0;5;7;4;;;;;10;;;;;;;;;;
11-12;344;82;91;108;50;32;;2;5;6;4;;;;;12;;;;;;;;;;
11-13;305;71;92;114;62;21;;3;2;5;2;;;;;19;;;;;;;;;;
11-14;336;94;120;124;56;46;;6;6;8;3;;;;;40;;;;;;;;;;
11-15;303;142;165;84;59;17;;7;7;5;2;;;;;18;;;;;;;;;;
11-16;265;129;162;74;56;13;;4;2;4;0;;;;;20;;;;;;;;;;
11-17;268;108;120;84;40;20;;2;7;4;4;;;;;15;;;;;;;;;;
11-18;278;85;113;65;29;24;;4;5;5;1;;;;;18;;;;;;;;;;
11-19;295;86;110;66;39;18;;5;2;7;1;;;;;16;;;;;;;;;;
11-20;286;113;133;109;40;32;;7;3;2;1;;;;;14;;;;;;;;;;
11-21;275;80;135;78;57;23;;3;7;2;1;;;;;23;;;;;;;;;;
11-22;308;78;122;96;47;28;;3;4;3;5;;;;;14;;;;;;;;;;
11-23;341;81;84;112;42;39;;3;5;7;1;;;;;9;;;;;;;;;;
11-24;302;74;156;112;61;24;;5;2;4;3;;;;;27;;;;;;;;;;
11-25;343;93;120;121;44;41;;6;5;3;2;;;;;20;;;;;;;;;;
11-26;331;99;126;94;55;30;;5;6;8;5;;;;;30;;;;;;;;;;
11-27;384;66;98;125;49;36;;7;8;2;3;;;;;13;;;;;;;;;;
11-28;345;57;109;111;37;44;;1;7;3;1;;;;;15;;;;;;;;;;
11-29;297;73;86;131;41;61;;2;2;4;5;;;;;15;;;;;;;;;;
11-30;360;54;81;129;38;49;;2;2;12;4;;;;;11;;;;;;;;;;
11-31;282;68;55;88;35;55;;6;5;11;4;;;;;22;;;;;;;;;;
11-32;339;67;73;108;53;49;;4;9;13;3;;;;;15;;;;;;;;;;
11-33;342;81;90;94;46;36;;3;5;7;5;;;;;31;;;;;;;;;;
11-34;267;67;71;127;40;38;;11;5;6;4;;;;;16;;;;;;;;;;
11-35;322;99;126;87;42;32;;5;1;7;2;;;;;17;;;;;;;;;;
11-36;339;90;89;112;40;38;;6;5;1;5;;;;;23;;;;;;;;;;
11-37;305;118;106;79;38;31;;4;1;11;0;;;;;22;;;;;;;;;;
11-38;310;109;103;98;49;44;;6;2;6;2;;;;;17;;;;;;;;;;
11-39;243;81;76;117;32;28;;8;7;3;4;;;;;32;;;;;;;;;;
11-40;277;83;92;83;38;20;;4;7;6;4;;;;;32;;;;;;;;;;
11-41;264;101;91;112;32;42;;7;2;3;7;;;;;25;;;;;;;;;;
11-42;227;91;66;86;26;30;;5;8;2;3;;;;;22;;;;;;;;;;
11-43;351;78;82;143;42;54;;4;8;7;8;;;;;26;;;;;;;;;;
11-44;331;95;121;77;43;32;;4;4;6;2;;;;;20;;;;;;;;;;
11-45;252;129;108;84;35;30;;6;5;10;3;;;;;24;;;;;;;;;;
11-46;242;124;76;67;29;56;;4;11;4;5;;;;;24;;;;;;;;;;
11-47;324;118;84;99;42;57;;6;9;5;4;;;;;29;;;;;;;;;;
11-48;291;146;142;107;59;43;;3;9;2;4;;;;;33;;;;;;;;;;
11-49;317;130;99;107;48;41;;6;9;3;1;;;;;41;;;;;;;;;;
11-50;372;122;88;100;57;27;;4;5;4;1;;;;;32;;;;;;;;;;
11-51;310;122;99;102;45;34;;1;1;6;1;;;;;23;;;;;;;;;;
11-52;346;84;104;102;56;41;;3;8;8;5;;;;;11;;;;;;;;;;
11-53;367;122;124;78;40;42;;4;4;6;0;;;;;28;;;;;;;;;;
11-54;263;100;81;72;45;27;;4;4;10;1;;;;;40;;;;;;;;;;
11-55;362;86;90;92;46;24;;3;7;5;3;;;;;20;;;;;;;;;;
12-1;217;126;99;80;37;19;;4;3;;2;;;;;;;;;;;;;;;
12-2;196;103;83;76;46;25;;10;2;;3;;;;;;;;;;;;;;;
12-3;200;130;101;65;42;22;;9;2;;6;;;;;;;;;;;;;;;
12-4;203;123;97;64;30;30;;4;6;;2;;;;;;;;;;;;;;;
12-5;183;196;108;69;55;21;;12;4;;2;;;;;;;;;;;;;;;
12-6;209;173;107;67;54;22;;6;6;;3;;;;;;;;;;;;;;;
12-7;225;230;160;78;62;28;;5;0;;3;;;;;;;;;;;;;;;
12-8;161;145;102;57;47;38;;7;5;;7;;;;;;;;;;;;;;;
12-9;175;111;62;58;41;47;;9;1;;4;;;;;;;;;;;;;;;
12-10;221;117;100;89;56;30;;3;3;;2;;;;;;;;;;;;;;;
12-11;230;148;95;67;44;19;;7;3;;5;;;;;;;;;;;;;;;
12-12;232;123;130;78;67;29;;13;4;;4;;;;;;;;;;;;;;;
12-13;280;126;93;87;70;28;;6;5;;8;;;;;;;;;;;;;;;
12-14;166;153;111;58;53;13;;9;2;;4;;;;;;;;;;;;;;;
12-15;253;136;93;69;39;33;;6;11;;3;;;;;;;;;;;;;;;
12-16;176;177;117;69;50;20;;5;6;;5;;;;;;;;;;;;;;;
12-17;165;175;112;53;54;17;;6;5;;3;;;;;;;;;;;;;;;
12-18;249;148;91;90;54;28;;2;4;;3;;;;;;;;;;;;;;;
12-19;214;132;110;63;46;40;;4;9;;4;;;;;;;;;;;;;;;
12-20;214;152;115;67;70;26;;4;2;;3;;;;;;;;;;;;;;;
12-21;222;149;114;69;58;26;;11;5;;3;;;;;;;;;;;;;;;
12-22;190;134;57;62;34;55;;5;3;;7;;;;;;;;;;;;;;;
12-23;158;143;99;59;35;25;;1;6;;4;;;;;;;;;;;;;;;
12-24;203;105;98;96;46;38;;1;4;;5;;;;;;;;;;;;;;;
12-25;194;169;91;77;41;20;;2;2;;6;;;;;;;;;;;;;;;
12-26;157;170;118;83;42;18;;5;3;;7;;;;;;;;;;;;;;;
12-27;211;145;91;95;46;54;;9;7;;8;;;;;;;;;;;;;;;
12-28;157;151;87;81;30;35;;3;7;;8;;;;;;;;;;;;;;;
12-29;126;159;104;64;41;13;;8;1;;6;;;;;;;;;;;;;;;
12-30;203;178;112;64;43;22;;5;2;;1;;;;;;;;;;;;;;;
12-31;214;169;113;80;51;30;;2;6;;3;;;;;;;;;;;;;;;
12-32;208;162;100;91;59;23;;1;6;;5;;;;;;;;;;;;;;;
12-33;182;158;106;72;60;31;;8;3;;6;;;;;;;;;;;;;;;
12-34;189;192;154;91;72;35;;7;2;;2;;;;;;;;;;;;;;;
12-35;170;218;156;75;54;28;;8;3;;4;;;;;;;;;;;;;;;
12-36;163;164;76;44;46;29;;10;5;;10;;;;;;;;;;;;;;;
12-37;167;127;103;49;37;36;;6;9;;3;;;;;;;;;;;;;;;
12-38;197;146;99;74;92;27;;7;6;;6;;;;;;;;;;;;;;;
12-39;137;140;80;65;55;30;;4;1;;3;;;;;;;;;;;;;;;
12-40;195;118;89;72;51;39;;5;4;;4;;;;;;;;;;;;;;;
12-41;192;125;124;71;33;21;;8;2;;2;;;;;;;;;;;;;;;
12-42;197;132;88;67;49;36;;2;7;;5;;;;;;;;;;;;;;;
12-43;106;122;70;64;24;33;;7;10;;7;;;;;;;;;;;;;;;
12-44;179;167;105;66;47;37;;7;11;;4;;;;;;;;;;;;;;;
12-45;132;135;54;27;32;32;;5;6;;5;;;;;;;;;;;;;;;
12-46;188;142;83;92;33;14;;7;1;;7;;;;;;;;;;;;;;;
12-47;152;107;91;62;42;22;;5;6;;2;;;;;;;;;;;;;;;
12-48;194;92;77;74;35;49;;4;9;;3;;;;;;;;;;;;;;;
12-49;253;132;119;97;47;41;;6;6;;1;;;;;;;;;;;;;;;
12-50;229;116;77;87;53;28;;7;7;;3;;;;;;;;;;;;;;;
12-51;223;118;103;61;51;25;;6;6;;3;;;;;;;;;;;;;;;
12-52;204;109;113;90;36;25;;1;2;;2;;;;;;;;;;;;;;;
12-53;307;142;178;95;63;30;;7;4;;6;;;;;;;;;;;;;;;
12-54;170;108;94;48;27;20;;13;10;;9;;;;;;;;;;;;;;;
12-55;289;116;101;90;47;33;;6;0;;3;;;;;;;;;;;;;;;
12-56;285;109;114;85;58;36;;2;1;;10;;;;;;;;;;;;;;;
12-57;273;86;93;86;58;41;;9;6;;2;;;;;;;;;;;;;;;
12-58;308;109;99;76;54;40;;9;9;;1;;;;;;;;;;;;;;;
12-59;223;116;98;72;38;38;;6;2;;5;;;;;;;;;;;;;;;
12-60;218;93;87;77;39;43;;8;6;;1;;;;;;;;;;;;;;;
12-61;211;165;95;75;59;33;;7;7;;8;;;;;;;;;;;;;;;
12-62;306;95;90;97;39;30;;8;3;;4;;;;;;;;;;;;;;;
12-63;191;138;73;67;40;30;;7;4;;3;;;;;;;;;;;;;;;
12-64;207;140;105;77;74;19;;8;2;;5;;;;;;;;;;;;;;;
13-1;286;133;116;100;61;39;;11;4;4;3;;;;;;7;;;;;;;;;
13-2;220;101;65;66;34;42;;11;6;1;5;;;;;;6;;;;;;;;;
13-3;305;100;70;84;39;31;;16;10;2;2;;;;;;7;;;;;;;;;
13-4;160;78;47;44;27;26;;12;5;4;1;;;;;;39;;;;;;;;;
13-5;274;113;91;70;51;37;;17;2;4;5;;;;;;17;;;;;;;;;
13-6;233;89;71;51;44;21;;11;4;7;2;;;;;;5;;;;;;;;;
13-7;253;96;88;66;31;27;;8;7;5;1;;;;;;17;;;;;;;;;
13-8;251;89;61;73;52;39;;20;7;1;5;;;;;;11;;;;;;;;;
13-9;195;74;47;55;29;35;;13;4;0;3;;;;;;21;;;;;;;;;
13-10;213;115;48;37;21;37;;16;9;3;2;;;;;;26;;;;;;;;;
13-11;204;91;65;47;33;36;;11;11;4;3;;;;;;29;;;;;;;;;
13-12;241;97;42;35;25;31;;8;3;2;7;;;;;;20;;;;;;;;;
13-13;300;102;91;83;43;79;;9;5;3;6;;;;;;14;;;;;;;;;
13-14;200;98;53;30;27;34;;20;7;1;8;;;;;;15;;;;;;;;;
13-15;194;96;76;40;28;34;;17;5;3;4;;;;;;11;;;;;;;;;
13-16;275;96;75;90;47;51;;20;13;5;5;;;;;;2;;;;;;;;;
13-17;255;96;93;51;41;68;;16;3;3;1;;;;;;12;;;;;;;;;
13-18;240;100;45;34;31;46;;9;7;0;2;;;;;;16;;;;;;;;;
13-19;199;106;75;53;18;37;;11;4;0;0;;;;;;8;;;;;;;;;
13-20;168;109;84;31;30;25;;16;6;1;6;;;;;;9;;;;;;;;;
13-21;151;99;40;31;36;25;;41;10;2;3;;;;;;7;;;;;;;;;
13-22;197;85;33;44;35;22;;21;10;0;5;;;;;;9;;;;;;;;;
13-23;203;99;56;63;42;42;;17;10;1;5;;;;;;13;;;;;;;;;
13-24;204;87;55;51;43;33;;9;1;4;4;;;;;;7;;;;;;;;;
13-25;221;95;63;46;38;32;;12;6;4;3;;;;;;35;;;;;;;;;
13-26;302;115;74;78;48;52;;16;7;4;3;;;;;;10;;;;;;;;;
13-27;318;81;76;84;58;40;;22;9;3;3;;;;;;21;;;;;;;;;
13-28;338;118;96;80;54;49;;16;11;2;5;;;;;;36;;;;;;;;;
13-29;180;75;34;33;27;30;;9;4;1;4;;;;;;33;;;;;;;;;
13-30;284;109;66;68;45;56;;14;9;1;4;;;;;;48;;;;;;;;;
13-31;210;99;86;40;56;33;;11;4;3;6;;;;;;59;;;;;;;;;
13-32;253;88;57;76;46;35;;16;12;1;4;;;;;;36;;;;;;;;;
13-33;69;19;21;23;7;21;;4;4;2;1;;;;;;7;;;;;;;;;
13-34;339;144;135;78;57;53;;9;8;0;5;;;;;;26;;;;;;;;;
13-35;192;79;55;64;38;34;;13;4;4;1;;;;;;6;;;;;;;;;
13-36;243;116;86;68;48;37;;7;3;2;4;;;;;;12;;;;;;;;;
13-37;222;93;55;50;24;47;;15;11;3;5;;;;;;18;;;;;;;;;
13-38;165;97;90;36;42;28;;10;10;4;0;;;;;;5;;;;;;;;;
13-39;248;103;63;39;34;44;;14;2;3;3;;;;;;7;;;;;;;;;
13-40;284;106;105;96;64;33;;18;6;3;1;;;;;;4;;;;;;;;;
13-41;306;109;68;93;42;53;;18;1;1;1;;;;;;12;;;;;;;;;
13-42;190;87;43;39;20;32;;12;8;2;1;;;;;;8;;;;;;;;;
13-43;327;117;99;81;36;64;;6;2;5;4;;;;;;16;;;;;;;;;
13-44;200;83;52;42;27;38;;10;4;2;3;;;;;;8;;;;;;;;;
13-45;181;80;52;47;36;26;;10;8;0;1;;;;;;5;;;;;;;;;
13-46;203;119;87;51;42;27;;36;6;3;2;;;;;;15;;;;;;;;;
13-47;331;148;85;89;77;43;;13;11;1;8;;;;;;6;;;;;;;;;
13-48;314;106;86;83;70;36;;15;7;5;3;;;;;;5;;;;;;;;;
13-49;334;133;101;90;67;43;;13;1;4;2;;;;;;10;;;;;;;;;
13-50;314;124;92;108;73;53;;11;6;5;2;;;;;;6;;;;;;;;;
13-51;285;141;110;81;60;41;;7;4;7;4;;;;;;2;;;;;;;;;
13-52;254;91;97;62;51;33;;9;4;5;5;;;;;;11;;;;;;;;;
13-53;192;78;54;61;33;17;;8;4;9;3;;;;;;6;;;;;;;;;
13-54;338;131;104;92;54;35;;19;7;7;9;;;;;;13;;;;;;;;;
13-55;191;98;63;49;44;18;;12;3;15;2;;;;;;12;;;;;;;;;
13-56;298;145;81;82;63;41;;12;7;3;4;;;;;;9;;;;;;;;;
13-57;250;133;68;96;62;55;;9;1;6;5;;;;;;5;;;;;;;;;
13-58;283;101;98;81;64;48;;9;9;1;4;;;;;;3;;;;;;;;;
13-59;267;134;99;81;61;27;;10;10;2;0;;;;;;5;;;;;;;;;
13-60;285;93;93;86;52;21;;12;14;4;0;;;;;;7;;;;;;;;;
13-61;282;118;128;96;48;33;;14;4;5;8;;;;;;5;;;;;;;;;
13-62;321;179;146;91;66;20;;19;4;5;1;;;;;;8;;;;;;;;;
13-63;232;126;127;73;68;22;;16;3;5;1;;;;;;3;;;;;;;;;
13-64;267;99;97;67;50;42;;8;3;2;4;;;;;;6;;;;;;;;;
13-65;315;146;135;79;60;56;;5;4;4;3;;;;;;2;;;;;;;;;
13-66;243;138;138;103;55;34;;11;4;2;1;;;;;;10;;;;;;;;;
13-67;234;130;93;75;47;27;;6;10;2;3;;;;;;6;;;;;;;;;
13-68;308;77;76;77;35;49;;11;6;1;4;;;;;;7;;;;;;;;;
13-69;230;136;83;73;52;36;;9;7;2;2;;;;;;6;;;;;;;;;
13-70;211;91;64;45;42;43;;6;5;0;0;;;;;;19;;;;;;;;;
13-71;270;83;66;44;47;29;;14;2;7;7;;;;;;9;;;;;;;;;
14-1;224;103;87;70;97;24;;12;3;3;3;;;;;;;0;;;;;;;;
14-2;215;132;81;84;84;24;;11;5;5;4;;;;;;;5;;;;;;;;
14-3;257;162;150;97;99;22;;8;4;4;2;;;;;;;1;;;;;;;;
14-4;240;117;109;88;80;22;;8;5;11;2;;;;;;;3;;;;;;;;
14-5;238;126;101;60;88;19;;9;0;6;0;;;;;;;2;;;;;;;;
14-6;244;151;126;98;93;20;;8;3;2;2;;;;;;;4;;;;;;;;
14-7;237;132;105;94;73;21;;10;5;2;1;;;;;;;0;;;;;;;;
14-8;215;144;126;78;110;18;;15;4;8;4;;;;;;;0;;;;;;;;
14-9;258;131;116;80;98;20;;7;2;3;1;;;;;;;4;;;;;;;;
14-10;180;118;87;65;63;18;;18;4;9;1;;;;;;;5;;;;;;;;
14-11;188;124;112;82;73;22;;10;2;3;4;;;;;;;0;;;;;;;;
14-12;223;162;118;73;88;27;;19;7;5;5;;;;;;;2;;;;;;;;
14-13;262;151;105;88;90;21;;17;2;5;4;;;;;;;3;;;;;;;;
14-14;217;189;171;83;127;19;;18;2;1;3;;;;;;;1;;;;;;;;
14-15;245;133;103;73;90;30;;16;4;13;5;;;;;;;2;;;;;;;;
14-16;205;132;98;63;81;18;;10;1;4;6;;;;;;;4;;;;;;;;
14-17;253;133;125;85;106;17;;7;6;5;7;;;;;;;0;;;;;;;;
14-18;255;104;97;75;82;26;;8;3;3;5;;;;;;;2;;;;;;;;
14-19;228;108;76;105;74;22;;6;2;5;4;;;;;;;2;;;;;;;;
14-20;213;112;68;59;54;28;;4;4;9;6;;;;;;;2;;;;;;;;
14-21;202;108;42;45;32;18;;13;8;4;3;;;;;;;8;;;;;;;;
14-22;243;117;73;68;58;28;;15;6;23;4;;;;;;;2;;;;;;;;
14-23;263;124;82;82;92;27;;14;8;4;3;;;;;;;4;;;;;;;;
14-24;284;116;101;107;93;35;;4;3;10;5;;;;;;;1;;;;;;;;
14-25;246;139;124;100;76;28;;7;0;2;3;;;;;;;2;;;;;;;;
14-26;164;143;119;64;81;18;;5;5;2;6;;;;;;;4;;;;;;;;
14-27;105;132;123;39;65;7;;6;0;1;1;;;;;;;0;;;;;;;;
14-28;183;167;173;74;93;18;;10;4;2;3;;;;;;;0;;;;;;;;
14-29;257;114;107;99;99;22;;10;4;5;2;;;;;;;2;;;;;;;;
14-30;209;153;138;65;82;9;;15;3;6;6;;;;;;;1;;;;;;;;
14-31;194;154;155;65;101;12;;2;1;5;2;;;;;;;0;;;;;;;;
14-32;194;125;131;61;87;18;;15;8;11;6;;;;;;;2;;;;;;;;
14-33;207;166;124;97;89;20;;7;1;2;0;;;;;;;1;;;;;;;;
14-34;184;125;109;78;115;20;;7;9;4;1;;;;;;;2;;;;;;;;
14-35;217;145;155;71;114;14;;14;2;2;2;;;;;;;1;;;;;;;;
14-36;154;122;78;52;55;23;;11;8;5;3;;;;;;;3;;;;;;;;
14-37;212;139;89;77;69;27;;6;10;2;4;;;;;;;0;;;;;;;;
14-38;213;102;110;68;93;25;;10;0;1;0;;;;;;;5;;;;;;;;
14-39;179;140;107;78;87;24;;7;7;8;7;;;;;;;1;;;;;;;;
14-40;242;138;122;76;93;25;;7;1;7;2;;;;;;;3;;;;;;;;
14-41;217;137;130;77;85;39;;8;2;2;4;;;;;;;1;;;;;;;;
14-42;256;134;90;100;93;28;;11;1;4;0;;;;;;;4;;;;;;;;
14-43;241;155;96;89;85;28;;7;3;5;3;;;;;;;4;;;;;;;;
14-44;213;104;75;67;48;27;;16;6;16;5;;;;;;;0;;;;;;;;
14-45;176;131;53;47;26;33;;8;4;3;8;;;;;;;1;;;;;;;;
14-46;238;127;95;78;70;27;;15;5;1;4;;;;;;;4;;;;;;;;
14-47;168;151;73;63;43;17;;20;1;4;2;;;;;;;0;;;;;;;;
14-48;193;105;83;82;74;32;;12;3;2;4;;;;;;;0;;;;;;;;
14-49;285;170;94;71;89;24;;14;6;1;3;;;;;;;2;;;;;;;;
14-50;230;175;109;80;76;23;;6;3;4;1;;;;;;;3;;;;;;;;
14-51;179;114;84;41;48;20;;16;6;9;5;;;;;;;4;;;;;;;;
14-52;189;108;53;48;45;23;;14;3;23;10;;;;;;;3;;;;;;;;
14-53;154;104;63;56;50;35;;13;8;7;3;;;;;;;3;;;;;;;;
14-54;191;191;97;65;75;21;;8;8;9;2;;;;;;;3;;;;;;;;
14-55;231;137;103;64;82;29;;16;8;4;10;;;;;;;4;;;;;;;;
14-56;149;125;51;54;38;22;;15;6;7;4;;;;;;;8;;;;;;;;
14-57;130;85;42;33;36;26;;11;5;12;6;;;;;;;22;;;;;;;;
15-1;106;96;92;34;31;8;148;8;3;;;;;;;;;;;;;;;;;
15-2;124;161;115;48;33;13;169;16;0;;;;;;;;;;;;;;;;;
15-3;148;115;72;52;36;10;130;11;7;;;;;;;;;;;;;;;;;
15-4;134;128;111;51;52;13;149;11;1;;;;;;;;;;;;;;;;;
15-5;124;155;110;49;53;10;133;10;0;;;;;;;;;;;;;;;;;
15-6;143;148;108;51;60;13;166;13;4;;;;;;;;;;;;;;;;;
15-7;116;152;121;56;39;7;145;11;5;;;;;;;;;;;;;;;;;
15-8;124;140;140;42;55;12;120;8;2;;;;;;;;;;;;;;;;;
15-9;110;126;108;42;41;14;158;13;3;;;;;;;;;;;;;;;;;
15-10;106;155;118;32;32;13;104;14;2;;;;;;;;;;;;;;;;;
15-11;110;158;154;43;46;13;174;12;3;;;;;;;;;;;;;;;;;
15-12;144;165;159;69;50;8;162;17;2;;;;;;;;;;;;;;;;;
15-13;136;146;120;72;57;13;186;11;2;;;;;;;;;;;;;;;;;
15-14;87;203;166;37;55;15;170;9;2;;;;;;;;;;;;;;;;;
15-15;79;208;95;42;39;11;145;18;2;;;;;;;;;;;;;;;;;
15-16;118;260;158;38;53;7;176;16;4;;;;;;;;;;;;;;;;;
15-17;85;191;91;41;37;13;172;29;1;;;;;;;;;;;;;;;;;
15-18;61;172;107;36;42;8;128;22;0;;;;;;;;;;;;;;;;;
15-19;82;190;125;46;42;8;154;12;5;;;;;;;;;;;;;;;;;
15-20;75;219;105;41;56;3;142;7;1;;;;;;;;;;;;;;;;;
15-21;81;206;124;38;33;6;121;16;1;;;;;;;;;;;;;;;;;
15-22;90;186;147;36;38;10;131;9;1;;;;;;;;;;;;;;;;;
15-23;112;209;162;39;50;12;143;14;1;;;;;;;;;;;;;;;;;
15-24;88;239;136;49;48;10;125;17;1;;;;;;;;;;;;;;;;;
15-25;124;161;157;47;40;13;169;16;1;;;;;;;;;;;;;;;;;
15-26;140;124;128;60;49;9;123;16;4;;;;;;;;;;;;;;;;;
15-27;102;129;77;40;24;25;131;15;2;;;;;;;;;;;;;;;;;
15-28;141;150;129;36;33;13;145;5;6;;;;;;;;;;;;;;;;;
15-29;155;139;115;61;55;9;166;7;1;;;;;;;;;;;;;;;;;
15-30;168;175;139;60;36;7;155;8;3;;;;;;;;;;;;;;;;;
15-31;115;192;130;45;51;10;158;12;0;;;;;;;;;;;;;;;;;
15-32;148;165;143;68;43;9;138;20;2;;;;;;;;;;;;;;;;;
15-33;130;207;134;57;54;9;99;16;7;;;;;;;;;;;;;;;;;
15-34;148;164;127;62;60;15;155;11;4;;;;;;;;;;;;;;;;;
15-35;167;123;132;66;63;15;113;15;1;;;;;;;;;;;;;;;;;
15-36;165;156;120;57;62;23;120;11;4;;;;;;;;;;;;;;;;;
15-37;134;178;135;59;68;17;111;14;6;;;;;;;;;;;;;;;;;
15-38;140;137;77;61;39;15;119;12;5;;;;;;;;;;;;;;;;;
15-39;100;97;60;51;46;22;139;14;5;;;;;;;;;;;;;;;;;
15-40;113;117;74;51;34;13;123;13;8;;;;;;;;;;;;;;;;;
15-41;166;143;94;75;47;14;131;17;3;;;;;;;;;;;;;;;;;
15-42;69;108;69;24;20;13;105;10;4;;;;;;;;;;;;;;;;;
15-43;95;136;120;42;49;17;131;13;4;;;;;;;;;;;;;;;;;
15-44;163;117;106;63;45;20;125;15;2;;;;;;;;;;;;;;;;;
15-45;139;118;86;53;60;25;153;18;5;;;;;;;;;;;;;;;;;
15-46;138;138;108;56;53;12;133;12;2;;;;;;;;;;;;;;;;;
15-47;175;109;112;90;51;25;114;16;9;;;;;;;;;;;;;;;;;
15-48;101;108;43;48;24;14;112;18;6;;;;;;;;;;;;;;;;;
15-49;130;85;48;49;21;25;143;12;7;;;;;;;;;;;;;;;;;
15-50;141;85;71;55;52;19;121;12;4;;;;;;;;;;;;;;;;;
15-51;154;125;98;58;60;11;158;17;2;;;;;;;;;;;;;;;;;
15-52;119;123;61;43;38;10;126;24;5;;;;;;;;;;;;;;;;;
15-53;138;123;80;77;60;15;94;18;0;;;;;;;;;;;;;;;;;
15-54;145;138;100;69;56;14;112;19;1;;;;;;;;;;;;;;;;;
15-55;164;127;95;69;39;15;111;14;1;;;;;;;;;;;;;;;;;
15-56;165;158;121;76;60;21;143;16;6;;;;;;;;;;;;;;;;;
15-57;121;132;132;60;38;19;154;13;2;;;;;;;;;;;;;;;;;
15-58;181;114;117;50;37;15;138;6;2;;;;;;;;;;;;;;;;;
15-59;123;162;111;42;35;12;110;16;1;;;;;;;;;;;;;;;;;
15-60;141;169;141;53;40;17;179;11;1;;;;;;;;;;;;;;;;;
15-61;162;118;99;40;53;8;129;8;3;;;;;;;;;;;;;;;;;
15-62;162;129;106;54;54;11;155;17;2;;;;;;;;;;;;;;;;;
15-63;150;141;105;57;47;7;150;8;1;;;;;;;;;;;;;;;;;
15-64;89;142;83;46;36;5;182;12;0;;;;;;;;;;;;;;;;;
15-65;110;107;93;57;38;18;175;16;0;;;;;;;;;;;;;;;;;
15-66;104;165;107;31;34;13;164;11;2;;;;;;;;;;;;;;;;;
15-67;129;120;94;57;52;11;117;13;1;;;;;;;;;;;;;;;;;
15-68;153;160;130;69;61;14;146;10;1;;;;;;;;;;;;;;;;;
15-69;151;137;72;59;48;17;130;10;1;;;;;;;;;;;;;;;;;
15-70;180;136;112;72;62;17;176;12;2;;;;;;;;;;;;;;;;;
15-71;140;159;101;48;57;15;161;7;4;;;;;;;;;;;;;;;;;
15-72;119;111;77;40;47;9;127;9;2;;;;;;;;;;;;;;;;;
15-73;108;141;104;45;44;7;113;17;3;;;;;;;;;;;;;;;;;
15-74;117;166;98;57;45;11;140;7;1;;;;;;;;;;;;;;;;;
15-75;107;156;118;50;37;16;138;14;2;;;;;;;;;;;;;;;;;
15-76;112;51;32;37;23;25;66;12;2;;;;;;;;;;;;;;;;;
15-77;140;156;88;41;52;13;110;10;1;;;;;;;;;;;;;;;;;
15-78;105;100;70;36;17;16;99;12;4;;;;;;;;;;;;;;;;;
15-79;113;127;94;46;48;12;104;17;2;;;;;;;;;;;;;;;;;
15-80;120;158;99;64;48;17;114;18;3;;;;;;;;;;;;;;;;;
15-81;126;157;125;53;55;14;120;20;3;;;;;;;;;;;;;;;;;
15-82;117;136;91;43;32;9;90;16;7;;;;;;;;;;;;;;;;;
15-83;119;205;138;55;48;4;135;8;0;;;;;;;;;;;;;;;;;
15-84;110;128;107;47;54;10;138;7;3;;;;;;;;;;;;;;;;;
15-85;196;146;116;64;49;14;145;16;3;;;;;;;;;;;;;;;;;
15-86;97;140;74;42;42;11;125;14;2;;;;;;;;;;;;;;;;;
15-87;146;111;92;58;54;7;127;15;3;;;;;;;;;;;;;;;;;
15-88;122;151;112;36;55;8;166;13;3;;;;;;;;;;;;;;;;;
15-89;114;185;115;36;42;5;125;11;2;;;;;;;;;;;;;;;;;
15-90;129;139;108;41;45;5;128;4;0;;;;;;;;;;;;;;;;;
15-91;107;140;140;66;49;7;169;8;1;;;;;;;;;;;;;;;;;
15-92;127;150;80;56;49;16;149;11;1;;;;;;;;;;;;;;;;;
15-93;128;128;91;62;42;17;146;22;6;;;;;;;;;;;;;;;;;
15-94;114;89;69;35;26;16;117;9;5;;;;;;;;;;;;;;;;;
15-95;114;123;88;26;30;16;113;22;5;;;;;;;;;;;;;;;;;
16-1;31;306;127;26;25;3;;3;;0;5;;39;12;;;;;;;;;;;;
16-2;25;348;161;13;26;1;;8;;1;3;;42;27;;;;;;;;;;;;
16-3;28;302;121;15;19;0;;3;;0;0;;22;14;;;;;;;;;;;;
16-4;27;327;152;15;19;1;;3;;0;1;;37;19;;;;;;;;;;;;
16-5;31;263;127;27;27;0;;6;;4;3;;33;16;;;;;;;;;;;;
16-6;45;289;137;21;28;0;;8;;1;1;;31;14;;;;;;;;;;;;
16-7;36;259;124;26;28;4;;2;;1;3;;21;16;;;;;;;;;;;;
16-8;27;305;121;12;18;0;;6;;3;3;;34;16;;;;;;;;;;;;
16-9;28;253;127;19;15;3;;1;;2;3;;21;17;;;;;;;;;;;;
16-10;42;263;153;15;37;3;;10;;6;3;;42;17;;;;;;;;;;;;
16-11;34;254;143;13;20;2;;5;;0;1;;36;11;;;;;;;;;;;;
16-12;34;211;128;23;28;6;;8;;1;3;;38;13;;;;;;;;;;;;
16-13;53;271;123;23;41;2;;14;;0;2;;24;18;;;;;;;;;;;;
16-14;41;249;140;23;24;2;;11;;4;2;;41;17;;;;;;;;;;;;
16-15;35;264;142;14;23;3;;5;;0;1;;21;9;;;;;;;;;;;;
16-16;51;259;174;25;38;3;;4;;0;4;;40;26;;;;;;;;;;;;
16-17;30;328;156;16;37;2;;1;;0;2;;56;29;;;;;;;;;;;;
16-18;35;288;174;21;15;3;;6;;6;4;;22;16;;;;;;;;;;;;
16-19;51;230;133;22;43;2;;2;;1;3;;22;21;;;;;;;;;;;;
16-20;43;306;161;13;36;0;;8;;5;6;;56;23;;;;;;;;;;;;
16-21;54;290;177;35;41;7;;4;;2;3;;23;24;;;;;;;;;;;;
16-22;54;334;180;20;37;2;;6;;6;6;;30;30;;;;;;;;;;;;
16-23;38;370;131;16;32;3;;7;;4;6;;30;18;;;;;;;;;;;;
16-24;34;310;122;23;27;0;;2;;1;3;;18;23;;;;;;;;;;;;
16-25;57;280;123;28;37;6;;11;;5;3;;18;21;;;;;;;;;;;;
16-26;38;270;154;21;32;2;;5;;1;3;;51;18;;;;;;;;;;;;
16-27;40;266;130;24;31;1;;12;;1;1;;37;27;;;;;;;;;;;;
16-28;52;254;135;21;25;0;;6;;0;2;;25;17;;;;;;;;;;;;
16-29;45;247;141;16;21;3;;3;;2;5;;30;16;;;;;;;;;;;;
16-30;70;261;121;25;35;8;;5;;1;3;;12;17;;;;;;;;;;;;
16-31;51;272;130;26;38;1;;12;;0;1;;31;26;;;;;;;;;;;;
16-32;87;258;113;45;35;5;;17;;1;4;;32;17;;;;;;;;;;;;
16-33;76;294;151;26;39;6;;7;;0;2;;33;13;;;;;;;;;;;;
16-34;45;323;172;14;30;4;;10;;3;3;;22;19;;;;;;;;;;;;
16-35;21;289;130;20;36;3;;3;;1;3;;37;14;;;;;;;;;;;;
16-36;67;230;117;24;42;8;;3;;3;5;;20;20;;;;;;;;;;;;
16-37;53;256;151;24;30;1;;6;;1;4;;25;24;;;;;;;;;;;;
16-38;67;282;187;28;43;1;;8;;4;3;;39;15;;;;;;;;;;;;
16-39;65;251;130;40;38;4;;14;;2;1;;21;16;;;;;;;;;;;;
16-40;71;232;97;32;35;8;;10;;0;6;;20;17;;;;;;;;;;;;
16-41;88;253;119;40;53;2;;11;;4;8;;33;18;;;;;;;;;;;;
16-42;39;215;128;23;31;1;;6;;0;2;;21;3;;;;;;;;;;;;
16-43;53;220;111;26;31;7;;6;;5;3;;39;21;;;;;;;;;;;;
16-44;77;174;75;30;15;9;;8;;2;4;;39;20;;;;;;;;;;;;
16-45;50;170;96;26;41;3;;10;;0;0;;38;18;;;;;;;;;;;;
16-46;68;166;72;25;25;5;;9;;3;2;;20;21;;;;;;;;;;;;
16-47;82;263;107;32;40;5;;11;;3;8;;67;16;;;;;;;;;;;;
16-48;70;276;133;24;49;5;;7;;2;0;;24;21;;;;;;;;;;;;
16-49;45;318;130;36;49;2;;6;;4;1;;54;35;;;;;;;;;;;;
16-50;65;362;186;36;35;1;;7;;2;10;;30;27;;;;;;;;;;;;
16-51;53;321;152;24;33;2;;6;;1;6;;24;17;;;;;;;;;;;;
16-52;57;295;127;32;27;4;;1;;0;0;;23;25;;;;;;;;;;;;
16-53;35;247;103;12;36;2;;3;;0;4;;22;14;;;;;;;;;;;;
16-54;30;214;146;13;29;1;;7;;0;8;;14;20;;;;;;;;;;;;
16-55;32;349;140;20;30;4;;6;;2;2;;38;26;;;;;;;;;;;;
16-56;25;296;122;20;20;0;;8;;1;1;;32;25;;;;;;;;;;;;
16-57;37;260;118;27;33;2;;6;;1;2;;30;23;;;;;;;;;;;;
16-58;20;262;123;15;20;1;;3;;1;3;;24;15;;;;;;;;;;;;
16-59;28;328;164;12;42;3;;3;;1;5;;30;18;;;;;;;;;;;;
16-60;29;311;135;22;25;1;;4;;0;4;;32;18;;;;;;;;;;;;
16-61;18;277;139;14;36;1;;4;;0;1;;15;15;;;;;;;;;;;;
16-62;56;288;147;24;34;6;;9;;1;2;;17;16;;;;;;;;;;;;
16-63;56;264;130;23;42;6;;6;;2;1;;20;21;;;;;;;;;;;;
16-64;33;229;115;21;29;3;;3;;1;4;;18;9;;;;;;;;;;;;
16-65;41;242;135;17;28;3;;7;;1;6;;30;14;;;;;;;;;;;;
16-66;27;201;106;16;24;3;;2;;3;3;;17;7;;;;;;;;;;;;
16-67;33;233;102;20;27;1;;3;;1;2;;12;24;;;;;;;;;;;;
16-68;44;228;95;10;26;2;;10;;1;0;;26;16;;;;;;;;;;;;
17-1;157;172;134;81;47;13;;8;4;8;0;;;;;;;;;;;;;;;
17-2;128;182;154;63;45;10;;5;4;5;0;;;;;;;;;;;;;;;
17-3;169;179;155;101;36;13;;4;4;6;0;;;;;;;;;;;;;;;
17-4;163;162;149;86;36;19;;7;7;10;4;;;;;;;;;;;;;;;
17-5;107;249;144;92;48;12;;10;0;6;2;;;;;;;;;;;;;;;
17-6;91;192;178;69;48;13;;5;3;6;0;;;;;;;;;;;;;;;
17-7;158;193;181;76;41;18;;11;4;2;1;;;;;;;;;;;;;;;
17-8;133;240;196;84;47;10;;10;0;7;3;;;;;;;;;;;;;;;
17-9;168;245;181;124;56;22;;3;3;5;2;;;;;;;;;;;;;;;
17-10;97;227;156;61;34;11;;6;2;0;1;;;;;;;;;;;;;;;
17-11;109;271;146;67;52;14;;16;4;4;2;;;;;;;;;;;;;;;
17-12;112;234;189;79;45;14;;10;0;3;1;;;;;;;;;;;;;;;
17-13;131;216;176;83;48;21;;15;5;6;3;;;;;;;;;;;;;;;
17-14;82;310;175;68;36;8;;11;0;6;6;;;;;;;;;;;;;;;
17-15;62;299;160;46;29;10;;12;1;5;4;;;;;;;;;;;;;;;
17-16;206;399;138;83;43;34;;13;9;6;7;;;;;;;;;;;;;;;
17-17;111;252;90;39;31;23;;11;7;4;8;;;;;;;;;;;;;;;
17-18;134;172;78;47;42;26;;9;6;1;6;;;;;;;;;;;;;;;
17-19;109;127;39;29;20;20;;8;6;4;4;;;;;;;;;;;;;;;
17-20;92;160;44;31;26;23;;12;9;8;1;;;;;;;;;;;;;;;
17-21;161;150;97;80;35;21;;6;4;5;3;;;;;;;;;;;;;;;
17-22;146;126;83;63;31;27;;13;4;3;3;;;;;;;;;;;;;;;
17-23;84;133;51;34;19;21;;13;8;2;4;;;;;;;;;;;;;;;
17-24;141;120;90;77;39;25;;14;7;2;2;;;;;;;;;;;;;;;
17-25;233;198;111;54;60;29;;13;6;4;4;;;;;;;;;;;;;;;
17-26;147;119;110;78;48;15;;12;5;9;4;;;;;;;;;;;;;;;
17-27;143;173;85;81;41;26;;14;9;8;5;;;;;;;;;;;;;;;
17-28;155;220;152;90;44;24;;9;2;4;5;;;;;;;;;;;;;;;
17-29;225;172;131;106;49;25;;10;7;4;2;;;;;;;;;;;;;;;
17-30;191;172;93;94;33;25;;8;1;2;2;;;;;;;;;;;;;;;
17-31;160;156;120;95;40;21;;5;5;2;3;;;;;;;;;;;;;;;
17-32;133;171;136;84;58;25;;14;4;3;4;;;;;;;;;;;;;;;
17-33;201;153;101;98;49;27;;4;2;2;3;;;;;;;;;;;;;;;
17-34;152;149;115;129;55;18;;12;2;1;5;;;;;;;;;;;;;;;
17-35;135;155;117;95;37;18;;13;3;6;1;;;;;;;;;;;;;;;
17-36;73;233;91;36;24;17;;15;7;3;2;;;;;;;;;;;;;;;
17-37;43;379;132;22;29;7;;9;0;5;3;;;;;;;;;;;;;;;
17-38;77;325;100;49;27;19;;14;5;4;4;;;;;;;;;;;;;;;
17-39;67;228;56;27;25;22;;11;6;7;4;;;;;;;;;;;;;;;
17-40;72;347;167;35;26;14;;19;2;4;5;;;;;;;;;;;;;;;
17-41;47;331;170;25;35;4;;17;1;3;5;;;;;;;;;;;;;;;
17-42;49;345;205;37;36;2;;9;0;1;1;;;;;;;;;;;;;;;
17-43;53;302;199;40;33;3;;21;0;1;2;;;;;;;;;;;;;;;
17-44;74;313;166;35;37;4;;14;2;0;3;;;;;;;;;;;;;;;
17-45;69;312;171;38;41;2;;16;0;3;2;;;;;;;;;;;;;;;
17-46;104;262;186;38;36;8;;11;7;3;1;;;;;;;;;;;;;;;
17-47;65;359;192;31;21;3;;8;0;1;0;;;;;;;;;;;;;;;
17-48;45;254;203;38;45;7;;10;0;1;0;;;;;;;;;;;;;;;
17-49;51;348;162;22;35;3;;17;0;2;1;;;;;;;;;;;;;;;
17-50;56;337;191;39;29;2;;9;0;1;0;;;;;;;;;;;;;;;
17-51;56;328;168;42;30;3;;13;1;7;1;;;;;;;;;;;;;;;
17-52;78;338;173;44;29;7;;14;1;3;0;;;;;;;;;;;;;;;
17-53;82;333;153;41;35;4;;12;0;4;6;;;;;;;;;;;;;;;
17-54;69;347;175;43;35;7;;5;0;4;3;;;;;;;;;;;;;;;
17-55;59;346;198;49;36;6;;14;1;1;2;;;;;;;;;;;;;;;
17-56;94;338;169;59;32;3;;6;1;1;4;;;;;;;;;;;;;;;
17-57;75;262;92;34;25;15;;15;4;3;6;;;;;;;;;;;;;;;
17-58;97;299;98;43;28;9;;20;2;1;3;;;;;;;;;;;;;;;
17-59;47;283;137;31;33;1;;18;3;3;4;;;;;;;;;;;;;;;
17-60;73;325;159;35;36;5;;13;1;3;2;;;;;;;;;;;;;;;
17-61;63;376;166;30;33;2;;16;3;0;4;;;;;;;;;;;;;;;
17-62;75;328;193;30;36;8;;7;0;6;2;;;;;;;;;;;;;;;
17-63;90;276;137;28;42;5;;10;0;4;3;;;;;;;;;;;;;;;
17-64;56;325;186;32;37;5;;8;0;0;2;;;;;;;;;;;;;;;
17-65;62;308;182;38;28;1;;9;1;6;0;;;;;;;;;;;;;;;
17-66;75;278;172;44;54;4;;9;2;3;2;;;;;;;;;;;;;;;
17-67;81;318;178;41;30;8;;14;0;1;5;;;;;;;;;;;;;;;
18-1;222;84;138;131;31;59;;2;6;4;1;22;;;;;;1;;;;;0;2;;
18-2;189;76;139;115;53;32;;6;3;7;4;17;;;;;;1;;;;;0;1;;
18-3;163;116;151;95;40;25;;5;5;1;5;37;;;;;;3;;;;;1;2;;
18-4;232;110;149;147;48;63;;5;1;5;5;26;;;;;;4;;;;;2;1;;
18-5;191;72;143;95;47;34;;5;2;2;2;7;;;;;;0;;;;;0;0;;
18-6;230;68;130;121;22;53;;3;3;8;2;17;;;;;;0;;;;;4;2;;
18-7;227;41;86;120;40;61;;5;4;7;2;18;;;;;;2;;;;;4;2;;
18-8;201;35;110;130;21;72;;8;0;3;4;37;;;;;;3;;;;;5;24;;
18-9;260;62;128;134;35;42;;5;6;5;2;22;;;;;;2;;;;;0;2;;
18-10;218;54;109;156;34;90;;4;2;9;6;19;;;;;;7;;;;;4;0;;
18-11;208;64;114;152;39;64;;10;5;6;3;19;;;;;;1;;;;;3;1;;
18-12;171;65;90;73;24;60;;11;2;3;6;10;;;;;;5;;;;;5;1;;
18-13;116;48;42;42;60;41;;6;6;7;1;8;;;;;;2;;;;;2;1;;
18-14;187;67;100;148;45;102;;4;4;9;5;13;;;;;;5;;;;;7;2;;
18-15;210;63;71;132;32;68;;6;2;2;4;12;;;;;;4;;;;;4;2;;
18-16;203;75;108;121;31;64;;8;4;8;1;20;;;;;;4;;;;;2;2;;
18-17;258;55;100;154;39;108;;10;5;5;6;21;;;;;;2;;;;;2;6;;
18-18;299;51;97;168;33;103;;6;8;9;3;22;;;;;;3;;;;;1;5;;
18-19;263;64;117;172;40;72;;5;3;3;2;25;;;;;;4;;;;;4;2;;
18-20;270;56;114;126;43;68;;5;6;3;3;24;;;;;;3;;;;;5;1;;
18-21;250;66;125;130;57;71;;5;2;9;3;16;;;;;;2;;;;;0;0;;
18-22;187;71;125;102;43;45;;5;4;6;1;18;;;;;;0;;;;;1;0;;
18-23;187;56;145;105;46;53;;6;2;3;5;17;;;;;;3;;;;;0;1;;
18-24;220;81;149;107;38;65;;3;4;5;3;9;;;;;;3;;;;;1;0;;
18-25;177;115;207;82;52;28;;5;2;1;2;17;;;;;;4;;;;;2;1;;
18-26;188;64;113;118;41;45;;5;3;4;1;16;;;;;;4;;;;;4;1;;
18-27;191;45;98;113;46;49;;7;2;5;4;14;;;;;;2;;;;;0;0;;
18-28;214;105;170;126;57;45;;6;4;7;2;26;;;;;;3;;;;;3;0;;
18-29;207;110;146;106;49;45;;7;3;2;2;19;;;;;;1;;;;;5;1;;
18-30;254;112;168;118;41;39;;5;3;3;4;28;;;;;;3;;;;;5;1;;
18-31;289;113;149;124;32;37;;10;11;2;4;23;;;;;;3;;;;;0;0;;
18-32;192;101;158;102;48;60;;17;6;3;4;12;;;;;;4;;;;;3;2;;
18-33;187;81;148;115;32;42;;4;7;9;3;22;;;;;;2;;;;;6;1;;
18-34;183;109;135;111;35;47;;5;4;6;4;29;;;;;;0;;;;;4;1;;
18-35;170;90;188;92;43;33;;2;1;3;1;27;;;;;;5;;;;;4;0;;
18-36;183;80;140;120;39;43;;6;1;6;8;15;;;;;;0;;;;;3;1;;
18-37;211;119;153;115;36;25;;2;0;10;3;21;;;;;;2;;;;;4;2;;
18-38;196;105;127;121;40;58;;4;3;4;2;27;;;;;;2;;;;;5;2;;
18-39;174;109;110;120;47;59;;8;4;4;2;28;;;;;;4;;;;;3;0;;
18-40;183;101;173;97;77;39;;9;6;5;2;26;;;;;;2;;;;;2;0;;
18-41;201;85;119;111;42;60;;13;3;6;4;21;;;;;;5;;;;;3;2;;
18-42;185;74;88;104;38;38;;9;5;7;5;15;;;;;;0;;;;;4;1;;
18-43;158;101;106;82;49;41;;4;5;6;5;26;;;;;;1;;;;;1;1;;
18-44;80;42;56;30;20;40;;6;1;2;1;7;;;;;;2;;;;;0;2;;
18-45;173;63;83;75;41;53;;2;2;4;4;5;;;;;;5;;;;;3;0;;
18-46;168;90;133;96;44;38;;4;5;9;1;17;;;;;;5;;;;;0;0;;
18-47;194;59;92;113;28;39;;2;2;3;3;19;;;;;;3;;;;;1;2;;
18-48;180;51;66;116;33;65;;7;2;4;3;16;;;;;;4;;;;;2;3;;
18-49;73;43;61;31;55;29;;3;4;2;5;3;;;;;;1;;;;;3;1;;
18-50;88;46;44;18;45;26;;5;9;1;3;8;;;;;;2;;;;;3;0;;
18-51;151;60;59;46;62;53;;2;2;6;4;17;;;;;;3;;;;;1;2;;
18-52;247;77;88;154;43;83;;5;9;7;2;49;;;;;;3;;;;;5;5;;
18-53;178;44;73;110;16;81;;6;7;1;4;20;;;;;;5;;;;;1;4;;
18-54;188;42;47;64;20;50;;6;7;4;2;19;;;;;;5;;;;;1;1;;
18-55;233;45;46;142;23;107;;6;5;6;1;19;;;;;;6;;;;;3;3;;
18-56;150;43;47;71;36;74;;1;3;4;0;26;;;;;;3;;;;;2;0;;
18-57;238;52;76;126;24;108;;6;4;10;4;27;;;;;;3;;;;;2;0;;
18-58;223;49;70;103;20;95;;5;5;6;1;44;;;;;;2;;;;;1;3;;
18-59;223;55;65;98;20;80;;8;9;2;5;32;;;;;;3;;;;;3;0;;
18-60;275;65;63;140;27;90;;8;7;11;1;53;;;;;;2;;;;;5;2;;
18-61;288;52;100;116;32;77;;7;4;3;0;40;;;;;;2;;;;;0;2;;
18-62;206;55;59;120;29;81;;5;6;5;3;35;;;;;;5;;;;;4;3;;
18-63;186;67;60;78;32;67;;10;3;4;4;34;;;;;;3;;;;;5;3;;
18-64;161;61;59;46;39;49;;3;5;5;4;34;;;;;;3;;;;;2;1;;
18-65;100;69;57;32;47;45;;4;1;1;8;35;;;;;;2;;;;;3;1;;
18-66;223;62;126;121;30;53;;2;2;7;3;22;;;;;;2;;;;;1;1;;
18-67;187;69;72;113;33;49;;6;4;2;3;14;;;;;;1;;;;;3;1;;
18-68;181;45;67;102;28;84;;6;3;5;4;17;;;;;;2;;;;;4;0;;
19-1;261;80;57;62;42;38;;9;4;;4;;;;;;;5;;;;;;;;
19-2;243;58;52;92;23;51;;13;6;;1;;;;;;;3;;;;;;;;
19-3;158;67;54;54;29;26;;10;1;;1;;;;;;;8;;;;;;;;
19-4;211;61;63;77;35;51;;6;5;;2;;;;;;;3;;;;;;;;
19-5;222;81;97;64;26;36;;7;2;;2;;;;;;;1;;;;;;;;
19-6;213;85;69;88;38;54;;11;2;;1;;;;;;;4;;;;;;;;
19-7;209;103;92;67;25;37;;9;7;;1;;;;;;;2;;;;;;;;
19-8;156;73;44;55;29;30;;7;6;;3;;;;;;;2;;;;;;;;
19-9;237;100;82;116;41;76;;11;9;;5;;;;;;;4;;;;;;;;
19-10;309;74;90;145;32;47;;8;3;;2;;;;;;;3;;;;;;;;
19-11;297;72;78;126;42;53;;3;10;;1;;;;;;;3;;;;;;;;
19-12;341;65;67;152;30;61;;14;1;;4;;;;;;;4;;;;;;;;
19-13;316;72;73;120;32;63;;8;2;;2;;;;;;;2;;;;;;;;
19-14;315;60;51;120;33;67;;13;6;;4;;;;;;;8;;;;;;;;
19-15;312;61;67;118;31;54;;11;3;;3;;;;;;;3;;;;;;;;
19-16;336;92;102;110;41;41;;10;3;;3;;;;;;;6;;;;;;;;
19-17;247;104;85;78;44;44;;6;5;;2;;;;;;;5;;;;;;;;
19-18;90;43;17;28;17;23;;8;1;;2;;;;;;;2;;;;;;;;
19-19;102;47;25;27;13;30;;9;8;;3;;;;;;;6;;;;;;;;
19-20;153;97;48;44;15;42;;8;3;;1;;;;;;;7;;;;;;;;
19-21;237;68;64;92;34;92;;8;5;;1;;;;;;;5;;;;;;;;
19-22;153;54;40;32;22;44;;5;7;;3;;;;;;;2;;;;;;;;
19-23;244;57;53;81;31;37;;3;9;;7;;;;;;;0;;;;;;;;
19-24;191;93;79;58;23;34;;9;8;;4;;;;;;;5;;;;;;;;
19-25;239;80;67;93;29;44;;9;3;;4;;;;;;;2;;;;;;;;
19-26;234;81;57;59;25;46;;7;4;;5;;;;;;;1;;;;;;;;
19-27;286;99;60;124;24;56;;12;1;;4;;;;;;;5;;;;;;;;
19-28;230;87;114;123;58;72;;8;3;;2;;;;;;;6;;;;;;;;
19-29;212;77;71;81;31;46;;10;2;;5;;;;;;;4;;;;;;;;
19-30;273;125;93;108;58;41;;4;1;;5;;;;;;;3;;;;;;;;
19-31;255;74;81;119;38;54;;9;3;;1;;;;;;;4;;;;;;;;
19-32;350;71;66;131;39;59;;8;6;;0;;;;;;;2;;;;;;;;
19-33;211;65;59;52;26;26;;10;10;;1;;;;;;;2;;;;;;;;
19-34;215;79;78;86;43;54;;13;0;;2;;;;;;;4;;;;;;;;
19-35;117;47;37;44;24;36;;12;0;;1;;;;;;;2;;;;;;;;
19-36;207;86;53;50;16;50;;10;7;;5;;;;;;;5;;;;;;;;
19-37;199;68;39;52;22;39;;14;4;;6;;;;;;;4;;;;;;;;
19-38;208;59;51;79;26;68;;12;4;;0;;;;;;;4;;;;;;;;
19-39;251;78;43;75;41;55;;17;8;;2;;;;;;;1;;;;;;;;
19-40;169;83;48;66;23;44;;21;7;;5;;;;;;;3;;;;;;;;
19-41;173;79;64;44;23;41;;8;6;;4;;;;;;;2;;;;;;;;
19-42;117;49;30;23;16;25;;6;9;;2;;;;;;;5;;;;;;;;
19-43;112;70;31;31;19;27;;11;10;;6;;;;;;;6;;;;;;;;
19-44;124;68;46;42;25;31;;15;8;;3;;;;;;;2;;;;;;;;
19-45;213;63;51;62;22;49;;13;8;;3;;;;;;;1;;;;;;;;
19-46;257;70;73;89;37;62;;6;5;;3;;;;;;;1;;;;;;;;
19-47;302;104;88;97;52;47;;10;9;;7;;;;;;;4;;;;;;;;
19-48;283;88;83;133;35;65;;10;3;;4;;;;;;;5;;;;;;;;
19-49;231;54;47;107;33;39;;8;4;;1;;;;;;;3;;;;;;;;
19-50;180;38;53;52;29;58;;4;2;;2;;;;;;;7;;;;;;;;
19-51;142;99;60;32;32;40;;10;6;;3;;;;;;;3;;;;;;;;
19-52;216;79;74;62;35;43;;9;7;;3;;;;;;;5;;;;;;;;
19-53;168;106;74;51;26;40;;13;5;;4;;;;;;;2;;;;;;;;
19-54;262;65;63;79;32;43;;12;2;;5;;;;;;;7;;;;;;;;
19-55;161;60;33;37;13;29;;14;3;;10;;;;;;;7;;;;;;;;
19-56;186;72;44;52;23;36;;14;2;;7;;;;;;;3;;;;;;;;
19-57;124;69;34;29;17;16;;11;5;;4;;;;;;;2;;;;;;;;
19-58;299;75;68;140;42;60;;9;5;;1;;;;;;;8;;;;;;;;
19-59;249;97;80;101;47;38;;12;7;;1;;;;;;;3;;;;;;;;
19-60;250;65;66;87;39;59;;9;4;;0;;;;;;;4;;;;;;;;
19-61;244;72;56;104;26;45;;5;6;;4;;;;;;;2;;;;;;;;
19-62;233;83;44;109;32;39;;10;4;;4;;;;;;;11;;;;;;;;
19-63;195;77;83;71;36;42;;11;7;;1;;;;;;;3;;;;;;;;
19-64;244;84;60;95;34;59;;13;7;;6;;;;;;;5;;;;;;;;
19-65;229;94;82;77;48;36;;6;2;;1;;;;;;;2;;;;;;;;
19-66;244;70;83;104;48;32;;19;6;;7;;;;;;;5;;;;;;;;
19-67;224;52;35;94;35;74;;10;3;;2;;;;;;;6;;;;;;;;
19-68;204;76;48;57;17;44;;9;3;;2;;;;;;;2;;;;;;;;
19-69;206;54;37;86;23;33;;9;9;;6;;;;;;;3;;;;;;;;
19-70;183;75;50;47;41;49;;11;3;;1;;;;;;;0;;;;;;;;
19-71;131;71;37;28;11;29;;6;3;;2;;;;;;;1;;;;;;;;
20-1;219;95;66;56;34;48;;10;9;12;4;6;;;;;;;;;;;;;;
20-2;205;90;75;32;43;50;;7;0;3;3;8;;;;;;;;;;;;;;
20-3;247;78;62;68;42;55;;6;4;12;3;7;;;;;;;;;;;;;;
20-4;243;79;93;75;43;66;;7;7;7;4;5;;;;;;;;;;;;;;
20-5;270;84;100;80;48;33;;9;4;8;0;5;;;;;;;;;;;;;;
20-6;201;100;71;82;48;66;;14;6;8;3;11;;;;;;;;;;;;;;
20-7;173;80;73;68;57;47;;5;6;6;3;5;;;;;;;;;;;;;;
20-8;228;55;100;78;60;48;;1;6;6;1;8;;;;;;;;;;;;;;
20-9;210;71;73;62;39;58;;6;8;8;2;6;;;;;;;;;;;;;;
20-10;187;62;40;36;22;49;;13;4;8;0;3;;;;;;;;;;;;;;
20-11;252;73;52;49;37;67;;10;6;6;9;4;;;;;;;;;;;;;;
20-12;268;51;70;81;38;73;;5;3;4;1;6;;;;;;;;;;;;;;
20-13;298;49;59;82;29;106;;8;8;2;1;7;;;;;;;;;;;;;;
20-14;311;54;77;99;55;78;;9;15;5;3;10;;;;;;;;;;;;;;
20-15;224;87;77;83;45;59;;16;5;5;4;4;;;;;;;;;;;;;;
20-16;269;154;96;72;42;65;;15;5;13;2;15;;;;;;;;;;;;;;
20-17;187;82;74;54;41;71;;12;9;4;4;11;;;;;;;;;;;;;;
20-18;152;85;56;45;32;49;;13;8;4;4;6;;;;;;;;;;;;;;
20-19;224;111;87;54;48;58;;20;4;7;7;11;;;;;;;;;;;;;;
20-20;197;76;58;57;35;55;;15;9;15;2;10;;;;;;;;;;;;;;
20-21;140;87;82;39;39;33;;13;11;14;2;11;;;;;;;;;;;;;;
20-22;196;121;61;69;50;53;;9;5;5;3;10;;;;;;;;;;;;;;
20-23;201;136;113;51;47;68;;18;5;12;3;12;;;;;;;;;;;;;;
20-24;215;88;90;88;38;56;;15;2;2;2;8;;;;;;;;;;;;;;
20-25;322;76;80;87;38;70;;7;9;5;3;5;;;;;;;;;;;;;;
20-26;203;58;56;55;38;64;;9;4;5;4;8;;;;;;;;;;;;;;
20-27;189;103;78;43;57;56;;16;3;4;2;12;;;;;;;;;;;;;;
20-28;158;108;89;50;37;42;;11;3;8;3;13;;;;;;;;;;;;;;
20-29;210;111;88;56;52;52;;8;3;10;1;10;;;;;;;;;;;;;;
20-30;126;82;50;24;25;48;;10;4;4;3;14;;;;;;;;;;;;;;
20-31;188;123;56;50;38;45;;14;7;4;2;11;;;;;;;;;;;;;;
20-32;213;101;55;52;47;38;;19;1;9;4;9;;;;;;;;;;;;;;
20-33;98;95;42;17;19;33;;18;6;4;3;6;;;;;;;;;;;;;;
20-34;149;78;43;40;23;52;;19;4;15;14;8;;;;;;;;;;;;;;
20-35;131;77;57;25;19;41;;33;7;7;5;4;;;;;;;;;;;;;;
20-36;104;68;49;39;17;37;;5;11;3;2;5;;;;;;;;;;;;;;
20-37;186;58;54;46;52;58;;11;6;12;1;5;;;;;;;;;;;;;;
20-38;193;71;48;47;34;53;;13;6;29;4;7;;;;;;;;;;;;;;
20-39;118;88;46;42;29;57;;18;6;25;6;10;;;;;;;;;;;;;;
20-40;155;86;78;37;38;54;;12;6;21;2;13;;;;;;;;;;;;;;
20-41;160;76;56;39;33;51;;22;5;12;3;10;;;;;;;;;;;;;;
20-42;243;83;63;74;49;78;;13;7;8;4;12;;;;;;;;;;;;;;
20-43;301;94;101;88;51;102;;15;6;9;0;7;;;;;;;;;;;;;;
20-44;344;92;103;82;62;76;;18;8;18;4;4;;;;;;;;;;;;;;
20-45;302;79;116;110;54;81;;16;6;17;6;11;;;;;;;;;;;;;;
20-46;251;84;94;73;44;66;;10;5;10;1;8;;;;;;;;;;;;;;
20-47;253;69;80;71;53;77;;12;1;9;5;9;;;;;;;;;;;;;;
20-48;329;98;94;119;45;57;;13;8;6;4;11;;;;;;;;;;;;;;
20-49;357;74;108;120;42;76;;11;6;15;6;6;;;;;;;;;;;;;;
20-50;330;106;126;114;65;61;;11;4;2;3;7;;;;;;;;;;;;;;
20-51;302;117;119;84;54;44;;14;3;9;3;20;;;;;;;;;;;;;;
20-52;216;107;79;49;40;80;;14;3;3;3;11;;;;;;;;;;;;;;
20-53;221;115;107;75;51;55;;10;5;15;1;16;;;;;;;;;;;;;;
20-54;145;65;51;36;38;58;;8;8;4;1;12;;;;;;;;;;;;;;
20-55;117;83;48;37;28;45;;15;9;17;5;6;;;;;;;;;;;;;;
20-56;135;71;57;42;43;26;;10;4;2;8;10;;;;;;;;;;;;;;
20-57;196;123;102;51;41;59;;7;2;4;2;16;;;;;;;;;;;;;;
20-58;309;73;80;86;56;65;;13;8;10;4;7;;;;;;;;;;;;;;
20-59;267;91;100;105;52;95;;9;2;4;2;3;;;;;;;;;;;;;;
20-60;231;92;103;61;47;55;;7;1;10;8;6;;;;;;;;;;;;;;
20-61;251;54;77;95;37;77;;11;4;6;4;4;;;;;;;;;;;;;;
20-62;193;67;70;71;26;67;;8;11;15;3;5;;;;;;;;;;;;;;
20-63;129;37;43;44;25;57;;17;4;6;6;11;;;;;;;;;;;;;;
20-64;195;54;70;51;28;46;;11;6;9;2;6;;;;;;;;;;;;;;
20-65;256;73;87;52;30;59;;7;1;6;4;2;;;;;;;;;;;;;;
20-66;193;72;82;70;49;52;;13;4;2;0;4;;;;;;;;;;;;;;
20-67;231;51;60;95;31;68;;5;5;6;2;4;;;;;;;;;;;;;;
20-68;211;56;47;97;36;99;;4;8;1;2;2;;;;;;;;;;;;;;
20-69;255;75;48;67;33;81;;8;5;8;6;2;;;;;;;;;;;;;;
20-70;299;80;84;94;45;91;;8;8;9;5;6;;;;;;;;;;;;;;
20-71;279;71;69;105;39;121;;13;8;9;4;7;;;;;;;;;;;;;;
20-72;240;50;53;76;37;115;;7;8;7;4;6;;;;;;;;;;;;;;
20-73;307;57;62;96;31;98;;1;5;11;1;7;;;;;;;;;;;;;;
20-74;321;56;57;103;45;77;;9;3;10;2;3;;;;;;;;;;;;;;
20-75;206;51;39;91;28;102;;10;11;6;0;7;;;;;;;;;;;;;;
20-76;325;46;66;98;30;107;;9;3;10;3;6;;;;;;;;;;;;;;
