;Conservative;Labour;Liberal Democrats;Green;Brexit;SNP;Plaid Cymru;Others;@
Aldershot;27980;11282;6920;1750;;;;;24692
Aldridge-Brownhills;27850;8014;2371;771;;;;336;20814
Altrincham and Sale West;26311;20172;6036;1566;;;;778;18385
Amber Valley;29096;12210;2873;1388;;;;;24428
Arundel and South Downs;35566;9722;13045;2519;;;;556;20360
Ashfield;19231;11971;1105;674;2501;;;13498;29263
Ashford;37270;13241;6048;2638;;;;862;29448
Ashton-under-Lyne;14281;18544;1395;1208;3151;;;;29945
Aylesbury;32737;15364;10081;2394;;;;;26085
Banbury;34148;17335;8831;2607;;;;;27224
Barking;11792;27219;1482;820;3186;;;;33433
Barnsley Central;7892;14804;1176;900;11233;;;898;28412
Barnsley East;10377;14329;1330;922;11112;;;;31401
Barrow and Furness;23876;18087;2025;703;1355;;;;24146
Basildon and Billericay;29590;9178;3741;1395;;;;224;25805
Basingstoke;29593;15395;6841;2138;;;;746;28185
Bassetlaw;28078;14065;3332;;5366;;;;29224
Bath;16097;6639;28419;;642;;;341;15398
Batley and Spen;19069;22594;2462;692;1678;;;6432;26662
Battersea;21622;27290;9150;1529;386;;;;19358
Beaconsfield;32477;5756;;2033;;;;17602;19807
Beckenham;27282;13024;8194;2055;;;;;18134
Bedford;20346;20491;4608;960;896;;;;24259
Bermondsey and Old Southwark;9678;31723;15597;;1617;;;;34721
Berwick-upon-Tweed;23947;9112;7656;1394;;;;;17790
Bethnal Green and Bow;6528;44052;5892;2570;1081;;;439;27592
Beverley and Holderness;33250;12802;4671;1378;;;;1441;26134
Bexhill and Battle;37590;11531;7280;2692;;;;;22867
Bexleyheath and Crayford;25856;12753;2819;1298;;;;520;22179
Birkenhead;5540;24990;1620;1405;1489;;;7285;21419
Birmingham Edgbaston;15603;21217;3349;1112;1047;;;;26498
Birmingham Erdington;14119;17720;1301;648;1441;;;;30867
Birmingham Hall Green;7381;35889;3673;818;877;;;4273;27379
Birmingham Hodge Hill;6742;35397;760;328;1519;;;257;33263
Birmingham Ladywood;4773;33355;2228;931;831;;;;32825
Birmingham Northfield;19957;18317;1961;954;1655;;;254;30574
Birmingham Perry Barr;11277;26594;1901;845;1382;;;148;29899
Birmingham Selly Oak;15300;27714;3169;1848;1436;;;;33254
Birmingham Yardley;12720;23379;3754;579;2246;;;;32065
Bishop Auckland;24067;16105;2133;;2500;;;;23391
Blackburn;10736;29040;1130;741;2770;;;319;26500
Blackley and Broughton;9485;23887;1590;920;2736;;;;34522
Blackpool North and Cleveleys;22364;13768;1494;735;;;;443;24914
Blackpool South;16247;12557;1008;563;2009;;;368;24910
Blaydon;14263;19794;3703;1279;5833;;;809;22196
Blyth Valley;17440;16728;2151;1146;3394;;;;22390
Bognor Regis and Littlehampton;32521;10018;5645;1826;;;;1213;26270
Bolsover;21791;16492;1759;758;4151;;;987;29247
Bolton North East;19759;19381;1847;689;1880;;;;23973
Bolton South East;13918;21516;1411;791;2968;;;;28568
Bolton West;27255;18400;2704;939;;;;;23844
Bootle;4510;39066;1822;1166;2610;;;;25672
Boston and Skegness;31963;6342;1963;;;;;1428;27566
Bosworth;36056;9778;9096;1502;;;;;25117
Bournemouth East;24926;16120;5418;2049;;;;761;24822
Bournemouth West;24550;14400;4931;2096;;;;;28179
Bracknell;31894;12065;7749;2089;;;;553;24877
Bradford East;9681;27825;3316;662;2700;;;;28968
Bradford South;16044;18390;1505;983;2819;;;;29254
Bradford West;6717;33736;1349;813;1556;;;90;26443
Braintree;34112;9439;4779;;;;;2169;24760
Brent Central;10909;31779;4844;1600;;;;;35142
Brent North;18832;26911;4065;850;951;;;270;31932
Brentford and Isleworth;18752;29266;7314;1829;1165;;;;27448
Brentwood and Ongar;36308;7243;7187;1671;;;;532;22259
Bridgwater and West Somerset;35827;11388;7805;1877;;;;755;27255
Brigg and Goole;30941;9000;2180;1281;;;;;22558
Brighton Kemptown;16972;25033;2964;2237;1327;;;;21299
Brighton Pavilion;10176;13211;;33151;770;;;690;21018
Bristol East;16923;27717;3527;2106;1881;;;;21719
Bristol North West;21638;27330;4940;1977;;;;;20356
Bristol South;18036;27895;4227;2713;2325;;;;28944
Bristol West;8822;47028;;18809;869;;;;23720
Broadland;33934;12073;9195;1412;;;;363;21181
Bromley and Chislehurst;23958;13067;6621;1546;;;;374;21148
Bromsgrove;34408;11302;6779;1783;;;;;20483
Broxbourne;30631;10824;3970;1281;;;;;26501
Broxtowe;26602;21271;;1806;;;;5593;17743
Buckingham;37035;7638;16624;;1286;;;875;19711
Burnley;15720;14368;3501;739;3362;;;1294;25346
Burton;29560;15064;2681;1433;;;;;26244
Bury North;21660;21555;1584;802;1240;;;;21942
Bury South;22034;21632;2315;848;1672;;;1773;24874
Bury St Edmunds;37770;12782;;9711;;;;1694;27706
Calder Valley;29981;24207;2884;;;;;721;21484
Camberwell and Peckham;6478;40258;5087;3501;1041;;;127;32612
Camborne and Redruth;26764;18064;3504;1359;;;;676;19880
Cambridge;8342;25776;16137;2164;1041;;;269;26225
Cannock Chase;31636;11757;;2920;;;;;28506
Canterbury;27182;29018;3408;;;;;505;20038
Carlisle;23659;15340;2829;;;;;1045;22185
Carshalton and Wallington;20822;6081;20193;759;1043;;;200;23856
Castle Point;33971;7337;2969;;;;;;25341
Central Devon;32095;14374;8770;2833;;;;;16860
Central Suffolk and North Ipswich;35253;11862;6485;2650;;;;;19970
Charnwood;35121;12724;4856;2664;;;;;24182
Chatham and Aylesford;28856;10316;2866;1090;;;;212;29993
Cheadle;25694;6851;23358;;;;;;18734
Chelmsford;31934;10295;14313;;;;;580;23332
Chelsea and Fulham;23345;10872;12104;;;;;500;20258
Cheltenham;28486;2921;27505;;;;;445;21732
Chesham and Amersham;30850;7166;14627;3042;;;;;16822
Chesterfield;16720;18171;3985;1148;4771;;;391;25861
Chichester;35402;9069;13912;2527;;;;333;24292
Chingford and Woodford Green;23481;22219;2744;;;;;;16933
Chippenham;30994;6399;19706;;;;;;20166
Chipping Barnet;25745;24533;5932;1288;;;;71;22388
Chorley;;;;3600;;;;36270;38306
Christchurch;33894;6568;9277;2212;;;;;19607
Cities of London and Westminster;17049;11624;13096;728;;;;226;20948
City of Chester;20918;27082;3734;1438;1388;;;;21535
City of Durham;15506;20531;7935;1635;3252;;;;22364
Clacton;31438;6736;2541;1225;;;;1566;27466
Cleethorpes;31969;10551;2535;1284;;;;;27332
Colchester;26917;17494;7432;1530;;;;;29248
Colne Valley;29482;24379;3815;1068;1286;;;880;23220
Congleton;33747;15186;6026;1616;;;;658;23719
Copeland;22856;17014;1888;765;;;;;19194
Corby;33410;23142;3932;;;;;;25676
Coventry North East;15720;23412;2061;1141;2110;;;;31529
Coventry North West;20710;20918;2717;1443;1956;;;;27443
Coventry South;19143;19544;3398;1092;1432;;;435;25891
Crawley;27040;18680;2728;1451;;;;;24355
Crewe and Nantwich;28704;20196;2618;975;1390;;;149;26253
Croydon Central;21175;27124;3532;1215;999;;;;27348
Croydon North;11822;36495;4476;1629;839;;;348;32800
Croydon South;30985;18646;7503;1782;;;;442;24600
Dagenham and Rainham;19175;19468;1182;602;2887;;;411;27257
Darlington;20901;17607;2097;1057;1544;;;292;22911
Dartford;34006;14846;3735;1435;;;;;28203
Daventry;37055;10975;7032;2341;;;;;20169
Denton and Reddish;13142;19317;1642;1124;3039;;;324;27601
Derby North;21259;18719;3450;1046;1908;;;635;26218
Derby South;15671;21690;2621;;2480;;;;30622
Derbyshire Dales;29356;11975;6627;2058;;;;;15024
Devizes;32150;7838;8157;2809;;;;;22467
Dewsbury;26179;24618;2406;1060;1874;;;252;24863
Don Valley;19609;15979;1907;872;6247;;;823;29915
Doncaster Central;14360;16638;1748;981;6842;;;1012;29864
Doncaster North;13370;15740;1476;;8294;;;1818;31718
Dover;28830;16552;2895;1371;;;;1053;25656
Dudley North;23134;11601;1210;739;;;;;25282
Dudley South;24835;9270;1608;863;;;;;24181
Dulwich and West Norwood;9160;36521;;9211;571;;;315;28862
Ealing Central and Acton;14832;28132;9444;1735;664;;;;20685
Ealing North;15767;28036;4370;1458;;;;;24890
Ealing Southall;9594;25678;3933;1688;867;;;457;22335
Easington;9142;15723;1526;;6744;;;1448;26626
East Devon;32577;2870;1771;711;;;;26144;22983
East Ham;8527;41703;2158;883;1107;;;250;35369
East Hampshire;33446;6287;13750;2600;;;;812;19577
East Surrey;35624;8247;11584;2340;;;;1895;23098
East Worthing and Shoreham;27104;19663;4127;2006;;;;255;22029
East Yorkshire;33998;11201;4219;1675;;;;1686;28046
Eastbourne;26951;3848;22620;;1530;;;185;24195
Eastleigh;32690;7559;17083;1639;;;;;24914
Eddisbury;30095;11652;9582;1191;;;;451;20702
Edmonton;10202;26217;2145;862;840;;;75;25254
Ellesmere Port and Neston;17237;26001;2406;964;2138;;;;21595
Elmet and Rothwell;33726;16373;5155;1775;;;;1196;22756
Eltham;17353;20550;2941;1322;1523;;;;20371
Enfield North;16848;23340;2950;1115;797;;;;23208
Enfield Southgate;18473;22923;4344;1042;494;;;;18294
Epping Forest;32364;10191;5387;1975;;;;351;23983
Epsom and Ewell;31819;10226;13946;2047;;;;1413;21655
Erewash;27560;16954;2487;1115;;;;698;23718
Erith and Thamesmead;16124;19882;1984;876;2246;;;272;23994
Esher and Walton;31132;2838;28389;;;;;725;18105
Exeter;19479;29882;;4838;1428;;;565;25840
Fareham;36459;10373;8006;2412;;;;;21067
Faversham and Mid Kent;31864;9888;6170;2103;;;;369;22960
Feltham and Heston;17017;24876;3127;1133;1658;;;;33087
Filton and Bradley Stoke;26293;20647;4992;1563;;;;257;20287
Finchley and Golders Green;24162;13347;17600;;;;;;22509
Folkestone and Hythe;35483;14146;5755;2706;;;;915;29326
Forest of Dean;30680;14811;;4681;;;;1303;19919
Fylde;28432;11821;3748;1731;;;;927;20188
Gainsborough;33893;10926;5157;;;;;1070;25256
Garston and Halewood;6954;38578;3324;1183;2943;;;344;22745
Gateshead;13250;20450;2792;1653;;;;;26289
Gedling;22718;22039;2279;1097;1820;;;;21511
Gillingham and Rainham;28173;13054;2503;1043;;;;1185;27575
Gloucester;29159;18882;4338;1385;;;;;27573
Gosport;32226;8948;5473;1806;;;;;25072
Grantham and Stamford;36794;10791;6153;2265;;;;;25515
Gravesham;29580;13999;2584;1397;;;;;25722
Great Grimsby;18150;10819;1070;514;2378;;;156;28299
Great Yarmouth;28593;10930;1661;1064;;;;1214;28495
Greenwich and Woolwich;11721;30185;7253;2363;1228;;;370;26880
Guildford;26317;4515;22980;;;;;4839;19032
Hackney North and Stoke Newington;6784;39972;4283;4989;609;;;227;35598
Hackney South and Shoreditch;5899;39884;4853;2948;744;;;111;34952
Halesowen and Rowley Regis;25607;13533;1738;934;;;;533;25953
Halifax;18927;21496;2276;946;2813;;;;25458
Haltemprice and Howden;31045;10716;5215;1764;;;;1039;21334
Halton;10358;29333;1800;982;3730;;;;25764
Hammersmith;12227;30074;6947;1744;974;;;;22805
Hampstead and Kilburn;13892;28080;13121;1608;684;;;;29169
Harborough;31698;14420;9103;1709;;;;389;22847
Harlow;27510;13447;2397;;;;;;24706
Harrogate and Knaresborough;29962;5480;20287;;;;;1208;20952
Harrow East;26935;18765;3791;;;;;;22653
Harrow West;16440;25132;4310;1109;931;;;;24577
Hartlepool;11869;15464;1696;;10603;;;1405;29839
Harwich and North Essex;31830;11648;5866;1945;;;;674;22164
Hastings and Rye;26896;22853;3960;;;;;565;26251
Havant;30051;8259;5708;1597;;;;344;26190
Hayes and Harlington;15284;24545;1947;739;1292;;;187;28365
Hazel Grove;21592;5508;17169;;;;;;19063
Hemel Hempstead;28968;14405;6317;1581;;;;;22500
Hemsworth;15280;16460;1734;916;5930;;;3587;29762
Hendon;26878;22648;4628;921;;;;;27620
Henley;32189;5698;18136;2736;;;;;17950
Hereford and South Herefordshire;30390;10704;6181;2371;;;;;22409
Hertford and Stortford;33712;14092;8596;2705;;;;989;22339
Hertsmere;32651;11338;6561;1653;;;;;21739
Hexham;25152;14603;4672;1723;;;;;15138
Heywood and Middleton;20453;19790;2073;1220;3952;;;;32728
High Peak;24844;24254;2750;1148;1177;;;;20138
Hitchin and Harpenden;27719;9959;20824;;;;;369;17486
Holborn and St Pancras;8878;36641;7314;2746;1032;;;175;30443
Hornchurch and Upminster;35495;12187;3862;1920;;;;510;26825
Hornsey and Wood Green;6829;35126;15884;2192;763;;;311;20696
Horsham;35900;9424;14773;2668;;;;437;23495
Houghton and Sunderland South;13095;16210;2319;1125;6165;;;897;29066
Hove;15832;32876;3731;2496;1111;;;345;17905
Huddersfield;15572;20509;2367;1768;1666;;;;23661
Huntingdon;32386;13003;9432;2233;;;;2093;25470
Hyndburn;20565;17614;1226;845;2156;;;;28507
Ilford North;20125;25323;2680;845;960;;;201;22841
Ilford South;10984;35085;1795;714;1008;;;3891;31542
Ipswich;24952;19473;2439;1283;1432;;;;25999
Isle of Wight;41815;18078;;11338;;;;3211;38520
Islington North;5483;34603;8415;4326;742;;;236;21342
Islington South and Finsbury;8045;26897;9569;1987;1136;;;182;22709
Jarrow;11243;18363;2360;831;4122;;;3817;24337
Keighley;25298;23080;2573;;850;;;799;20152
Kenilworth and Southam;30351;9440;9998;2351;;;;457;15534
Kensington;16768;16618;9312;535;384;;;145;20879
Kettering;29787;13022;3367;1543;;;;1642;23766
Kingston and Surbiton;20614;6528;31103;1038;788;;;775;21157
Kingston upon Hull East;11474;12713;1707;784;5764;;;;33363
Kingston upon Hull North;9440;17033;2084;875;4771;;;;31320
Kingston upon Hull West and Hessle;10528;13384;1756;560;5638;;;;29297
Kingswood;27712;16492;3421;1200;;;;489;19657
Knowsley;4432;44374;1117;1262;3348;;;405;29194
Lancaster and Fleetwood;18804;21184;2018;1396;1817;;;;24888
Leeds Central;11143;30413;2343;2105;2999;;;281;41646
Leeds East;13933;19464;1796;878;2981;;;;28279
Leeds North East;11935;29024;5665;1931;1769;;;176;20031
Leeds North West;13222;23971;9397;1389;1304;;;;18413
Leeds West;11622;22186;1787;1274;2685;;;727;27418
Leicester East;19071;25090;2800;888;1243;;;329;29025
Leicester South;10931;33606;2754;1669;1187;;;;27600
Leicester West;13079;17291;1808;977;1620;;;;30225
Leigh;21266;19301;2252;;3161;;;999;30416
Lewes;26268;3206;23811;1453;;;;113;16663
Lewisham Deptford;6303;39216;5774;3085;789;;;201;25226
Lewisham East;9653;26661;5039;1706;1234;;;522;23087
Lewisham West and Penge;10317;31860;6260;2390;1060;;;213;22542
Leyton and Wanstead;8028;28836;4666;1805;785;;;427;20296
Lichfield;34844;11206;5632;1743;;;;568;22593
Lincoln;24267;20753;2422;1195;1079;;;913;24266
Liverpool Riverside;4127;41170;2696;3017;1779;;;;27560
Liverpool Walton;4018;34538;756;814;;;;660;21865
Liverpool Wavertree;4225;31310;4055;1365;1921;;;501;20040
Liverpool West Derby;4133;34117;1296;605;2012;;;1826;21666
Loughborough;27954;20785;4153;1504;;;;235;25122
Louth and Horncastle;38021;9153;4114;;;;;1044;27321
Ludlow;32185;7591;8537;1912;;;;;19242
Luton North;14249;23496;2063;771;1215;;;795;25553
Luton South;13031;21787;;995;1601;;;4650;27234
Macclesfield;28292;17581;5684;2310;;;;;22324
Maidenhead;32620;7882;13774;2216;;;;;20159
Maidstone and The Weald;31220;9448;8482;2172;;;;358;24432
Makerfield;15214;19954;2108;1166;5817;;;;29877
Maldon;36304;6263;5990;1851;;;;;22017
Manchester Central;7734;36823;3420;1870;2335;;;107;39931
Manchester Gorton;4244;34583;2448;1697;1573;;;;31862
Manchester Withington;5820;35902;7997;1968;1308;;;;23587
Mansfield;31484;15178;1626;;;;;985;27837
Meon Valley;35271;5644;11716;2198;;;;;19870
Meriden;34358;11522;5614;2667;;;;;31266
Mid Bedfordshire;38692;14028;8171;2478;;;;1348;23094
Mid Derbyshire;29027;13642;4756;1931;;;;;18070
Mid Dorset and North Poole;29548;3402;14650;1330;;;;;16484
Mid Norfolk;35051;12457;7739;;;;;939;25957
Mid Sussex;33455;11218;15258;2234;;;;597;22397
Mid Worcestershire;37426;9408;6474;2177;;;;638;22043
Middlesbrough;8812;17207;816;546;2168;;;4548;26682
Middlesbrough South and East Cleveland;28135;16509;1953;1220;;;;;24523
Milton Keynes North;30938;24683;4991;1931;;;;;29028
Milton Keynes South;32011;25067;4688;1495;;;;746;32389
Mitcham and Morden;11482;27964;3717;1160;1202;;;216;24306
Mole Valley;31656;2965;19615;1874;;;;1000;17544
Morecambe and Lunesdale;23925;17571;2328;938;;;;548;22116
Morley and Outwood;29424;18157;2285;1107;;;;957;26871
New Forest East;32769;7518;7390;2434;;;;675;22710
New Forest West;32113;6595;7710;3888;;;;;20548
Newark;34660;12844;5308;1950;;;;;21086
Newbury;34431;4404;18384;2454;;;;325;23448
Newcastle upon Tyne Central;9290;21568;2709;1365;2542;;;;20356
Newcastle upon Tyne East;10586;26049;4535;2195;;;;;20407
Newcastle upon Tyne North;15589;21354;4357;1368;4331;;;;21513
Newcastle-under-Lyme;23485;16039;2361;933;1921;;;;23461
Newton Abbot;29190;9329;11689;1508;;;;840;19935
Normanton, Pontefract and Castleford;17021;18297;3147;;8032;;;1762;36258
North Cornwall;30671;4516;15919;;;;;572;18252
North Devon;31479;5097;16666;1759;;;;580;20246
North Dorset;35705;6737;11404;2261;;;;;20647
North Durham;13897;18639;2879;1126;4693;;;961;24569
North East Bedfordshire;38443;14160;7999;1891;;;;2525;25663
North East Cambridgeshire;38423;8430;4298;1813;;;;;30707
North East Derbyshire;28897;16021;3021;1278;;;;;23161
North East Hampshire;35280;5760;15069;1754;;;;1407;19651
North East Hertfordshire;31293;13104;8563;2367;;;;;20776
North East Somerset;28360;13631;12422;1423;;;;472;17394
North Herefordshire;32158;6804;7302;4769;;;;;19260
North Norfolk;29792;3895;15397;;1739;;;;19863
North Shropshire;35444;12495;5643;1790;;;;1141;26717
North Somerset;32801;15265;11051;2938;;;;;18119
North Swindon;32584;16413;4408;1710;;;;;27269
North Thanet;30066;12877;3439;1796;;;;;24598
North Tyneside;15490;25051;3241;1393;5254;;;;28490
North Warwickshire;30249;12293;2069;1303;;;;;24398
North West Cambridgeshire;40307;14324;6881;3021;;;;;30368
North West Durham;19990;18846;2831;1173;3193;;;1630;24554
North West Hampshire;36591;9327;10283;2717;;;;;24182
North West Leicestershire;33811;13411;3614;2478;;;;507;25095
North West Norfolk;30627;10705;3625;1645;;;;;25426
North Wiltshire;32373;5699;14747;1939;;;;;18546
Northampton North;21031;15524;2031;953;;;;;19211
Northampton South;20914;16217;2482;1222;;;;;21319
Norwich North;23397;18659;2663;1078;;;;488;20892
Norwich South;15006;27766;4776;2469;1656;;;;26148
Nottingham East;8342;25735;1954;1183;1343;;;1447;26228
Nottingham North;12847;17337;1582;868;2686;;;;31196
Nottingham South;14018;26586;3935;1583;2012;;;;31295
Nuneaton;27390;14246;1862;1692;;;;;25090
Old Bexley and Sidcup;29786;10834;3822;1477;;;;226;19965
Oldham East and Saddleworth;18589;20088;2423;778;2980;;;1306;25967
Oldham West and Royton;13452;24579;1484;681;3316;;;922;28528
Orpington;30882;8504;7552;1783;;;;;20191
Oxford East;10303;28135;6884;2392;1146;;;499;28989
Oxford West and Abingdon;22397;4258;31340;;829;;;;18171
Pendle;24076;17890;1548;678;;;;268;20826
Penistone and Stocksbridge;23688;16478;5054;;4300;;;;21426
Penrith and The Border;28875;10356;5364;2159;;;;1070;19724
Peterborough;22334;19754;2334;728;2127;;;524;24735
Plymouth Moor View;26831;13934;2301;1173;;;;;25210
Plymouth Sutton and Devonport;20704;25461;2545;1557;2909;;;;24681
Poole;29599;10483;7819;1702;;;;848;23524
Poplar and Limehouse;9756;38660;8832;2159;1493;;;376;30592
Portsmouth North;28172;12392;3419;1304;;;;623;25379
Portsmouth South;17705;23068;5418;;994;;;240;26793
Preston;8724;20870;1737;660;1799;;;;25910
Pudsey;26453;22936;3088;894;;;;844;18950
Putney;18006;22780;8548;1133;;;;;15075
Rayleigh and Wickford;39864;8864;4171;2002;;;;;24093
Reading East;21178;27102;5035;1549;852;;;202;21531
Reading West;24393;20276;4460;1263;;;;;23823
Redcar;18811;15284;2018;491;2915;;;1323;25032
Redditch;27907;11871;2905;1384;;;;;21314
Reigate;28665;10355;10320;3169;;;;647;21712
Ribble Valley;33346;14907;4776;1704;;;;551;23919
Richmond (Yorks);36693;9483;6989;2500;;;;2038;24848
Richmond Park;26793;3407;34559;;;;;308;17610
Rochdale;14807;24475;3312;986;3867;;;;31500
Rochester and Strood;31151;14079;3717;1312;;;;1667;30106
Rochford and Southend East;27063;14777;2822;;;;;1474;29250
Romford;30494;12601;2708;1428;;;;;25098
Romsey and Southampton North;27862;5898;16990;;;;;640;16857
Rossendale and Darwen;27570;18048;2011;1193;;;;;23938
Rother Valley;21970;15652;2553;1219;6264;;;1040;26107
Rotherham;11615;14736;2090;;6125;;;1085;26029
Rugby;29255;15808;4207;1544;;;;;21571
Ruislip, Northwood and Pinner;29391;12997;7986;1646;;;;884;20472
Runnymede and Weybridge;29262;10992;9236;1876;;;;1923;23941
Rushcliffe;28765;21122;9600;;;;;1018;16571
Rutland and Melton;36507;9583;7970;2875;;;;1375;24399
Saffron Walden;39714;8305;12120;2947;;;;;23929
Salford and Eccles;12428;28755;3099;2060;4290;;;;31563
Salisbury;30280;9675;10544;2486;;;;745;20791
Scarborough and Whitby;27593;17323;3038;;;;;1770;24713
Scunthorpe;20306;13855;875;670;2044;;;;24237
Sedgefield;19609;15096;1955;994;3518;;;394;22778
Sefton Central;14132;29254;3386;1261;2425;;;422;18914
Selby and Ainsty;33995;13858;4842;1823;;;;1900;22268
Sevenoaks;30932;6946;10114;1974;;;;990;20813
Sheffield Brightside and Hillsborough;10095;22369;1517;1179;3855;;;585;29752
Sheffield Central;6695;33968;3237;4570;1969;;;474;38881
Sheffield Hallam;14696;19709;18997;1630;1562;;;291;15858
Sheffield Heeley;12955;21475;2916;1811;3538;;;;24225
Sheffield South East;15070;19359;2125;;4478;;;966;25850
Sherwood;32049;15863;2883;1214;;;;700;25263
Shipley;27437;21195;3188;1301;;;;803;20046
Shrewsbury and Atcham;31021;19804;5906;1762;;;;572;23198
Sittingbourne and Sheppey;34742;10263;3213;1188;;;;1988;32583
Skipton and Ripon;34919;11225;8701;2748;;;;1131;20206
Sleaford and North Hykeham;44683;12118;5355;1742;;;;2656;28252
Slough;15781;29421;3357;1047;1432;;;;36807
Solihull;32309;11036;9977;2022;;;;;23381
Somerton and Frome;36230;8354;17017;3295;;;;;20945
South Basildon and East Thurrock;29973;10051;1957;;;;;3316;29205
South Cambridgeshire;31015;7803;28111;;;;;;20332
South Derbyshire;33502;14167;3924;1788;;;;;25937
South Dorset;30024;12871;5432;2246;;;;485;22513
South East Cambridgeshire;32187;10492;20697;;;;;1009;22387
South East Cornwall;31807;10836;8650;1493;;;;869;18172
South Holland and The Deepings;37338;6500;3225;1613;;;;503;26832
South Leicestershire;36791;12787;5452;2439;;;;;23020
South Norfolk;36258;14983;8744;2499;;;;;23701
South Northamptonshire;41755;13994;7891;2634;;;;634;23876
South Ribble;30028;18829;3720;1207;;;;;21544
South Shields;7688;17273;1514;1303;6446;;;3658;24941
South Staffordshire;36520;8270;3280;1935;;;;;23640
South Suffolk;33270;10373;6702;3144;;;;;22706
South Swindon;26536;19911;4299;;;;;;21748
South Thanet;27084;16497;2727;1949;;;;;25082
South West Bedfordshire;32212;13629;5435;2031;;;;;26614
South West Devon;33286;11856;6207;2018;;;;;19143
South West Hertfordshire;30327;7228;6251;1466;;;;15919;19218
South West Norfolk;35507;9312;4166;1645;;;;836;26988
South West Surrey;32191;4775;23374;;;;;;18743
South West Wiltshire;33038;11408;8015;2434;;;;;23081
Southampton Itchen;23952;19454;2503;1040;;;;472;24867
Southampton Test;16043;22256;3449;1433;1591;;;222;25090
Southend West;27555;13096;5312;;;;;574;22102
Southport;22914;18767;6499;;;;;;19111
Spelthorne;29141;10748;7499;2122;;;;;21421
St Albans;22574;5000;28867;1004;;;;154;16151
St Austell and Newquay;31273;14747;5861;1609;;;;2286;24132
St Helens North;12661;24870;2668;1966;5396;;;;28053
St Helens South and Whiston;10335;29457;2886;2282;5353;;;;28795
St Ives;25365;3553;21081;954;;;;446;17408
Stafford;29992;15615;3175;2367;;;;;21403
Staffordshire Moorlands;28192;11764;2469;1231;;;;;21795
Stalybridge and Hyde;16079;19025;1827;1411;3591;;;435;30429
Stevenage;25328;16766;4132;1457;;;;;23913
Stockport;11656;21695;5043;1403;1918;;;;23363
Stockton North;16701;17728;1631;;3907;;;1189;25547
Stockton South;27764;22504;2338;;2196;;;;22059
Stoke-on-Trent Central;14557;13887;1116;819;1691;;;;23319
Stoke-on-Trent North;20974;14688;1268;508;2374;;;322;29664
Stoke-on-Trent South;24632;13361;1611;;;;;;24898
Stone;31687;11742;4412;2002;;;;;19576
Stourbridge;27534;13963;2523;1048;;;;621;24172
Stratford-on-Avon;33343;6222;13371;2112;;;;;18941
Streatham;9060;30976;13286;2567;624;;;;25509
Stretford and Urmston;13778;30195;2969;1357;1768;;;;22076
Stroud;31582;27742;;4954;1085;;;567;18379
Suffolk Coastal;32958;12425;8719;2713;;;;1493;23585
Sunderland Central;15372;18336;3025;1212;5047;;;484;29226
Surrey Heath;34358;5407;16009;2252;;;;628;22697
Sutton and Cheam;25235;7200;16884;1168;;;;;21227
Sutton Coldfield;31604;12332;6358;2031;;;;;23289
Tamworth;30542;10908;2426;935;;;;1245;25571
Tatton;28277;10890;7712;2088;;;;;20098
Taunton Deane;34164;4715;22464;;;;;2390;24908
Telford;25546;14605;2674;;;;;;26136
Tewkesbury;35728;9310;13318;2784;;;;;22844
The Cotswolds;35484;7110;15270;3312;;;;;20720
The Wrekin;31029;12303;4067;1491;;;;;21760
Thirsk and Malton;35634;10480;6774;2263;;;;1437;24368
Thornbury and Yate;30202;4208;17833;;;;;;17229
Thurrock;27795;16313;1510;807;;;;1042;32176
Tiverton and Honiton;35893;11654;8807;2291;;;;968;23298
Tonbridge and Malling;35784;8286;8843;4090;;;;;20342
Tooting;16504;30811;8305;2314;462;;;77;18465
Torbay;29863;6562;12114;1235;;;;648;24611
Torridge and West Devon;35904;10290;10912;2077;;;;547;20337
Totnes;27751;8860;15027;;;;;544;17673
Tottenham;5446;35621;3168;1873;527;;;221;28840
Truro and Falmouth;27237;22676;7150;1714;;;;413;17481
Tunbridge Wells;30119;8098;15474;;;;;959;20213
Twickenham;22045;5476;36166;;816;;;;20369
Tynemouth;22071;26928;3791;1281;1963;;;;21254
Uxbridge and South Ruislip;25351;18141;3026;;1090;;;296;22029
Vauxhall;9422;31615;12003;2516;641;;;136;31825
Wakefield;21283;17925;1772;;2725;;;1322;25218
Wallasey;11579;29901;1843;1132;2037;;;;19830
Walsall North;23334;11369;1236;617;;;;;30643
Walsall South;17416;20872;1602;634;1660;;;288;25592
Walthamstow;5922;36784;2874;1733;768;;;254;21919
Wansbeck;16310;17124;2539;1217;3141;;;178;22786
Wantage;34085;10181;21432;;;;;1475;23724
Warley;10390;21901;1588;891;2469;;;;25138
Warrington North;19102;20611;3071;1257;2626;;;;25573
Warrington South;28187;26177;5732;;1635;;;168;24072
Warwick and Leamington;22929;23718;4995;1536;807;;;220;22140
Washington and Sunderland West;12218;15941;2071;1005;5439;;;839;28764
Watford;26421;21988;9323;;;;;333;25242
Waveney;31778;13776;2603;2727;;;;245;31604
Wealden;37043;9377;11388;3099;;;;;22186
Weaver Vale;22210;22772;3300;1051;1380;;;;19820
Wellingborough;32277;13737;4078;1821;;;;;28823
Wells;33336;4304;23345;;;;;580;22197
Welwyn Hatfield;27394;16439;6602;1618;;;;;22843
Wentworth and Dearne;14577;16742;1705;;7019;;;1514;32918
West Bromwich East;16804;15211;1313;627;1475;;;545;26158
West Bromwich West;17419;13620;915;664;1841;;;;30071
West Dorset;33589;5729;19483;2124;;;;;20635
West Ham;9793;42181;4161;1780;1679;;;606;37686
West Lancashire;19122;27458;2560;1248;2275;;;;20684
West Suffolk;33842;10648;4685;2262;;;;;28808
West Worcestershire;34909;9496;10410;2715;;;;;18770
Westminster North;12481;23240;5593;1064;418;;;115;22602
Westmorland and Lonsdale;23861;2293;25795;;763;;;;15041
Weston-super-Mare;31983;14862;6935;1834;;;;;26899
Wigan;14314;21042;2428;1299;5959;;;;30659
Wimbledon;20373;12543;19745;;;;;366;15219
Winchester;28430;2723;27445;;;;;292;16707
Windsor;31501;8147;11422;1798;;;;884;21321
Wirral South;16179;22284;2917;948;1219;;;;13752
Wirral West;17692;20695;2706;965;860;;;;12603
Witham;32876;8794;4584;3090;;;;;21047
Witney;33856;8770;18679;;;;;;22560
Woking;26396;8827;16629;1485;;;;600;21499
Wokingham;30734;6450;23351;1382;;;;80;22010
Wolverhampton North East;17722;13642;960;603;1354;;;;27598
Wolverhampton South East;14287;15522;1019;521;2094;;;;29538
Wolverhampton South West;19864;18203;2041;;1028;;;;19806
Worcester;25856;19098;3666;1694;;;;584;22548
Workington;20488;16312;1525;596;1749;;;929;19756
Worsley and Eccles South;17227;20446;2510;1300;3224;;;;30557
Worthing West;30475;15652;6024;2008;;;;489;23982
Wycombe;24766;20552;6543;1454;;;;1441;23355
Wyre and Preston North;31589;14808;4463;1729;;;;335;22252
Wyre Forest;32960;11547;4081;1973;;;;;27465
Wythenshawe and Sale East;13459;23855;3111;1559;2717;;;58;31491
Yeovil;34588;3761;18407;1629;;;;875;23160
York Central;13767;27312;4149;2107;1479;;;691;25276
York Outer;27324;17339;9992;;;;;692;19345
Aberavon;6518;17008;1072;450;3108;;2711;731;19121
Aberconwy;14687;12653;1821;;;;2704;;12826
Alyn and Deeside;18058;18271;2548;;2678;;1453;;19777
Arfon;4428;10353;;;1159;;13134;;13123
Blaenau Gwent;5749;14862;1285;386;6215;;1722;;20484
Brecon and Radnorshire;21958;3944;14827;;;;;590;14143
Bridgend;18193;17036;2368;815;1811;;2013;;21086
Caerphilly;11185;18018;;;4490;;6424;;23059
Cardiff Central;8426;25605;6298;;1006;;;487;22224
Cardiff North;19082;26064;3580;820;1311;;1606;203;15731
Cardiff South and Penarth;14645;27382;2985;1182;1999;;2386;;28204
Cardiff West;12922;23908;2731;1133;1619;;3864;;22335
Carmarthen East and Dinefwr;14130;8622;;;2311;;15939;;16424
Carmarthen West and South Pembrokeshire;22183;14438;1860;;;;3633;;16541
Ceredigion;8879;6317;6975;663;2063;;15208;;16143
Clwyd South;16222;14983;1496;;1468;;2137;;17641
Clwyd West;20403;13656;2237;;;;3907;;17477
Cynon Valley;6711;15533;949;;3045;;2562;1436;20925
Delyn;16756;15891;2346;;1971;;1406;;16210
Dwyfor Meirionnydd;9707;3998;;;1776;;14447;;14410
Gower;18371;20208;2236;;1379;;2288;;17299
Islwyn;9892;15356;1313;669;4834;;2286;;21053
Llanelli;11455;16125;;;3605;;7048;;22262
Merthyr Tydfil and Rhymney;6307;16913;1116;;3604;;2446;1860;24030
Monmouth;26160;16178;4909;1353;;;1182;435;16918
Montgomeryshire;20020;5585;7882;;;;;727;14803
Neath;10283;15920;1485;728;3184;;4495;661;19618
Newport East;14133;16125;2121;577;2454;;872;;22237
Newport West;18075;18977;2565;902;1727;;1187;;23182
Ogmore;9797;17602;1460;621;2991;;2919;;22155
Pontypridd;11494;17381;;;2917;;4990;2278;21311
Preseli Pembrokeshire;21381;16319;1943;;;;2776;;17158
Rhondda;4675;16115;612;438;3733;;4069;;20599
Swansea East;9435;17405;1409;583;2842;;1905;;24921
Swansea West;10377;18493;2993;;1983;;1984;;21224
Torfaen;11804;15546;1831;812;5742;;1441;;24578
Vale of Clwyd;17270;15443;1471;;1477;;1552;;19428
Vale of Glamorgan;27305;23743;;3251;;;;508;21739
Wrexham;15199;13068;1447;445;1222;;2151;;16219
Ynys MÃ´n;12959;10991;;;2184;;10418;;15368
Aberdeen North;7535;4939;2846;880;1008;20205;;;25046
Aberdeen South;16398;3834;5018;;;20388;;;20123
Airdrie and Shotts;7011;12728;1419;685;;17929;;;24273
Angus;17421;2051;2482;;;21216;;;20786
Argyll and Bute;16930;3248;6832;;;21040;;;18501
Ayr, Carrick and Cumnock;17943;6219;2158;;;20272;;;25420
Banff and Buchan;21182;1734;2280;;;17064;;;24396
Berwickshire, Roxburgh and Selkirk;25747;2513;4287;;;20599;;;21393
Caithness, Sutherland and Easter Ross;5176;1936;11705;;1139;11501;;;15494
Central Ayrshire;16182;6583;2283;;;21486;;;23232
Coatbridge, Chryston and Bellshill;6113;17056;1564;808;;22680;;;24731
Cumbernauld, Kilsyth and Kirkintilloch East;7380;11182;2966;;;24158;;;20191
Dumfries and Galloway;22678;4745;3133;;;20873;;;23431
Dumfriesshire, Clydesdale and Tweeddale;22611;4172;3540;;;18830;;;19210
Dundee East;10986;6045;3573;;;24361;;312;20917
Dundee West;5149;10096;2468;;1271;22355;;240;22885
Dunfermline and West Fife;11207;13028;4262;1258;;23727;;;23140
East Dunbartonshire;7455;4839;19523;916;;19672;;626;13010
East Kilbride, Strathaven and Lesmahagow;11961;12791;3760;1153;;26113;;559;24840
East Lothian;15523;17270;4071;;;21156;;493;23095
East Renfrewshire;19451;6855;4174;;;24877;;;16911
Edinburgh East;6549;12748;3289;2064;;23165;;;21583
Edinburgh North and Leith;11000;13117;6635;1971;558;25925;;138;21949
Edinburgh South;8161;23745;3819;1357;;12650;;;16489
Edinburgh South West;12848;7478;4971;1265;625;24830;;114;21397
Edinburgh West;9283;4460;21766;1027;;17997;;;17984
Falkirk;14403;6243;3990;1885;;29351;;;28654
Glasgow Central;3698;13276;1952;1429;;19750;;;29161
Glasgow East;5709;12791;1626;;;18357;;;28913
Glasgow North;3806;11381;2394;1308;320;16982;;;20983
Glasgow North East;3558;13363;1093;;;15911;;;27201
Glasgow North West;6022;11319;2716;;;19678;;;23638
Glasgow South;6237;13824;2786;1251;516;22829;;;23473
Glasgow South West;4224;12743;1435;;802;17643;;;27684
Glenrothes;6920;9477;2639;;1276;21234;;;24191
Gordon;23066;3052;5913;;;23885;;;23736
Inverclyde;6265;11783;2560;;;19295;;;20740
Inverness, Nairn, Badenoch and Strathspey;15807;4123;5846;1709;1078;26247;;;23267
Kilmarnock and Loudoun;11557;9009;2444;;;24216;;405;24757
Kirkcaldy and Cowdenbeath;9449;15325;2903;1628;1132;16568;;;19954
Lanark and Hamilton East;17056;10736;3037;;;22243;;;29983
Linlithgow and East Falkirk;14285;10517;4393;1184;1257;25551;;588;31799
Livingston;12182;11915;3457;1421;;25617;;;25338
Midlothian;10467;14328;3393;;;20033;;;24401
Moray;22112;2432;2269;;;21599;;413;24818
Motherwell and Wishaw;7150;14354;1675;;;20622;;619;20522
Na h-Eileanan an Iar;3216;4093;637;;;6531;;;6626
North Ayrshire and Arran;14855;6702;2107;1114;;23376;;;25364
North East Fife;5961;1707;19763;;;18447;;;15049
Ochil and South Perthshire;22384;4961;3204;;;26882;;382;20951
Orkney and Shetland;2287;1550;10381;;900;7874;;168;11050
Paisley and Renfrewshire North;11217;11451;3661;;;23353;;;22321
Paisley and Renfrewshire South;7571;10958;2918;;;21637;;;21317
Perth and North Perthshire;19812;2471;3780;;651;27362;;;18509
Ross, Skye and Lochaber;6900;2448;9820;;710;19263;;728;14375
Rutherglen and Hamilton West;8054;18545;2791;;;23775;;629;27099
Stirling;17641;4275;2867;942;;26895;;;15896
West Aberdeenshire and Kincardine;22752;2431;6253;;;21909;;;19332
West Dunbartonshire;6436;12843;1890;867;;22396;;708;21340