RegioNaam;FvD;VVD;CDA;GL;PvdA;D66;PVV;SP;CU;PvdD;50;SGP;DENK;50+/PvdO;Lokaal Brabant;CO;Fryske Nasjonale Partij (FNP);CU-SGP;Groninger Belang;LOKAAL-LIMBURG;Ouderenpartij Noord-Holland;Lokale Partijen Zuid Holland (LPZH);NIDA;Lokale Partijen Gelderland-Code Oranje;Partij voor Zeeland (PVZ);Partij voor het Noorden;Senioren Brabant;Sterk Lokaal;Ouderen Appèl - Hart voor Brabant;U26 GEMEENTEN;Provinciaal Belang Fryslân;Onafhankelijke Partij Drenthe;Natuurlijk Fryslân;JL;Senioren Belang;Ouderen Politiek Actief (OPA);Respect!;@abs;@inv;@blank
Aa en Hunze;1396;2369;794;1348;2071;854;587;685;399;585;397;37;11;;;;;;;;;;;;;;;1195;;;;297;;;57;;;7548;20;36
Aalsmeer;2942;2861;1665;1139;943;953;768;439;913;462;;;43;374;;174;;;;;144;;25;;;;;;;;;;;;;;;9063;27;53
Aalten;1402;1503;3357;828;830;631;602;819;742;315;452;85;73;;;;;;;;;;;125;;;;;;;;;;21;;;;9367;27;41
Achtkarspelen;2000;637;2471;466;1157;245;1206;494;1507;195;181;270;8;;;;1243;;;;;;;;;;;;;;288;;52;;;;;9115;20;29
Alblasserdam;1351;913;730;311;767;334;595;317;1075;218;318;1794;132;;;53;;;;;;61;10;;;;;;;;;;;34;;;;5805;34;12
Albrandswaard;2605;2094;893;619;705;671;779;427;490;437;636;176;106;;;39;;;;;;82;15;;;;;;;;;;;10;;;;8234;29;29
Alkmaar;7215;6231;3383;7484;5258;3994;2841;2735;1270;3144;;;649;1231;;837;;;;;1115;;185;;;;;;;;;;;;;;;35951;135;129
Almelo;4491;3760;3393;2178;2519;1455;3252;2040;1376;811;995;197;1112;;;;;;;;;;;;;;;;;;;;;;;;;27591;86;70
Almere;13303;9271;2721;7724;6880;4260;7028;4527;2491;4289;4512;256;2199;;;;;;;;;;;;;;;;;;;;;221;;518;544;77382;355;198
Alphen aan den Rijn;8246;9426;4890;4158;3458;3865;2615;2356;3162;1755;2083;1591;543;;;174;;;;;;402;96;;;;;;;;;;;;;;;35340;106;140
Alphen-Chaam;672;892;1195;245;195;348;270;257;;157;197;;7;;96;110;;32;;;;;;;;;36;;15;;;;;;;;;3195;6;15
Altena;3482;2238;5391;806;865;686;1645;963;;496;385;;14;;571;49;;6341;;;;;;;;;115;;57;;;;;;;;;18300;40;30
Ameland;291;275;317;60;181;55;99;47;35;37;57;2;0;;;;38;;;;;;;;;;;;;;220;;26;;;;;1119;4;5
Amersfoort;7083;10018;5858;11991;5958;6920;2866;3801;6765;3458;1906;788;2128;;;;;;;;;;;;;;;;;531;;;;;;;;45654;154;212
Amstelveen;4865;6919;2154;5182;3397;4320;1639;1435;1340;1972;;;240;1203;;399;;;;;384;;117;;;;;;;;;;;;;;;22962;95;109
Amsterdam;26702;33459;6957;73344;35237;41905;10538;15384;6475;26903;;;18561;5880;;2899;;;;;1410;;2405;;;;;;;;;;;;;;;273085;1455;822
Apeldoorn;9750;10042;6257;7637;6286;5518;4459;3504;5916;3611;3628;3164;1382;;;;;;;;;;;941;;;;;;;;;;145;;;;53821;221;164
Appingedam;501;287;519;259;521;179;330;621;347;103;106;;47;;;;;;497;;;;;;;451;;;;;;;;;;;;4593;10;14
Arnhem;7117;7275;3296;10311;6500;6328;3793;3619;2263;4984;1827;206;2363;;;;;;;;;;;728;;;;;;;;;;76;;;;58951;223;183
Assen;3251;3214;2050;3285;4120;2322;1398;2114;3719;1164;1499;236;115;;;;;;;;;;;;;;;992;;;;419;;;134;;;22407;81;81
Asten;951;971;2640;377;335;473;457;498;;201;250;;9;;143;16;;34;;;;;;;;;72;;31;;;;;;;;;5299;20;24
Baarle-Nassau;497;366;648;127;150;131;226;191;;110;151;;4;;65;12;;25;;;;;;;;;28;;7;;;;;;;;;2583;3;8
Baarn;1569;2420;1194;1527;914;1115;551;400;657;578;502;134;135;;;;;;;;;;;;;;;;;88;;;;;;;;7366;35;28
Barendrecht;4771;3330;1788;1270;1391;1303;1294;668;1252;709;1002;1217;269;;;51;;;;;;163;56;;;;;;;;;;;31;;;;15710;47;70
Barneveld;3677;2981;3956;778;816;727;1407;492;4423;434;647;7701;214;;;;;;;;;;;194;;;;;;;;;;66;;;;13586;61;55
Beek;1171;679;2002;616;408;462;936;556;84;281;387;;36;;;;;;;157;;;;;;;;;;;;;;;;;;5339;23;21
Beekdaelen;2327;1459;3844;1541;1034;724;1976;1162;214;702;529;;23;;;;;;;523;;;;;;;;;;;;;;;;;;12989;41;71
Beemster;857;1012;591;461;462;387;304;165;73;249;;;4;109;;69;;;;;126;;3;;;;;;;;;;;;;;;2729;6;16
Beesel;827;554;1226;345;344;271;998;391;43;132;264;;70;;;;;;;271;;;;;;;;;;;;;;;;;;4888;16;34
Berg en Dal;2359;2226;1899;2096;1453;1211;1396;1393;254;862;818;45;37;;;;;;;;;;;144;;;;;;;;;;;;;;11813;53;47
Bergeijk;1123;1189;1841;449;409;424;595;616;;282;314;;6;;439;53;;46;;;;;;;;;100;;38;;;;;;;;;6598;26;20
Bergen;917;478;1269;316;510;192;890;545;52;159;187;;8;;;;;;;58;;;;;;;;;;;;;;;;;;4923;25;34
Bergen;2665;2880;1321;2171;1386;1323;858;594;341;1178;;;13;377;;356;;;;;279;;20;;;;;;;;;;;;;;;8539;23;46
Bergen op Zoom;4133;3961;2459;2095;1611;1937;2270;1998;;933;1320;;888;;669;67;;306;;;;;;;;;154;;147;;;;;;;;;26227;68;94
Berkelland;2917;4281;3760;1866;2064;1212;1124;1696;452;643;993;86;49;;;;;;;;;;;256;;;;;;;;;;17;;;;13725;40;69
Bernheze;1651;2154;2647;762;593;1108;797;1633;;269;410;;17;;391;23;;85;;;;;;;;;88;;52;;;;;;;;;11035;34;39
Best;1795;2207;1447;856;694;1407;841;983;;391;722;;132;;255;35;;389;;;;;;;;;132;;118;;;;;;;;;10143;32;32
Beuningen;2099;1914;1200;1024;963;900;809;871;181;404;630;20;51;;;;;;;;;;;122;;;;;;;;;;;;;;9746;38;32
Beverwijk;3113;1771;1047;1917;1461;1078;1279;945;351;712;;;383;513;;454;;;;;297;;58;;;;;;;;;;;;;;;14828;45;47
Bladel;1068;1266;1994;489;502;467;609;749;;228;447;;5;;202;32;;55;;;;;;;;;141;;63;;;;;;;;;7428;21;18
Blaricum;932;1610;461;370;363;517;249;170;194;210;;;27;140;;45;;;;;98;;8;;;;;;;;;;;;;;;2959;18;3
Bloemendaal;1333;3400;1116;1557;894;1691;296;256;392;677;;;9;243;;127;;;;;87;;7;;;;;;;;;;;;;;;5355;39;28
Bodegraven-Reeuwijk;2433;3052;2519;1079;753;1037;746;389;1483;435;498;1558;116;;;23;;;;;;103;24;;;;;;;;;;;;;;;9895;38;52
Boekel;609;615;1143;172;166;223;303;418;;138;129;;3;;420;9;;16;;;;;;;;;38;;17;;;;;;;;;3680;10;20
Borger-Odoorn;1692;1551;1103;790;1833;538;1006;724;608;486;427;96;9;;;;;;;;;;;;;;;941;;;;165;;;94;;;8605;17;27
Borne;1589;1896;2097;1022;1014;673;764;788;299;270;435;43;53;;;;;;;;;;;;;;;;;;;;;;;;;6954;34;30
Borsele;1160;904;2459;466;711;377;530;395;434;311;482;2206;3;;;;;;;;;;;;708;;;;;;;;;;;;;6273;11;16
Boxmeer;1822;2004;2566;859;842;871;849;2334;;343;476;;56;;286;25;;88;;;;;;;;;98;;50;;;;;;;;;9446;29;53
Boxtel;1600;1826;1893;1129;859;1242;824;1386;;447;445;;114;;221;31;;108;;;;;;;;;87;;59;;;;;;;;;11165;38;38
Breda;8753;15365;6173;8412;5261;9240;4267;5992;;3499;2740;;912;;1370;176;;899;;;;;;;;;519;;324;;;;;;;;;65819;201;214
Brielle;1925;1513;581;425;649;495;639;349;204;291;434;39;12;;;16;;;;;;156;6;;;;;;;;;;;6;;;;5866;16;21
Bronckhorst;2406;3439;3590;1524;1609;1049;839;1012;646;630;704;197;23;;;;;;;;;;;339;;;;;;;;;;20;;;;11338;43;49
Brummen;1380;1502;958;1208;1084;593;628;619;332;411;452;64;132;;;;;;;;;;;154;;;;;;;;;;8;;;;7195;28;46
Brunssum;1833;1299;1035;524;1428;301;2054;1137;238;437;420;;54;;;;;;;768;;;;;;;;;;;;;;;;;;11176;29;37
Bunnik;763;1307;1095;1757;619;818;316;241;419;381;242;152;21;;;;;;;;;;;;;;;;;84;;;;;;;;3281;17;24
Bunschoten;2120;886;1832;183;174;108;560;112;2888;74;200;989;35;;;;;;;;;;;;;;;;;27;;;;;;;;5505;31;18
Buren;2536;2255;1140;724;848;695;1121;471;634;583;502;800;30;;;;;;;;;;;152;;;;;;;;;;;;;;8304;22;32
Capelle aan den IJssel;4958;3661;1357;1850;2096;1763;1994;1235;1541;1089;1496;1812;270;;;70;;;;;;257;57;;;;;;;;;;;;;;;25058;71;95
Castricum;2756;3074;1933;2959;1679;2007;801;945;458;1011;;;32;481;;277;;;;;328;;34;;;;;;;;;;;;;;;9590;56;48
Coevorden;2302;2637;2279;931;2286;724;1225;1099;593;472;548;114;15;;;;;;;;;;;;;;;830;;;;212;;;107;;;11764;35;28
Cranendonck;1488;1479;1388;390;421;717;1032;588;;276;403;;14;;160;20;;73;;;;;;;;;97;;60;;;;;;;;;7446;18;38
Cuijk;1359;1426;1663;873;821;714;625;1186;;345;315;;211;;556;14;;69;;;;;;;;;87;;58;;;;;;;;;9125;31;37
Culemborg;1794;1745;921;2140;1016;1200;760;585;578;717;495;134;384;;;;;;;;;;;89;;;;;;;;;;;;;;9059;43;32
Dalfsen;1626;1803;3682;1030;899;718;747;651;1807;319;532;446;15;;;;;;;;;;;;;;;;;;;;;;;;;7649;33;27
Dantumadiel;1384;352;1878;360;709;185;685;374;1100;142;129;562;1;;;;837;;;;;;;;;;;;;;117;;45;;;;;6025;12;8
De Bilt;2245;4210;2006;3481;1683;2480;910;811;1145;1212;561;817;137;;;;;;;;;;;;;;;;;390;;;;;;;;10584;66;45
De Fryske Marren;3366;2779;4899;1706;2535;925;1335;935;998;628;556;454;22;;;;3100;;;;;;;;;;;;;;297;;193;;;;;15485;38;57
De Ronde Venen;3804;4213;3364;1887;1280;1709;1163;498;1017;750;1052;341;109;;;;;;;;;;;;;;;;;157;;;;;;;;12612;49;70
De Wolden;1620;2408;1898;869;1280;617;608;509;658;416;318;122;13;;;;;;;;;;;;;;;889;;;;156;;;41;;;6972;26;24
Delft;5196;5884;2411;7333;4444;6888;2166;2146;1989;2179;1315;245;632;;;114;;;;;;243;101;;;;;;;;;;;49;;;;30542;127;187
Delfzijl;1212;700;728;495;966;295;829;937;899;211;397;;126;;;;;;1194;;;;;;;626;;;;;;;;;;;;10049;30;39
Den Helder;5280;2643;1773;1393;2054;907;2420;1174;1185;855;;;69;753;;289;;;;;629;;23;;;;;;;;;;;;;;;22794;84;68
Deurne;1865;2093;2906;857;804;788;1031;1049;;335;603;;20;;230;21;;83;;;;;;;;;134;;75;;;;;;;;;12493;34;74
Deventer;4501;6115;3778;7009;6041;3957;2349;2838;1736;2237;1472;170;1251;;;;;;;;;;;;;;;;;;;;;;;;;32097;124;133
Diemen;1719;1338;467;2111;1214;1059;608;533;303;687;;;251;419;;155;;;;;90;;56;;;;;;;;;;;;;;;12308;36;27
Dinkelland;1706;1965;5003;701;738;462;938;459;103;199;417;47;13;;;;;;;;;;;;;;;;;;;;;;;;;7983;40;30
Doesburg;736;602;467;511;596;365;368;493;136;261;184;13;178;;;;;;;;;;;56;;;;;;;;;;6;;;;4036;17;9
Doetinchem;3240;3322;3662;2323;2473;1705;1646;2107;782;871;1053;373;273;;;;;;;;;;;309;;;;;;;;;;23;;;;21090;60;68
Dongen;1418;1719;1408;697;848;919;654;949;;331;411;;124;;267;25;;215;;;;;;;;;171;;50;;;;;;;;;10154;14;46
Dordrecht;7231;5860;3079;4506;3816;3334;3804;2645;3153;2295;2208;1811;1599;;;160;;;;;;287;120;;;;;;;;;;;89;;;;43239;145;107
Drechterland;1880;1773;1231;686;699;576;511;507;171;311;;;4;238;;222;;;;;276;;20;;;;;;;;;;;;;;;5894;18;33
Drimmelen;2028;2181;1446;791;765;812;974;953;;411;584;;6;;329;29;;148;;;;;;;;;122;;69;;;;;;;;;9907;16;38
Dronten;3039;3164;2744;1568;1076;889;1291;1063;1842;561;746;347;160;;;;;;;;;;;;;;;;;;;;;54;;108;56;11699;48;33
Druten;1308;1333;945;588;635;554;652;728;112;255;465;20;134;;;;;;;;;;;88;;;;;;;;;;;;;;6848;23;30
Duiven;1947;1983;1287;1067;993;798;725;765;312;435;646;36;40;;;;;;;;;;;175;;;;;;;;;;11;;;;8750;28;20
Echt-Susteren;1926;935;3129;1019;860;512;2238;836;109;433;434;;21;;;;;;;1455;;;;;;;;;;;;;;;;;;11660;31;70
Edam-Volendam;7609;1796;2758;1214;859;610;1684;482;230;625;;;50;326;;165;;;;;208;;11;;;;;;;;;;;;;;;9545;59;53
Ede;7177;6222;5844;4623;2675;2960;2747;1643;8013;1812;1487;8481;942;;;;;;;;;;;504;;;;;;;;;;94;;;;32031;124;96
Eemnes;745;874;603;372;552;302;239;152;178;206;146;30;1;;;;;;;;;;;;;;;;;208;;;;;;;;2428;6;10
Eersel;930;1269;2194;557;459;677;536;627;;256;333;;5;;310;21;;92;;;;;;;;;95;;50;;;;;;;;;6735;16;33
Eijsden-Margraten;1618;1312;3035;1281;700;758;973;610;114;546;362;;17;;;;;;;680;;;;;;;;;;;;;;;;;;8461;33;28
Eindhoven;9765;11504;5986;10839;6808;9649;5327;7431;;4478;3547;;1895;;1124;331;;1469;;;;;;;;;618;;1128;;;;;;;;;81890;272;302
Elburg;1406;1054;1427;375;406;266;600;320;2674;209;273;2004;8;;;;;;;;;;;52;;;;;;;;;;29;;;;6408;27;31
Emmen;7866;3581;5088;2296;8228;1735;5431;3610;2008;1134;1977;191;234;;;;;;;;;;;;;;;1694;;;;366;;;474;;;39053;136;89
Enkhuizen;1364;1041;656;703;777;550;470;897;357;354;;;73;168;;221;;;;;143;;14;;;;;;;;;;;;;;;6352;20;27
Enschede;10233;7781;5168;7131;6436;4968;6012;4795;3285;2496;1983;336;1701;;;;;;;;;;;;;;;;;;;;;;;;;56937;240;221
Epe;2212;2258;1904;1478;1408;814;1073;690;1388;678;697;867;180;;;;;;;;;;;193;;;;;;;;;;36;;;;10522;32;43
Ermelo;1764;1583;2210;880;653;572;601;401;2305;437;410;1185;33;;;;;;;;;;;112;;;;;;;;;;36;;;;7861;14;35
Etten-Leur;2524;2699;2468;1364;1049;1212;1522;1200;;503;694;;298;;626;40;;201;;;;;;;;;198;;93;;;;;;;;;16604;55;35
Geertruidenberg;1581;1416;1008;628;626;455;939;697;;255;398;;20;;237;85;;99;;;;;;;;;77;;51;;;;;;;;;8284;27;26
Geldrop-Mierlo;2427;2314;1996;1568;1162;1424;1340;1529;;678;831;;118;;395;32;;241;;;;;;;;;163;;125;;;;;;;;;14197;30;75
Gemert-Bakel;1766;1754;3035;720;540;716;1037;1545;;379;477;;25;;238;22;;66;;;;;;;;;118;;62;;;;;;;;;10713;31;49
Gennep;973;909;1450;574;653;502;489;985;62;238;197;;22;;;;;;;57;;;;;;;;;;;;;;;;;;6397;14;34
Gilze en Rijen;1689;1720;1402;838;958;836;755;875;;339;562;;209;;308;29;;87;;;;;;;;;116;;56;;;;;;;;;9442;29;36
Goeree-Overflakkee;4584;3184;2106;712;1623;587;1712;822;2446;608;889;4880;12;;;67;;;;;;203;8;;;;;;;;;;;33;;;;14504;65;44
Goes;1798;1695;3926;1297;1588;824;937;892;948;656;804;1394;64;;;;;;;;;;;;706;;;;;;;;;;;;;12219;41;32
Goirle;1411;1778;1228;1027;750;1080;688;1030;;401;409;;40;;221;18;;64;;;;;;;;;99;;61;;;;;;;;;8221;26;33
Gooise Meren;3227;6782;2294;3445;2229;3590;1013;763;1015;1389;;;135;835;;296;;;;;151;;46;;;;;;;;;;;;;;;15126;44;76
Gorinchem;2157;2236;1032;1167;1197;1089;965;1054;1115;550;512;439;534;;;108;;;;;;78;40;;;;;;;;;;;33;;;;13150;47;33
Gouda;4368;3806;2123;3919;2822;3023;1897;1367;3220;1563;1314;1755;734;;;95;;;;;;224;112;;;;;;;;;;;;;;;22387;134;82
Grave;859;782;769;410;348;384;368;592;;170;174;;4;;404;20;;51;;;;;;;;;40;;24;;;;;;;;;4309;16;22
Groningen;7955;9823;5431;20940;12894;11163;3634;7821;7559;6069;1628;;398;;;;;;3636;;;;;;;3296;;;;;;;;;;;;74909;217;251
Gulpen-Wittem;930;545;1732;775;392;335;803;477;69;330;248;;8;;;;;;;185;;;;;;;;;;;;;;;;;;4966;17;31
Haaksbergen;1756;1794;2677;668;1049;676;820;653;190;249;552;50;146;;;;;;;;;;;;;;;;;;;;;;;;;7842;29;47
Haaren;740;1118;1237;530;322;548;344;456;;237;202;;10;;327;14;;46;;;;;;;;;58;;27;;;;;;;;;5166;8;26
Haarlem;7531;8065;3181;13443;8186;8238;3223;3276;2031;5054;;;1331;1751;;1086;;;;;732;;274;;;;;;;;;;;;;;;49436;224;189
Haarlemmermeer;12774;10427;5039;6006;4594;4548;4173;2241;2888;2422;;;603;2116;;896;;;;;725;;299;;;;;;;;;;;;;;;52688;190;116
Halderberge;2037;2064;1805;690;611;604;1249;954;;345;493;;104;;410;24;;131;;;;;;;;;72;;204;;;;;;;;;11686;26;17
Hardenberg;4117;2860;6366;1422;1828;771;2246;1300;4535;564;1390;751;34;;;;;;;;;;;;;;;;;;;;;;;;;18211;58;65
Harderwijk;2898;3172;2562;1573;1551;1123;1201;718;3112;680;708;729;671;;;;;;;;;;;239;;;;;;;;;;33;;;;14551;57;45
Hardinxveld-Giessendam;1073;819;760;176;493;159;568;236;1937;136;247;2077;16;;;22;;;;;;41;3;;;;;;;;;;;22;;;;4772;11;11
Harlingen;1233;760;1012;521;1099;228;424;403;321;319;250;39;3;;;;246;;;;;;;;;;;;;;159;;82;;;;;5254;19;17
Hattem;654;740;857;599;629;317;247;223;1374;181;140;197;17;;;;;;;;;;;32;;;;;;;;;;5;;;;3176;14;19
Heemskerk;3113;2018;1621;2268;1634;1185;1157;1062;533;703;;;204;617;;326;;;;;341;;50;;;;;;;;;;;;;;;13551;51;55
Heemstede;1510;3583;1326;1840;1103;2024;386;365;404;749;;;17;385;;162;;;;;105;;22;;;;;;;;;;;;;;;6492;31;26
Heerde;1025;804;1647;670;799;314;575;332;1585;304;252;440;16;;;;;;;;;;;66;;;;;;;;;;34;;;;5704;26;22
Heerenveen;2695;2869;2789;2101;3897;1297;1145;1370;1106;812;602;105;116;;;;1526;;;;;;;;;;;;;;465;;224;;;;;15961;88;83
Heerhugowaard;4129;3253;1947;2208;1843;1660;1457;1396;707;876;;;238;676;;654;;;;;980;;55;;;;;;;;;;;;;;;19807;93;77
Heerlen;4627;2444;3704;2276;2036;1406;5628;5627;370;1839;1197;;362;;;;;;;1083;;;;;;;;;;;;;;;;;;36026;122;100
Heeze-Leende;892;1437;1411;581;481;674;445;539;;288;298;;12;;188;22;;86;;;;;;;;;83;;43;;;;;;;;;5153;25;35
Heiloo;1698;2360;1075;1751;1291;1322;511;472;412;771;;;23;312;;167;;;;;215;;13;;;;;;;;;;;;;;;6139;23;27
Hellendoorn;2462;2092;5112;1446;1098;725;1179;946;1189;334;542;180;34;;;;;;;;;;;;;;;;;;;;;;;;;10701;40;53
Hellevoetsluis;4572;2648;853;892;1403;788;1647;741;429;674;1123;82;201;;;42;;;;;;238;28;;;;;;;;;;;20;;;;14915;52;50
Helmond;5232;4505;2735;2722;2037;2068;4242;3171;;979;1811;;718;;414;67;;317;;;;;;;;;414;;203;;;;;;;;;34476;125;120
Hendrik-Ido-Ambacht;2442;2064;991;565;769;731;907;483;1220;365;549;2241;77;;;55;;;;;;236;19;;;;;;;;;;;17;;;;9203;31;33
Hengelo;5092;4936;4173;3678;3789;2524;2774;3795;1167;1355;1205;152;619;;;;;;;;;;;;;;;;;;;;;;;;;27329;93;111
Het Hogeland ;1899;1652;3179;2179;3054;776;1115;1739;3206;816;378;;12;;;;;;1988;;;;;;;984;;;;;;;;;;;;14678;35;76
Heumen;923;1356;1087;1146;726;844;350;613;157;383;347;7;18;;;;;;;;;;;111;;;;;;;;;;;;;;4901;26;25
Heusden;2911;3395;2303;1323;1007;1442;1538;1474;;634;730;;183;;470;37;;339;;;;;;;;;252;;147;;;;;;;;;15761;49;77
Hillegom;1987;1792;885;889;694;814;661;312;247;433;665;66;60;;;28;;;;;;111;10;;;;;;;;;;;;;;;6862;35;21
Hilvarenbeek;858;1460;1476;568;427;611;350;604;;269;263;;3;;182;21;;57;;;;;;;;;85;;40;;;;;;;;;4891;18;18
Hilversum;4842;6174;2334;5956;3290;4880;2050;1694;1882;2338;;;630;1396;;471;;;;;265;;100;;;;;;;;;;;;;;;26575;100;95
Hoeksche Waard;8067;5982;4170;2113;2797;2282;2590;1624;2563;1393;1723;4228;46;;;205;;;;;;364;19;;;;;;;;;;;47;;;;28154;95;77
Hof van Twente;2302;3238;4549;1151;1777;969;959;909;316;422;613;115;83;;;;;;;;;;;;;;;;;;;;;;;;;10319;45;33
Hollands Kroon;4484;3065;2589;1361;1528;1110;1520;1034;716;644;;;19;492;;293;;;;;1736;;18;;;;;;;;;;;;;;;17786;47;56
Hoogeveen;3980;2174;3770;1213;2202;928;2207;1909;2396;528;799;654;81;;;;;;;;;;;;;;;712;;;;228;;;127;;;19018;61;77
Hoorn;5190;3952;2012;3923;3016;2364;2057;1913;808;1551;;;398;915;;555;;;;;805;;93;;;;;;;;;;;;;;;25440;98;105
Horst aan de Maas;2391;1862;5545;1308;950;1455;1412;1809;138;446;552;;23;;;;;;;313;;;;;;;;;;;;;;;;;;14410;31;67
Houten;2757;3890;2716;3818;1852;2039;1142;818;2181;943;736;659;65;;;;;;;;;;;;;;;;;239;;;;;;;;12999;41;49
Huizen;3130;3476;1838;1871;1589;1495;1152;628;2086;824;;;220;652;;228;;;;;251;;50;;;;;;;;;;;;;;;12580;41;45
Hulst;1586;1274;2311;513;875;458;821;862;99;337;918;57;12;;;;;;;;;;;;504;;;;;;;;;;;;;9299;35;37
IJsselstein;2240;2938;1606;1542;1129;1162;1004;722;609;507;568;169;190;;;;;;;;;;;;;;;;;146;;;;;;;;11232;39;43
Kaag en Braassem;2459;2636;1767;839;714;1161;716;391;343;412;698;60;29;;;52;;;;;;131;8;;;;;;;;;;;;;;;8482;33;27
Kampen;3215;2150;3421;2075;1410;959;1818;1146;4859;586;733;3304;232;;;;;;;;;;;;;;;;;;;;;;;;;14050;57;68
Kapelle;659;820;1286;284;450;215;300;198;492;180;252;1036;3;;;;;;;;;;;;371;;;;;;;;;;;;;3100;8;11
Katwijk;7206;3296;3358;969;1220;1054;1752;616;4002;704;1557;3389;131;;;70;;;;;;335;22;;;;;;;;;;;;;;;18848;88;69
Kerkrade;2492;905;2197;974;1201;364;3485;2362;126;701;976;;95;;;;;;;888;;;;;;;;;;;;;;;;;;17928;36;41
Koggenland;1889;2144;1860;880;795;617;622;512;177;390;;;10;288;;201;;;;;309;;12;;;;;;;;;;;;;;;6850;20;48
Krimpen aan den IJssel;2417;1788;936;712;1025;770;965;475;1236;428;643;2516;57;;;28;;;;;;311;20;;;;;;;;;;;;;;;8217;38;31
Krimpenerwaard;4392;4465;2522;1389;1910;1598;1573;927;2499;959;1254;3172;128;;;74;;;;;;389;24;;;;;;;;;;;;;;;16031;68;66
Laarbeek;1326;1304;2119;576;598;612;804;992;;277;381;;8;;188;23;;76;;;;;;;;;96;;139;;;;;;;;;7961;30;40
Landerd;895;1156;1171;322;310;450;466;806;;167;221;;4;;803;5;;42;;;;;;;;;59;;37;;;;;;;;;5200;15;38
Landgraaf;2260;1008;1418;910;966;561;3345;1749;159;621;574;;58;;;;;;;1869;;;;;;;;;;;;;;;;;;14570;52;55
Landsmeer;1206;790;339;777;608;549;384;349;106;294;;;27;171;;59;;;;;40;;5;;;;;;;;;;;;;;;3067;14;22
Langedijk;2311;2035;1468;1418;1032;959;783;589;629;565;;;53;376;;292;;;;;460;;20;;;;;;;;;;;;;;;8615;46;36
Lansingerland;4812;5794;2744;1778;1450;2606;1442;613;2131;897;1101;342;228;;;80;;;;;;403;85;;;;;;;;;;;;;;;17730;53;60
Laren;863;2036;471;407;287;558;204;158;123;261;;;13;136;;40;;;;;62;;3;;;;;;;;;;;;;;;2997;18;9
Leeuwarden;7122;5000;5322;6210;9969;2998;2801;3313;2627;2636;1697;191;174;;;;3025;;;;;;;;;;;;;;508;;583;;;;;41531;129;130
Leiden;6341;7107;2890;10768;5922;9332;2518;2567;2001;3734;1466;237;853;;;148;;;;;;268;180;;;;;;;;;;;;;;;36522;151;202
Leiderdorp;2056;2333;992;1417;1309;1420;624;442;475;505;720;164;108;;;35;;;;;;98;12;;;;;;;;;;;;;;;8060;29;29
Leidschendam-Voorburg;5203;7197;2903;3133;2775;3944;1955;1190;1037;1590;1558;177;279;;;90;;;;;;461;72;;;;;;;;;;;;;;;22127;90;97
Lelystad;5612;4038;1649;2238;3235;1358;3196;2001;1752;1322;1523;249;788;;;;;;;;;;;;;;;;;;;;;53;;524;232;26849;125;81
Leudal;2171;1701;3804;908;790;1275;1681;985;182;478;474;;16;;;;;;;986;;;;;;;;;;;;;;;;;;12932;30;65
Leusden;1849;2780;1985;1928;1169;1297;524;973;1359;597;491;316;37;;;;;;;;;;;;;;;;;108;;;;;;;;7799;35;54
Lingewaard;3255;3721;2345;1887;1797;1758;1321;2020;345;715;943;40;38;;;;;;;;;;;237;;;;;;;;;;16;;;;15819;47;57
Lisse;2171;1949;1249;631;607;957;561;365;506;350;538;625;12;;;21;;;;;;276;14;;;;;;;;;;;;;;;6691;24;19
Lochem;1773;3783;2198;2277;1857;1532;642;843;563;836;600;60;94;;;;;;;;;;;257;;;;;;;;;;25;;;;9644;32;55
Loon op Zand;1521;1601;1356;648;581;619;821;770;;292;377;;26;;431;18;;168;;;;;;;;;68;;46;;;;;;;;;8903;26;45
Lopik;1091;979;1393;302;295;186;576;180;750;176;176;678;41;;;;;;;;;;;;;;;;;37;;;;;;;;4222;17;27
Loppersum;312;275;692;486;468;155;182;590;670;159;66;;2;;;;;;678;;;;;;;207;;;;;;;;;;;;2748;11;8
Losser;1747;1353;2427;642;665;534;1028;562;161;251;497;34;21;;;;;;;;;;;;;;;;;;;;;;;;;7949;24;26
Maasdriel;2280;1725;1765;679;501;505;1046;690;228;342;470;260;27;;;;;;;;;;;100;;;;;;;;;;;;;;7855;28;59
Maasgouw;1656;1003;2440;593;449;481;1245;599;94;408;579;;24;;;;;;;484;;;;;;;;;;;;;;;;;;9401;22;60
Maassluis;2694;2007;1515;767;1215;783;1041;514;854;468;808;144;644;;;42;;;;;;82;58;;;;;;;;;;;14;;;;11227;38;44
Maastricht;6684;4642;4687;6189;3689;4145;5795;3156;704;2427;1880;;415;;;;;;;716;;;;;;;;;;;;;;;;;;41963;187;122
Medemblik;3741;3332;2722;1472;1461;1308;1269;956;821;748;;;92;468;;365;;;;;517;;31;;;;;;;;;;;;;;;14582;51;48
Meerssen;1326;1058;1586;1040;493;518;1077;601;116;369;378;;13;;;;;;;239;;;;;;;;;;;;;;;;;;6481;15;22
Meierijstad;4420;5316;6114;1995;1855;2421;2324;3493;;861;1120;;503;;634;243;;206;;;;;;;;;306;;181;;;;;;;;;29911;113;128
Meppel;1950;2411;1529;1577;1946;964;861;1084;1440;571;445;93;76;;;;;;;;;;;;;;;402;;;;184;;;100;;;10309;34;34
Middelburg;1898;2070;2667;2317;2440;1268;1018;1126;1776;1127;881;2224;235;;;;;;;;;;;;891;;;;;;;;;;;;;15199;55;64
Midden-Delfland;1582;2054;1689;706;615;904;396;284;591;310;362;57;19;;;26;;;;;;43;13;;;;;;;;;;;5;;;;5094;17;25
Midden-Drenthe;2082;2551;2131;1109;2216;863;834;807;1106;564;632;152;7;;;;;;;;;;;;;;;415;;;;635;;;74;;;10379;31;19
Midden-Groningen;3055;2084;1437;1796;2893;975;1987;2485;2077;709;773;;282;;;;;;2855;;;;;;;1249;;;;;;;;;;;;23586;66;84
Mill en Sint Hubert;728;633;1242;223;209;189;343;516;;127;162;;6;;411;6;;21;;;;;;;;;43;;26;;;;;;;;;3837;16;20
Moerdijk;2744;2411;1921;778;988;831;1318;1217;;488;653;;43;;641;28;;631;;;;;;;;;145;;95;;;;;;;;;13962;30;41
Molenlanden;2787;2757;3040;618;1176;685;1164;679;3918;450;552;4006;26;;;85;;;;;;139;19;;;;;;;;;;;52;;;;10847;33;28
Montferland;2678;2329;2837;926;1156;884;1671;1039;188;475;782;34;78;;;;;;;;;;;271;;;;;;;;;;14;;;;13513;41;53
Montfoort;1031;1260;1141;615;459;435;379;207;559;168;222;506;27;;;;;;;;;;;;;;;;;60;;;;;;;;3514;13;14
Mook en Middelaar;522;615;418;817;493;320;219;239;57;194;113;;5;;;;;;;57;;;;;;;;;;;;;;;;;;2256;10;7
Neder-Betuwe;1479;1001;847;293;725;232;871;292;719;194;254;4264;21;;;;;;;;;;;85;;;;;;;;;;;;;;6089;23;22
Nederweert;1031;723;3095;377;273;385;713;567;44;205;202;;7;;;;;;;170;;;;;;;;;;;;;;;;;;5832;17;35
Nieuwegein;4153;3604;2204;2955;2373;1651;2256;1748;1216;1077;1464;186;398;;;;;;;;;;;;;;;;;318;;;;;;;;22967;78;99
Nieuwkoop;2600;2609;1988;723;749;862;748;310;606;351;615;279;22;;;56;;;;;;108;13;;;;;;;;;;;;;;;9537;24;26
Nijkerk;2802;3047;3070;1116;998;930;1266;484;2938;488;582;1672;173;;;;;;;;;;;179;;;;;;;;;;39;;;;12410;32;57
Nijmegen;7265;8216;4012;18554;8311;10099;3652;6879;1587;6238;2105;147;1282;;;;;;;;;;;710;;;;;;;;;;;;;;57927;195;325
Nissewaard;8000;4072;1812;1655;2894;1398;4291;1997;1101;1207;2181;289;247;;;90;;;;;;731;35;;;;;;;;;;;65;;;;34101;109;91
Noardeast-Fryslân;2909;1370;4743;946;1612;423;1153;812;2015;468;353;278;6;;;;2229;;;;;;;;;;;;;;280;;138;;;;;15336;48;31
Noord-Beveland;523;465;706;207;271;130;288;163;111;171;170;237;5;;;;;;;;;;;;256;;;;;;;;;;;;;2191;3;7
Noordenveld;1877;2280;1211;1902;2391;1192;800;935;1049;604;521;63;7;;;;;;;;;;;;;;;340;;;;337;;;81;;;9494;19;41
Noordoostpolder;2903;2721;4166;1211;1379;781;1472;1322;2278;463;612;1159;142;;;;;;;;;;;;;;;;;;;;;52;;79;92;12932;47;66
Noordwijk;4428;4385;2100;1336;1246;1507;1171;650;406;660;924;66;54;;;37;;;;;;254;20;;;;;;;;;;;;;;;13142;64;61
Nuenen, Gerwen en Nederwetten;1344;2090;1533;1289;767;956;544;1103;;448;531;;11;;291;18;;158;;;;;;;;;78;;73;;;;;;;;;6918;13;56
Nunspeet;1832;1209;1698;510;396;329;748;339;2460;267;327;4017;31;;;;;;;;;;;95;;;;;;;;;;26;;;;6686;23;24
Oegstgeest;1352;2715;1022;1511;1068;1980;318;334;532;630;417;45;42;;;39;;;;;;84;7;;;;;;;;;;;;;;;5415;17;35
Oirschot;1054;1472;1913;480;459;677;588;655;;248;337;;6;;141;23;;57;;;;;;;;;89;;46;;;;;;;;;6574;25;23
Oisterwijk;1547;2438;1514;1057;635;1172;632;857;;432;445;;33;;309;17;;118;;;;;;;;;122;;59;;;;;;;;;9093;20;49
Oldambt;2274;1402;989;875;2153;599;1553;1981;954;464;507;;17;;;;;;1152;;;;;;;1353;;;;;;;;;;;;14453;48;73
Oldebroek;1270;621;1313;504;460;225;716;317;2798;229;240;1939;4;;;;;;;;;;;151;;;;;;;;;;46;;;;7123;29;10
Oldenzaal;2083;2618;2434;1788;1167;824;1149;857;186;360;707;33;185;;;;;;;;;;;;;;;;;;;;;;;;;10291;46;69
Olst-Wijhe;930;1133;1888;1250;895;528;441;525;226;302;299;66;17;;;;;;;;;;;;;;;;;;;;;;;;;5823;12;10
Ommen;1026;1200;2351;543;520;395;454;349;1404;217;277;209;8;;;;;;;;;;;;;;;;;;;;;;;;;4825;19;26
Oost Gelre;1886;2684;3250;811;1318;770;638;789;130;287;672;34;60;;;;;;;;;;;154;;;;;;;;;;12;;;;10002;38;57
Oosterhout;3498;3883;2199;1991;1371;1839;1796;1510;;754;967;;343;;1171;55;;269;;;;;;;;;187;;106;;;;;;;;;21272;43;62
Ooststellingwerf;1829;1292;1707;938;1612;430;846;716;745;553;388;88;11;;;;362;;;;;;;;;;;;;;425;;115;;;;;8442;27;36
Oostzaan;1083;694;244;534;446;317;381;190;142;307;;;16;187;;68;;;;;60;;6;;;;;;;;;;;;;;;2909;11;9
Opmeer;970;871;1034;345;406;363;340;269;88;159;;;6;157;;95;;;;;159;;6;;;;;;;;;;;;;;;3786;13;13
Opsterland;1462;1349;2003;1193;2111;750;698;864;1306;415;290;233;8;;;;953;;;;;;;;;;;;;;326;;125;;;;;9250;27;34
Oss;5700;5447;4435;2745;1919;2666;3141;6646;;1218;1504;;794;;644;70;;255;;;;;;;;;243;;135;;;;;;;;;32436;129;153
Oude IJsselstreek;2274;2625;3034;1086;1569;919;1274;1745;360;528;863;52;382;;;;;;;;;;;282;;;;;;;;;;11;;;;14238;42;63
Ouder-Amstel;877;1196;507;996;660;800;241;211;248;336;;;41;275;;98;;;;;52;;10;;;;;;;;;;;;;;;3658;17;20
Oudewater;732;811;1202;314;241;244;265;119;358;101;172;221;9;;;;;;;;;;;;;;;;;51;;;;;;;;3000;16;10
Overbetuwe;2954;3395;2797;2074;1635;1777;1325;1276;1021;757;799;470;98;;;;;;;;;;;267;;;;;;;;;;22;;;;15663;53;56
Papendrecht;2362;2065;1139;800;1004;716;1050;608;1430;413;687;765;118;;;62;;;;;;313;14;;;;;;;;;;;21;;;;11609;37;32
Peel en Maas;2737;2701;5678;927;792;740;1863;956;110;400;482;;93;;;;;;;348;;;;;;;;;;;;;;;;;;16340;32;76
Pekela;718;269;298;202;587;89;717;899;256;146;128;;0;;;;;;466;;;;;;;167;;;;;;;;;;;;4840;18;14
Pijnacker-Nootdorp;4265;4766;2377;1900;1654;2640;1408;733;1115;1087;882;241;137;;;84;;;;;;512;33;;;;;;;;;;;;;;;15232;65;70
Purmerend;7618;3607;1759;3107;3015;2124;3429;2050;652;1588;;;406;1204;;573;;;;;1050;;117;;;;;;;;;;;;;;;30064;125;84
Putten;1785;1494;1911;384;334;333;704;231;2263;271;396;1736;25;;;;;;;;;;;65;;;;;;;;;;22;;;;6597;26;25
Raalte;1928;2920;5330;1640;1155;1072;849;912;502;337;758;90;57;;;;;;;;;;;;;;;;;;;;;;;;;12060;20;61
Reimerswaal;1062;593;1584;183;550;133;610;282;623;178;285;4014;19;;;;;;;;;;;;605;;;;;;;;;;;;;4817;22;19
Renkum;1731;2576;1407;2810;1464;1748;680;713;676;1088;673;108;67;;;;;;;;;;;252;;;;;;;;;;13;;;;8906;31;45
Renswoude;415;302;395;63;45;48;116;48;408;38;36;639;0;;;;;;;;;;;;;;;;;9;;;;;;;;1250;5;4
Reusel-De Mierden;589;854;1160;236;357;316;370;468;;137;280;;3;;127;15;;27;;;;;;;;;54;;21;;;;;;;;;5099;8;19
Rheden;2496;3007;1833;2674;2483;1676;1319;1616;867;1274;735;93;184;;;;;;;;;;;308;;;;;;;;;;26;;;;14198;64;52
Rhenen;1354;1231;835;845;536;523;551;237;895;283;239;1868;71;;;;;;;;;;;;;;;;;99;;;;;;;;5622;33;21
Ridderkerk;4218;2211;1409;941;1490;851;1673;903;1681;639;1195;2452;216;;;65;;;;;;123;43;;;;;;;;;;;32;;;;16294;54;50
Rijssen-Holten;2162;1876;3060;636;946;568;1010;458;2799;217;391;5432;75;;;;;;;;;;;;;;;;;;;;;;;;;8720;47;31
Rijswijk;3930;3632;1457;2274;1836;2008;1968;838;685;994;1154;119;327;;;66;;;;;;188;61;;;;;;;;;;;22;;;;17751;76;66
Roerdalen;1273;1140;1776;559;472;284;1307;624;65;305;282;;28;;;;;;;597;;;;;;;;;;;;;;;;;;7661;18;35
Roermond;3269;2822;3120;2501;1293;1293;2732;1516;248;852;702;;852;;;;;;;549;;;;;;;;;;;;;;;;;;22745;52;96
Roosendaal;4545;4469;3083;2628;1896;1629;2687;2423;;929;1439;;836;;616;44;;424;;;;;;;;;198;;255;;;;;;;;;30360;114;86
Rotterdam;31818;25965;8328;24858;17915;19894;15889;10379;6759;10949;8862;1863;15263;;;675;;;;;;;3146;;;;;;;;;;;;;;;252249;1273;590
Rozendaal;96;347;95;109;77;115;20;21;35;39;21;4;0;;;;;;;;;;;8;;;;;;;;;;0;;;;254;5;0
Rucphen;1614;993;1002;302;301;316;2440;463;;240;338;;10;;350;9;;61;;;;;;;;;64;;43;;;;;;;;;9828;16;30
Schagen;3517;3606;3420;1834;2320;1264;1247;1302;402;849;;;18;583;;313;;;;;775;;17;;;;;;;;;;;;;;;15049;57;50
Scherpenzeel;839;675;585;203;172;143;241;101;641;79;117;1168;4;;;;;;;;;;;33;;;;;;;;;;3;;;;2338;2;11
Schiedam;5774;3064;1398;2463;2338;1734;2558;1582;717;1236;1615;157;2127;;;128;;;;;;146;180;;;;;;;;;;;32;;;;28204;100;120
Schiermonnikoog;61;69;68;58;96;16;33;24;28;34;6;2;2;;;;22;;;;;;;;;;;;;;2;;1;;;;;240;3;7
Schouwen-Duiveland;1993;2284;2198;1115;1117;574;874;806;901;625;743;2098;10;;;;;;;;;;;;1729;;;;;;;;;;;;;10026;41;23
's-Gravenhage;25331;27603;8308;21504;15175;19266;13689;5997;5104;10953;6214;1029;10407;;;471;;;;;;900;1518;;;;;;;;;;;;;;;177238;996;539
's-Hertogenbosch;8622;10369;5610;7699;4598;7888;4907;6067;;3110;2143;;926;;984;150;;696;;;;;;;;;535;;328;;;;;;;;;54577;177;208
Simpelveld;605;245;1282;237;400;153;715;386;40;235;128;;7;;;;;;;113;;;;;;;;;;;;;;;;;;3711;6;12
Sint Anthonis;672;855;1664;265;224;325;250;653;;132;256;;4;;200;12;;35;;;;;;;;;53;;27;;;;;;;;;3618;18;17
Sint-Michielsgestel;1527;2152;1950;1111;841;1539;808;1161;;410;418;;7;;258;30;;107;;;;;;;;;109;;63;;;;;;;;;10004;30;47
Sittard-Geleen;5586;3385;5998;3670;2573;2334;6286;3261;445;1598;1814;;309;;;;;;;1406;;;;;;;;;;;;;;;;;;35714;134;203
Sliedrecht;1625;1062;1044;366;729;344;756;511;1409;307;369;2259;99;;;32;;;;;;86;8;;;;;;;;;;;19;;;;7925;29;18
Sluis;1234;1347;1612;403;832;290;612;466;148;325;373;123;8;;;;;;;;;;;;1653;;;;;;;;;;;;;7873;17;28
Smallingerland;3082;2212;3565;1902;3480;1131;1708;1640;3112;722;686;426;48;;;;1409;;;;;;;;;;;;;;750;;181;;;;;17372;76;77
Soest;3131;4251;2196;2581;1664;1830;1334;669;1208;1059;929;364;468;;;;;;;;;;;;;;;;;389;;;;;;;;13109;36;51
Someren;1167;1210;1926;372;449;401;649;469;;184;332;;19;;375;14;;52;;;;;;;;;211;;33;;;;;;;;;7168;15;42
Son en Breugel;933;1506;1025;675;456;859;388;488;;337;597;;6;;210;11;;122;;;;;;;;;50;;40;;;;;;;;;5319;18;24
Stadskanaal;1744;789;1618;521;1432;361;1253;1320;2238;237;389;;8;;;;;;953;;;;;;;454;;;;;;;;;;;;12314;36;47
Staphorst;1205;532;972;177;268;128;391;140;1790;88;118;3177;3;;;;;;;;;;;;;;;;;;;;;;;;;3130;21;5
Stede Broec;1910;1452;1063;625;737;519;698;741;244;325;;;20;269;;260;;;;;246;;18;;;;;;;;;;;;;;;7359;33;22
Steenbergen;1943;1447;1043;412;539;636;1069;667;;291;401;;14;;210;17;;286;;;;;;;;;49;;116;;;;;;;;;9274;16;30
Steenwijkerland;3220;2929;3257;1715;2004;974;1426;1097;1893;704;976;405;84;;;;;;;;;;;;;;;;;;;;;;;;;14373;43;46
Stein;2049;912;2179;720;593;533;1976;930;86;373;568;;32;;;;;;;322;;;;;;;;;;;;;;;;;;9307;34;32
Stichtse Vecht;4521;5612;3358;3468;2259;2356;1947;1098;1466;1076;1452;670;177;;;;;;;;;;;;;;;;;194;;;;;;;;19258;80;77
Súdwest-Fryslân;5489;3917;9486;2834;4907;1752;2251;1892;2092;1056;1029;209;42;;;;4217;;;;;;;;;;;;;;507;;695;;;;;27332;79;99
Terneuzen;3304;1862;3618;932;2116;716;1823;1140;1159;562;1384;1171;249;;;;;;;;;;;;978;;;;;;;;;;;;;18673;76;84
Terschelling;378;477;288;276;449;158;90;87;59;86;62;3;0;;;;47;;;;;;;;;;;;;;19;;17;;;;;1571;8;8
Texel;1361;1185;824;866;678;446;372;423;338;318;;;4;157;;86;;;;;122;;6;;;;;;;;;;;;;;;3663;19;31
Teylingen;3033;3975;2134;1502;1145;1792;843;540;652;615;843;66;79;;;29;;;;;;192;6;;;;;;;;;;;;;;;10504;42;47
Tholen;1473;923;1437;306;581;133;1222;492;930;243;341;3429;30;;;;;;;;;;;;590;;;;;;;;;;;;;7190;33;27
Tiel;2981;2513;1070;1243;1527;1010;1369;795;584;639;830;166;586;;;;;;;;;;;172;;;;;;;;;;;;;;15755;40;44
Tilburg;12828;10622;5862;9564;5447;8781;4379;6803;;3679;2832;;2120;;1271;238;;762;;;;;;;;;725;;374;;;;;;;;;85911;230;343
Tubbergen;1581;1385;4165;373;492;302;784;334;92;125;278;43;3;;;;;;;;;;;;;;;;;;;;;;;;;6620;28;16
Twenterand;2041;1130;4325;595;657;355;1964;721;1776;172;481;1085;15;;;;;;;;;;;;;;;;;;;;;;;;;10474;30;29
Tynaarlo;1548;2763;1287;2477;2313;1689;642;806;1111;691;499;45;6;;;;;;;;;;;;;;;368;;;;577;;;73;;;9308;26;42
Tytsjerksteradiel;2126;1197;3202;1167;1879;517;821;621;1200;416;329;189;5;;;;1785;;;;;;;;;;;;;;200;;131;;;;;9039;43;35
Uden;2403;3068;2552;1168;942;1577;1156;2191;;556;627;;206;;389;32;;113;;;;;;;;;177;;87;;;;;;;;;15084;48;66
Uitgeest;1163;1026;682;857;630;649;404;368;129;301;;;12;165;;130;;;;;132;;11;;;;;;;;;;;;;;;3726;15;27
Uithoorn;2478;2449;960;1333;1025;969;909;526;315;583;;;68;483;;223;;;;;107;;21;;;;;;;;;;;;;;;9004;28;31
Urk;1707;68;822;11;15;15;1262;31;1673;20;42;3914;10;;;;;;;;;;;;;;;;;;;;;92;;2;10;3917;27;9
Utrecht;10392;19273;7715;42830;12297;22421;5750;5529;6175;10529;2190;531;6545;;;;;;;;;;;;;;;;;1235;;;;;;;;98992;398;575
Utrechtse Heuvelrug;2945;4592;2619;3627;1538;2528;987;786;1535;1460;780;1291;158;;;;;;;;;;;;;;;;;323;;;;;;;;14268;53;61
Vaals;389;211;593;204;330;99;451;290;34;170;120;;10;;;;;;;60;;;;;;;;;;;;;;;;;;3084;14;13
Valkenburg aan de Geul;1122;845;1767;658;389;369;844;547;88;298;276;;8;;;;;;;348;;;;;;;;;;;;;;;;;;5969;28;39
Valkenswaard;1991;1963;1722;895;969;826;1169;1141;;431;655;;11;;378;22;;130;;;;;;;;;167;;256;;;;;;;;;11997;27;70
Veendam;1542;863;573;658;1498;450;1011;1231;572;277;299;;154;;;;;;1730;;;;;;;460;;;;;;;;;;;;10539;34;28
Veenendaal;4083;3353;3079;1760;1341;1107;1609;1090;5650;555;924;3810;805;;;;;;;;;;;;;;;;;344;;;;;;;;19454;73;70
Veere;1048;1579;2212;741;1137;399;438;320;684;439;479;2124;3;;;;;;;;;;;;590;;;;;;;;;;;;;5097;24;18
Veldhoven;2739;3230;2205;1395;1221;1625;1378;1724;;593;983;;33;;487;45;;287;;;;;;;;;687;;166;;;;;;;;;15939;54;65
Velsen;6091;3861;1745;3007;2728;2365;2340;1640;1112;1459;;;372;1155;;449;;;;;395;;67;;;;;;;;;;;;;;;23527;89;80
Venlo;5279;4192;6455;3174;2701;1786;5557;3065;347;992;1449;;1124;;;;;;;1743;;;;;;;;;;;;;;;;;;37752;121;128
Venray;2267;2147;3758;1224;1020;2158;1417;1638;168;410;542;;235;;;;;;;233;;;;;;;;;;;;;;;;;;15945;33;56
Vijfheerenlanden;3809;3020;3616;1547;1657;1301;1769;920;2290;639;727;3070;625;;;;;;;;;;;;;;;;;135;;;;;;;;17421;68;55
Vlaardingen;5657;3325;1895;2175;2430;1782;2386;1764;1283;1162;1482;503;1180;;;152;;;;;;130;90;;;;;;;;;;;37;;;;26526;80;114
Vlieland;58;118;26;46;61;34;17;18;8;22;17;0;0;;;;13;;;;;;;;;;;;;;6;;11;;;;;427;0;0
Vlissingen;2430;1764;1794;1228;1697;892;1195;1098;622;838;1652;511;173;;;;;;;;;;;;1038;;;;;;;;;;;;;16684;50;58
Voerendaal;721;653;1051;455;403;418;600;456;73;353;184;;7;;;;;;;552;;;;;;;;;;;;;;;;;;4151;11;22
Voorschoten;1804;2762;1257;1642;1105;1523;544;366;420;541;483;51;55;;;33;;;;;;88;7;;;;;;;;;;;;;;;6132;29;40
Voorst;1453;1997;1877;1105;1063;839;580;605;478;411;589;308;44;;;;;;;;;;;213;;;;;;;;;;14;;;;7732;23;36
Vught;1274;2731;1067;1304;948;1658;492;1249;;500;261;;6;;164;13;;139;;;;;;;;;86;;46;;;;;;;;;8301;21;31
Waadhoeke;2779;1832;4144;1331;2697;666;1118;1066;1017;622;520;94;20;;;;2329;;;;;;;;;;;;;;494;;178;;;;;14660;46;38
Waalre;977;1800;970;774;474;935;381;532;;375;329;;16;;143;26;;122;;;;;;;;;91;;146;;;;;;;;;4989;20;18
Waalwijk;3004;2830;1918;1238;953;1242;1549;1448;;580;750;;206;;513;33;;1585;;;;;;;;;168;;89;;;;;;;;;18596;30;51
Waddinxveen;2162;1974;1125;842;784;856;728;387;1645;390;614;1382;168;;;40;;;;;;91;32;;;;;;;;;;;;;;;8145;24;25
Wageningen;1234;1812;1093;4744;2104;2765;522;1002;1143;1305;389;194;68;;;;;;;;;;;253;;;;;;;;;;11;;;;9410;31;52
Wassenaar;2248;3600;1386;670;490;889;598;222;243;442;373;38;22;;;21;;;;;;177;11;;;;;;;;;;;;;;;6324;50;28
Waterland;1875;1206;1193;1320;900;710;501;390;269;494;;;5;213;;117;;;;;150;;6;;;;;;;;;;;;;;;4166;18;22
Weert;3364;2870;3674;1579;1089;1286;2000;1465;176;580;604;;340;;;;;;;1244;;;;;;;;;;;;;;;;;;18624;55;86
Weesp;1129;1244;731;1347;848;910;464;504;242;448;;;159;328;;115;;;;;73;;24;;;;;;;;;;;;;;;5857;29;27
West Betuwe;4668;3514;2485;1406;1518;1237;1740;801;1626;726;884;2888;68;;;;;;;;;;;530;;;;;;;;;;;;;;14641;65;53
West Maas en Waal;1588;1614;1217;498;477;450;763;912;109;270;460;20;3;;;;;;;;;;;94;;;;;;;;;;;;;;6758;19;39
Westerkwartier;3185;2476;3983;2788;2851;1324;1384;1478;4772;694;642;;24;;;;;;2682;;;;;;;862;;;;;;;;;;;;19568;61;74
Westerveld;1149;1846;942;1157;1219;569;498;478;439;608;382;74;5;;;;;;;;;;;;;;;566;;;;201;;;52;;;5767;13;29
Westervoort;1095;890;713;670;688;379;490;560;220;321;318;17;49;;;;;;;;;;;71;;;;;;;;;;8;;;;5357;19;29
Westerwolde ;1707;975;1195;687;1288;361;1276;1064;575;521;325;;11;;;;;;725;;;;;;;418;;;;;;;;;;;;8820;17;36
Westland;11804;10135;8325;1981;2263;2591;3444;1103;2276;1266;1940;784;275;;;113;;;;;;331;82;;;;;;;;;;;42;;;;32084;112;140
Weststellingwerf;1791;1568;1784;820;1525;474;857;750;397;455;443;53;27;;;;281;;;;;;;;;;;;;;282;;120;;;;;9040;28;39
Westvoorne;1747;1802;570;295;555;497;508;240;216;345;342;42;6;;;24;;;;;;65;3;;;;;;;;;;;3;;;;4650;20;21
Wierden;1760;1817;3184;521;560;460;781;370;1462;160;487;599;8;;;;;;;;;;;;;;;;;;;;;;;;;6666;21;18
Wijchen;2752;2828;2908;1505;1491;1352;1322;1472;305;628;1095;45;100;;;;;;;;;;;191;;;;;;;;;;;;;;14166;47;80
Wijdemeren;2067;2474;1478;1172;794;1048;668;409;605;526;;;10;376;;170;;;;;75;;11;;;;;;;;;;;;;;;6957;26;27
Wijk bij Duurstede;1576;1959;1371;1460;701;639;739;702;545;424;383;420;38;;;;;;;;;;;;;;;;;206;;;;;;;;7388;22;28
Winterswijk;1611;2365;2079;1143;1427;958;592;908;292;324;480;50;73;;;;;;;;;;;122;;;;;;;;;;12;;;;10090;30;45
Woensdrecht;1541;1307;1010;366;441;574;902;539;;314;404;;12;;289;18;;88;;;;;;;;;67;;40;;;;;;;;;8206;17;24
Woerden;3048;3897;4111;2692;1754;1789;1087;865;2014;936;643;994;277;;;;;;;;;;;;;;;;;557;;;;;;;;14659;43;72
Wormerland;1287;1134;591;1050;854;550;484;517;261;434;;;52;267;;131;;;;;149;;4;;;;;;;;;;;;;;;5171;21;23
Woudenberg;743;864;871;397;308;243;262;161;814;161;196;1539;11;;;;;;;;;;;;;;;;;47;;;;;;;;3146;9;14
Zaanstad;10610;6559;2939;7335;6230;4114;4873;4526;1949;3375;;;2397;2135;;982;;;;;1181;;210;;;;;;;;;;;;;;;54877;210;161
Zaltbommel;1567;1701;1477;900;779;683;740;561;1112;410;424;2300;74;;;;;;;;;;;114;;;;;;;;;;;;;;7875;33;28
Zandvoort;1811;1424;562;556;586;496;768;261;104;378;;;28;195;;75;;;;;273;;4;;;;;;;;;;;;;;;5777;35;33
Zeewolde;1812;1750;1154;856;505;496;532;347;1183;331;424;203;27;;;;;;;;;;;;;;;;;;;;;23;;52;42;6234;24;25
Zeist;3175;5645;2409;4958;2096;2882;1365;1007;1754;1597;768;578;587;;;;;;;;;;;;;;;;;548;;;;;;;;18459;77;84
Zevenaar;2942;2765;2669;1466;1779;1167;1487;1356;311;625;989;46;126;;;;;;;;;;;418;;;;;;;;;;23;;;;16585;46;58
Zoetermeer;10096;8012;2999;4239;4448;4041;4328;2421;2136;2186;3204;703;548;;;204;;;;;;414;107;;;;;;;;;;;;;;;45048;170;125
Zoeterwoude;665;773;576;377;352;412;229;182;137;159;198;32;14;;;6;;;;;;51;2;;;;;;;;;;;;;;;2479;20;14
Zuidplas;3366;3493;1620;1113;1149;1320;1037;792;1938;630;860;1655;165;;;48;;;;;;203;28;;;;;;;;;;;;;;;12900;51;38
Zundert;1361;1582;1647;428;363;568;753;620;;262;345;;17;;333;19;;71;;;;;;;;;53;;42;;;;;;;;;8381;25;25
Zutphen;2238;2491;1430;3685;2812;1768;1171;2029;994;1792;760;111;291;;;;;;;;;;;240;;;;;;;;;;69;;;;15146;41;60
Zwartewaterland;1224;771;1593;363;560;193;667;409;2236;181;260;2700;4;;;;;;;;;;;;;;;;;;;;;;;;;5325;20;17
Zwijndrecht;3372;2340;1639;1000;1225;874;1408;863;1550;591;1004;1022;356;;;50;;;;;;276;35;;;;;;;;;;;21;;;;16797;38;51
Zwolle;5446;7677;5118;9889;6007;5031;2780;3738;7859;2894;1572;809;722;;;;;;;;;;;;;;;;;;;;;;;;;37717;125;166
