RegioNaam;@invalid;@blank;CDA;PvdA;VVD;Regenboog;D66;SGP-GPV-RPF;Centrumdemocraten;SP;Initiatief voor Europese Democratie;God Met Ons;@abs
Aalburg-G0738;31;;1430;628;292;71;94;1572;14;3;11;4;3454
Aalsmeer-G0358;47;;3262;1679;1793;392;441;309;59;12;57;14;8801
Aalten-G0197;31;;4685;1670;562;343;219;312;28;5;24;16;5587
Aardenburg-G0648;12;;580;395;312;39;64;21;16;4;8;5;1240
Aarle-Rixtel-G0739;20;;1121;505;234;87;103;17;14;13;14;12;2018
Abcoude-G0305;0;;1270;589;880;236;275;150;27;6;29;17;2377
Achtkarspelen-G0059;72;;4876;4210;546;394;251;1309;22;9;14;12;8046
Adorp-G0001;2;;320;209;86;86;28;125;1;0;2;0;473
Aduard-G0002;1;;423;416;114;75;46;210;5;1;3;0;827
Akersloot-G0360;4;;860;388;323;108;177;17;9;8;10;11;1901
Alblasserdam-G0482;30;;1491;2670;595;242;341;1306;59;14;19;13;6107
Albrandswaard-G0613;25;;1934;1340;1117;231;367;336;52;15;15;15;5453
Alkemade-G0483;12;;2705;790;711;289;229;33;33;8;22;12;5266
Alkmaar-G0361;159;;7105;9644;3754;2973;1929;549;231;284;125;131;37378
Almelo-G0141;134;;7607;9053;2437;1002;1129;650;143;74;50;90;22032
Almere-G0034;82;;2572;7499;3095;1769;1638;299;406;99;104;40;27339
Alphen aan den Rijn-G0484;110;;6977;4417;3793;1299;1472;1414;144;368;84;57;22652
Alphen en Riel-G0741;11;;1352;404;272;70;102;5;14;5;12;12;2268
Ambt Delden-G0142;17;;1982;313;273;44;46;4;1;5;4;15;1333
Ameland-G0060;13;;748;483;207;84;83;30;9;0;1;4;708
Amerongen-G0306;9;;977;617;441;118;135;427;16;5;10;2;2260
Amersfoort-G0307;114;;10611;9124;4780;3420;2235;3087;227;112;148;68;38937
Ammerzoden-G0198;10;;849;421;113;26;49;54;6;0;2;5;1573
Amstelveen-G0362;140;;7736;6596;7462;2284;2548;568;264;44;193;82;27028
Amsterdam-G0363;1344;;29184;82540;25079;38870;15950;2433;4687;1391;1526;546;308496
Andijk-G0364;13;;880;541;216;122;90;241;13;4;15;3;2058
Angerlo-G0199;12;;848;569;156;67;88;6;9;3;2;0;1502
Anloo-G0105;16;;332;1550;806;219;226;52;5;9;7;3;2459
Anna Paulowna-G0366;19;;1296;824;764;136;196;98;22;5;9;20;4190
Apeldoorn-G0200;290;;17414;14835;8358;2983;3848;3811;326;120;405;120;57834
Appingedam-G0003;26;;1277;2438;393;247;196;208;17;22;11;8;4772
Arcen en Velden-G0885;16;;1929;537;289;134;119;23;8;20;9;19;3279
Arnemuiden-G0649;9;;337;219;133;30;42;601;3;1;3;4;1768
Arnhem-G0202;280;;11279;15263;5755;4769;3294;1074;360;570;233;176;56376
Assen-G0106;132;;4311;8491;2566;1483;1157;1866;81;127;58;25;16877
Asten-G0743;33;;3421;1018;432;250;193;11;16;25;19;40;5418
Avereest-G0143;28;;2785;1607;698;177;221;437;21;5;14;12;4580
Axel-G0650;34;;1255;1103;438;111;161;680;20;10;9;8;5225
Baarle-Nassau-G0744;11;;1238;385;261;71;71;14;15;0;6;10;2174
Baarn-G0308;43;;2979;2358;2326;633;677;590;101;24;52;24;9108
Baexem-G0886;5;;636;143;76;13;44;4;3;1;3;0;898
Baflo-G0004;5;;458;401;155;129;66;107;1;4;2;1;793
Bakel en Milheeze-G0745;14;;1846;446;182;78;78;1;7;4;6;13;2896
Barendrecht-G0489;25;;3105;1495;1281;403;555;1247;70;19;38;9;6476
Barneveld-G0203;85;;6929;1542;1784;391;473;5052;54;26;28;34;12666
Barsingerhorn-G0369;11;;180;632;315;81;60;6;12;3;6;2;1653
Bathmen-G0144;15;;662;602;726;99;212;24;4;1;8;2;1580
Bedum-G0005;13;;1822;1155;321;213;185;861;5;5;6;5;2522
Beegden-G0887;3;;371;207;43;21;27;0;5;0;0;1;678
Beek-G0888;63;;3027;1692;655;318;330;33;30;18;15;63;6856
Beek en Donk-G0746;15;;1632;872;207;207;117;7;10;23;11;16;3715
Beemster-G0370;17;;959;893;821;191;165;30;9;4;14;6;2812
Beers-G0747;5;;874;274;111;43;56;0;1;3;4;5;944
Beerta-G0006;13;;55;833;128;427;23;11;5;10;7;0;870
Beesel-G0889;22;;2081;1111;330;156;161;14;28;14;14;31;5327
Beilen-G0107;36;;1975;2769;874;287;266;289;15;23;11;15;4129
Belfeld-G0890;6;;992;472;140;68;66;4;7;8;0;6;2092
Bellingwedde-G0007;29;;521;2784;383;287;126;109;21;6;4;5;3223
Bemmel-G0206;27;;2511;1511;452;141;276;19;10;10;12;16;6872
Bennebroek-G0372;27;;993;385;654;173;163;47;14;3;13;13;2044
Benthuizen-G0490;3;;361;221;231;74;77;500;8;2;13;3;980
Bergambacht-G0491;18;;957;1225;675;128;178;806;23;9;12;2;2625
Bergen-G0373;33;;1644;1415;1431;543;436;62;37;16;30;16;5082
Bergen-G0893;28;;2844;1226;312;115;179;12;21;11;7;29;4994
Bergen op Zoom-G0748;85;;5078;3703;2066;640;857;137;208;99;66;33;20817
Bergeyk-G0749;15;;2267;793;357;159;132;14;28;10;8;46;3524
Bergh-G0207;60;;3373;2046;601;153;228;55;30;6;30;38;6990
Berghem-G0750;20;;800;632;125;43;80;5;11;115;7;14;2330
Bergschenhoek-G0492;11;;1452;460;550;135;150;216;25;5;5;12;2573
Berkel en Rodenrijs-G0493;25;;3135;855;1028;281;473;788;36;15;24;19;4649
Berkel-Enschot-G0751;19;;2261;721;689;178;274;33;14;3;17;11;3516
Berlicum-G0752;19;;1579;825;298;113;153;14;8;48;9;17;3387
Bernisse-G0568;23;;1480;1335;960;194;322;177;29;16;11;6;4776
Best-G0753;48;;3517;1794;816;326;362;97;51;51;27;30;9011
Beuningen-G0209;21;;2587;2010;702;433;512;56;17;28;11;32;9674
Beverwijk-G0375;60;;3510;4297;1359;988;676;190;91;21;64;57;15724
Bierum-G0008;6;;755;546;170;101;64;67;6;3;5;4;1507
Binnenmaas-G0585;28;;2128;2132;1505;268;426;691;47;21;29;5;6712
Bladel en Netersel-G0754;24;;1848;699;314;148;155;16;11;29;15;17;4084
Blaricum-G0376;17;;1185;831;1283;298;386;87;21;4;45;9;3664
Bleiswijk-G0495;18;;1639;477;664;93;221;299;10;4;11;10;2844
Bloemendaal-G0377;45;;2334;1180;2736;450;564;148;26;10;111;36;6175
Boarnsterhim-G0055;44;;1523;3999;1185;416;408;125;9;11;22;5;5592
Bodegraven-G0497;38;;3004;1091;930;276;360;820;33;15;18;24;6150
Boekel-G0755;31;;2021;703;204;106;85;12;7;14;11;15;3199
Bolsward-G0064;26;;1808;1441;339;201;189;106;6;4;5;16;3304
Borculo-G0211;31;;1437;1748;923;172;254;49;16;10;17;15;3013
Borger-G0108;40;;1253;2994;771;279;253;145;11;12;13;4;3971
Born-G0897;69;;2978;1452;397;186;222;21;34;5;16;48;5063
Borne-G0147;6;;4285;2327;970;350;488;96;13;29;18;37;7066
Borsele-G0654;26;;2847;1482;758;272;340;1469;41;6;31;25;7511
Boskoop-G0499;26;;2448;876;1062;417;390;511;37;5;25;17;4682
Boxmeer-G0756;37;;2994;1691;532;281;272;22;25;52;17;16;4800
Boxtel-G0757;54;;3328;2211;731;428;405;53;38;389;30;35;10472
Brakel-G0212;19;;661;543;138;46;45;891;9;7;6;2;2315
Breda-G0758;119;;13482;12286;5553;2951;2891;331;405;219;183;144;55534
Brederwiede-G0194;33;;2020;1489;579;156;223;674;9;5;15;2;3746
Breukelen-G0311;17;;2020;803;891;337;423;700;26;9;63;11;4981
Briefstemmen-G9999;387;;4813;4348;7193;1577;1270;545;130;120;344;104;7787
Brielle-G0501;25;;1367;1789;1226;338;454;144;49;23;13;10;5983
Broek in Waterland-G0380;7;;268;348;289;102;84;15;5;1;8;0;968
Broekhuizen-G0898;3;;477;142;74;38;21;2;2;3;2;5;593
Brouwershaven-G0656;5;;291;704;332;52;79;152;6;4;6;1;1176
Bruinisse-G0657;7;;350;344;184;23;38;404;3;1;1;9;978
Brummen-G0213;44;;1970;3660;1353;409;460;135;35;9;34;9;7486
Brunssum-G0899;57;;3941;4377;582;375;456;143;73;190;24;105;13066
Budel-G0759;35;;1839;900;257;89;94;17;31;21;15;19;5411
Bunnik-G0312;16;;2429;1016;1135;617;478;219;24;15;28;11;4485
Bunschoten-G0313;43;;2590;472;440;103;171;3840;43;4;15;4;4430
Buren-G0214;11;;885;1106;819;180;203;191;43;6;14;4;3800
Bussum-G0381;19;;3690;2667;3242;1112;815;474;34;10;80;74;13184
Callantsoog-G0382;9;;224;255;262;44;51;18;4;4;2;1;1058
Capelle aan den IJssel-G0502;24;;3796;5777;3104;927;1282;2407;179;117;63;31;25437
Castricum-G0383;39;;2980;2264;1791;832;851;101;61;16;68;28;8473
Chaam-G0760;9;;867;297;160;48;67;4;7;2;0;1;1263
Coevorden-G0109;32;;2228;2560;599;186;209;112;20;24;8;7;4930
Cothen-G0314;1;;547;142;88;29;43;27;6;2;3;2;916
Cromstrijen-G0611;16;;1104;1641;710;145;227;492;25;12;16;3;4603
Cuijk en Sint Agatha-G0761;43;;2292;1974;521;336;427;13;39;43;24;23;6484
Culemborg-G0216;6;;1996;2026;882;518;418;205;75;168;21;7;8832
Dalen-G0110;15;;540;1054;644;59;104;12;4;3;2;1;1643
Dalfsen-G0148;35;;3888;967;656;178;261;922;9;4;15;13;4235
Dantumadeel-G0065;50;;3209;2677;392;250;225;1326;9;5;17;16;5648
De Bilt-G0310;66;;4021;3174;3882;1097;1332;739;70;53;112;40;10254
De Lier-G0552;11;;2533;371;569;103;164;190;38;3;12;10;3135
De Ronde Venen-G0736;43;;4887;1576;2218;486;663;776;72;16;63;34;11854
De Wijk-G0135;13;;576;677;496;86;119;36;11;6;5;0;1672
Delft-G0503;173;;8321;10498;4474;4191;2950;1247;272;232;344;97;36223
Delfzijl-G0010;41;;1788;3881;957;505;408;474;43;48;21;18;9598
Den Dungen-G0768;14;;838;378;81;50;51;5;4;13;3;8;1776
Den Ham-G0159;21;;3424;1308;278;114;113;691;10;1;4;12;4433
Den Helder-G0400;104;;4883;6071;3436;704;1272;793;125;27;51;64;29440
Denekamp-G0149;44;;3893;929;297;108;146;15;17;3;14;57;3672
Deurne-G0762;52;;5157;2112;775;445;299;19;42;45;25;49;12527
Deventer-G0150;145;;5190;10725;3024;2234;1733;483;114;53;128;45;25335
Didam-G0218;27;;2867;1810;448;167;248;14;28;15;20;16;6493
Diemen-G0384;53;;1383;2062;1157;642;542;84;116;32;44;25;7598
Diepenheim-G0151;1;;364;557;289;58;48;10;1;2;1;1;724
Diepenveen-G0152;33;;2296;1086;909;186;285;62;16;1;13;37;3179
Diessen-G0763;8;;1074;202;102;36;30;3;0;2;6;11;1415
Diever-G0111;10;;466;722;358;99;70;35;4;1;2;1;957
Dinteloord en Prinsenland-G0764;14;;674;618;283;44;73;248;11;5;5;7;2219
Dinxperlo-G0219;33;;1793;813;250;71;77;68;12;3;1;5;2644
Dirksland-G0504;22;;689;733;316;62;75;1068;9;6;1;7;2508
Dodewaard-G0220;6;;457;510;126;39;49;224;3;3;2;6;1483
Doesburg-G0221;16;;1210;1710;426;157;217;95;19;86;15;7;3765
Doetinchem-G0222;64;;5286;5589;1881;1006;944;427;74;56;67;34;15534
Domburg-G0660;6;;636;381;299;75;87;370;7;1;10;3;1153
Dongen-G0766;7;;3007;1898;741;316;403;33;15;302;26;34;8937
Dongeradeel-G0058;75;;6005;2526;640;420;289;755;18;12;13;15;7106
Doorn-G0315;25;;1369;745;1239;244;370;337;15;7;33;13;3774
Dordrecht-G0505;105;;8382;12521;4303;2374;1920;2531;326;104;95;57;47710
Drechterland-G0498;13;;1553;638;406;198;183;31;10;6;7;27;3103
Driebergen-Rijsenburg-G0316;25;;2604;1416;1598;633;657;755;38;3;60;14;6171
Dronten-G0303;63;;3672;2046;1545;525;525;826;74;14;38;14;7521
Drunen-G0767;36;;2879;1477;684;200;303;38;48;71;20;31;6826
Druten-G0225;21;;2058;1633;391;220;245;22;20;20;16;17;6107
Duiveland-G0662;10;;467;563;318;34;86;865;8;2;3;5;1531
Duiven-G0226;12;;1996;1264;580;182;301;51;26;19;22;9;5898
Dussen-G0769;11;;1008;603;220;64;79;157;19;1;4;12;2317
Dwingeloo-G0112;15;;502;767;429;95;112;30;7;6;7;1;930
Echt-G0902;75;;3243;1555;343;235;534;37;27;6;16;81;7277
Echteld-G0227;11;;617;1081;334;63;92;504;5;2;7;1;2061
Edam-Volendam-G0385;51;;4066;1826;1022;342;252;44;52;11;29;213;9923
Ede-G0228;87;;12809;5804;5071;1920;1720;7466;166;172;156;84;30997
Eelde-G0113;39;;849;1753;1217;285;452;62;33;18;7;12;3428
Eemnes-G0317;15;;1051;517;557;186;249;152;11;2;20;11;2570
Eenrum-G0011;4;;96;635;160;108;46;54;2;2;0;2;707
Eersel-G0770;21;;2575;853;506;270;248;41;15;10;22;43;4379
Egmond-G0357;32;;1596;1271;730;307;177;38;37;6;30;22;4503
Eibergen-G0229;46;;4310;2133;583;302;284;47;16;33;16;15;4466
Eijsden-G0905;41;;1932;1050;423;181;197;11;10;10;21;62;4527
Eindhoven-G0772;176;;21661;17423;6485;5163;3637;778;407;704;246;321;91357
Elburg-G0230;50;;2798;1060;884;178;229;2780;26;11;12;18;6433
Elst-G0231;6;;2560;1566;711;313;382;64;10;30;16;9;7684
Emmen-G0114;202;;10382;19228;2927;1679;1404;1019;83;285;80;81;33058
Enkhuizen-G0388;47;;1731;2176;670;459;305;326;20;14;31;8;6008
Enschede-G0153;72;;13035;20131;5968;3300;2999;2782;174;267;188;100;59859
Epe-G0232;100;;4393;4406;2435;458;750;1195;80;17;62;32;11588
Ermelo-G0233;49;;4691;1027;1512;541;412;1784;53;53;42;13;8545
Erp-G0775;28;;1910;358;150;60;69;1;1;13;2;7;1869
Esch-G0776;6;;489;166;58;32;42;0;1;2;0;6;655
Etten-Leur-G0777;49;;4088;3075;1149;489;704;66;50;44;32;39;13503
Ezinge-G0012;2;;246;341;106;81;35;23;2;7;0;0;506
Ferwerderadeel-G0068;23;;1817;933;280;132;96;349;5;3;5;4;2863
Fijnaart en Heijningen-G0778;14;;990;767;247;58;87;53;17;3;11;4;2513
Finsterwolde-G0013;10;;31;691;70;456;27;18;3;4;2;2;740
Franekeradeel-G0070;68;;3348;3118;928;414;323;409;18;15;21;18;6646
Gaasterlân-Sleat-G0653;15;;2022;691;395;158;127;352;8;9;9;16;2987
Gasselte-G0115;11;;316;989;262;81;60;38;0;4;4;3;1464
Geertruidenberg-G0779;8;;785;705;208;59;124;19;19;16;10;3;3087
Geffen-G0780;13;;780;371;130;39;33;1;10;54;0;9;2154
Geldermalsen-G0236;29;;2832;2447;1368;371;397;1055;67;17;18;7;7717
Geldrop-G0781;25;;3658;2223;1182;568;596;94;50;65;31;41;11037
Geleen-G0906;25;;4928;3966;764;765;469;40;49;72;31;96;15159
Gemert-G0782;30;;3679;1592;414;332;201;23;15;54;26;24;6689
Gendringen-G0237;59;;4441;2224;529;272;298;45;28;19;15;38;6966
Gendt-G0238;8;;1119;780;155;93;115;4;12;2;8;5;2941
Genemuiden-G0154;10;;635;402;129;20;42;1370;4;4;3;1;2331
Gennep-G0907;25;;2385;1281;465;270;531;21;23;14;11;29;7226
Giessenlanden-G0689;11;;1961;1733;1089;184;268;955;30;3;11;7;4142
Gieten-G0116;21;;384;1340;647;130;132;29;9;2;5;2;1900
Gilze en Rijen-G0784;31;;3782;2234;814;300;490;31;79;47;29;28;8782
Goedereede-G0511;38;;1166;796;471;85;107;2104;16;11;9;10;3038
Goes-G0664;55;;3772;3309;1365;677;590;1846;32;34;43;39;12630
Goirle-G0785;33;;2534;1677;642;395;380;41;24;29;17;25;7673
Goor-G0156;27;;1727;2226;665;183;306;91;31;24;21;7;3741
Gorinchem-G0512;45;;2348;4369;1302;523;504;696;106;22;32;16;10670
Gorssel-G0239;33;;2419;1613;1568;296;443;98;24;4;33;12;4229
Gouda-G0513;102;;5713;7421;3059;1747;1822;2006;370;82;106;57;23357
Graafstroom-G0693;24;;1634;538;336;108;83;1294;10;3;6;3;2339
Graft-De Rijp-G0365;10;;683;656;470;164;133;17;14;5;10;5;1969
Gramsbergen-G0157;26;;1444;874;197;71;74;188;2;0;5;6;1518
Grathem-G0909;7;;736;152;98;24;44;2;6;1;1;5;1101
Grave-G0786;24;;1601;895;425;240;230;35;15;50;10;21;4242
Grijpskerk-G0016;17;;1058;385;175;121;87;228;2;0;5;0;1026
Groenlo-G0240;4;;1969;927;247;121;148;5;10;11;12;20;3181
Groesbeek-G0241;40;;2905;2538;550;418;296;33;26;37;30;45;7410
Groningen-G0014;483;;11058;26918;7504;11238;5140;4861;223;958;315;115;69094
Grootegast-G0015;22;;1981;821;215;101;69;470;4;2;3;0;2777
Grubbenvorst-G0912;12;;1418;438;301;78;104;13;5;4;5;11;2654
Gulpen-G0913;16;;1393;903;191;114;113;21;10;7;6;53;2838
Haaksbergen-G0158;58;;5141;2304;1068;317;451;57;22;18;20;38;7388
Haaren-G0788;11;;1183;316;166;115;76;5;2;7;10;16;1974
Haarlem-G0392;266;;13399;17608;7176;5468;3679;1132;395;141;380;309;67469
Haarlemmerliede en Spaarnwoude-G0393;12;;818;387;305;119;132;33;20;1;15;16;1976
Haarlemmermeer-G0394;55;;10357;6838;6609;1867;2157;1364;245;53;227;84;39753
Haelen-G0914;15;;1354;448;159;99;91;7;9;2;6;31;2334
Halsteren-G0789;23;;1487;1164;486;170;196;37;29;5;20;9;6031
Haps-G0790;7;;819;242;78;29;39;0;1;0;3;2;866
Hardenberg-G0160;107;;7063;3153;813;339;391;3035;29;21;22;23;7936
Harderwijk-G0243;20;;5364;2114;1724;606;476;1945;42;28;32;8;12268
Hardinxveld-Giessendam-G0523;14;;1569;1543;525;114;160;2581;23;10;2;2;5572
Haren-G0017;36;;2640;2283;2144;639;773;619;25;12;38;16;5319
Harenkarspel-G0395;16;;1085;399;269;116;62;27;7;4;2;10;2684
Harlingen-G0072;43;;1565;2869;667;292;310;344;18;8;19;4;5442
Harmelen-G0318;18;;1364;452;605;159;167;152;18;8;9;7;2768
Hasselt-G0161;16;;908;618;181;64;63;898;8;3;5;3;1850
Hattem-G0244;11;;1789;1570;528;212;264;1073;8;4;10;10;3119
Havelte-G0117;15;;379;1290;733;133;137;22;16;3;10;0;1847
Hazerswoude-G0524;14;;2072;662;683;274;257;391;15;8;20;11;3851
Hedel-G0245;4;;567;363;152;39;59;210;7;5;2;4;1434
Heel en Panheel-G0915;8;;686;287;118;46;68;0;13;4;2;6;1974
Heemskerk-G0396;66;;3871;3429;1299;954;693;170;66;27;59;46;14070
Heemstede-G0397;68;;4061;1900;3440;774;799;217;45;18;77;55;9248
Heerde-G0246;37;;3001;2454;865;209;287;1419;22;7;18;15;5301
Heerenveen-G0074;125;;3661;7700;1938;1050;879;494;43;31;55;26;12836
Heerewaarden-G0247;1;;79;309;112;19;13;9;1;0;0;0;337
Heerhugowaard-G0398;62;;3599;2874;1529;752;809;179;51;14;51;24;14565
Heerjansdam-G0526;10;;460;392;206;61;76;101;12;7;1;2;1294
Heerlen-G0917;139;;10974;10903;2043;1733;1515;215;212;948;122;477;43459
Heesch-G0791;19;;1814;940;321;124;170;11;8;246;10;11;4523
Heeswijk-Dinther-G0792;24;;2144;535;219;159;113;8;9;10;8;14;2848
Heeze-G0793;16;;1845;710;485;191;225;13;8;9;23;15;3450
Hefshuizen-G0019;26;;1781;1640;442;172;110;772;6;9;6;7;3052
Heiloo-G0399;38;;2996;1911;1991;567;671;110;53;15;56;34;7519
Heino-G0162;22;;1784;632;321;149;142;210;12;3;4;8;2023
Helden-G0918;35;;3573;1120;366;182;198;13;20;12;12;23;7445
Hellendoorn-G0163;73;;9210;2790;913;447;410;916;33;9;31;32;10404
Hellevoetsluis-G0530;32;;1706;3848;1784;776;790;247;105;69;34;22;14598
Helmond-G0794;49;;6831;6648;1701;846;816;88;126;289;54;95;31875
Helvoirt-G0795;10;;892;332;268;70;94;8;9;9;8;7;1726
Hendrik-Ido-Ambacht-G0531;2;;1984;1530;1074;248;392;1471;26;2;15;8;7325
Hengelo-G0248;18;;1914;903;387;77;103;58;6;4;11;16;2865
Hengelo-G0164;177;;11293;10421;3242;2070;2023;947;148;402;84;149;26247
Herten-G0919;13;;750;258;121;62;56;2;11;3;6;8;1443
Het Bildt-G0063;37;;1680;1632;394;221;125;136;11;7;17;5;3185
Heteren-G0251;9;;1376;769;322;149;184;206;9;5;13;0;3247
Heumen-G0252;9;;2438;1182;614;361;372;25;6;13;16;19;4838
Heusden-G0797;15;;726;463;208;98;112;73;11;6;5;14;2306
Heythuysen-G0920;16;;1370;421;150;55;115;6;11;1;7;15;2256
Hillegom-G0534;43;;3296;1545;1217;433;451;139;31;11;40;27;7866
Hilvarenbeek-G0798;21;;1786;882;377;180;186;3;11;9;24;14;3859
Hilversum-G0402;143;;8748;9331;6064;2456;2338;1410;270;262;175;131;35340
Hoevelaken-G0253;12;;1160;625;603;163;254;526;3;3;16;2;2760
Hoeven-G0799;17;;1170;662;421;47;123;22;23;7;5;6;3738
Holten-G0165;36;;1890;1222;848;107;225;118;21;5;18;4;2279
Hontenisse-G0675;19;;1277;839;273;84;143;16;24;8;5;17;3177
Hooge en Lage Mierde-G0801;2;;957;225;88;48;31;5;1;2;6;7;1384
Hooge en Lage Zwaluwe-G0802;10;;976;581;280;74;111;50;15;10;11;6;2481
Hoogeloon, Hapert en Casteren-G0800;13;;1795;530;279;81;114;11;4;4;8;7;3161
Hoogeveen-G0118;107;;7602;6024;1437;721;758;1601;56;15;33;50;15015
Hoogezand-Sappemeer-G0018;66;;1940;6685;1447;772;544;547;50;85;21;14;13566
Hoorn-G0405;76;;4570;6500;2647;1850;1338;243;194;61;82;66;22615
Horn-G0922;7;;729;280;164;44;52;5;6;0;7;12;1577
Horst-G0923;35;;3928;1144;440;170;210;15;18;50;15;36;7373
Houten-G0321;24;;3273;1801;1273;669;656;866;53;49;47;27;7961
Huijbergen-G0803;3;;402;146;104;37;31;4;1;0;0;4;800
Huissen-G0255;24;;2304;1381;636;300;370;59;12;29;15;17;6175
Huizen-G0406;22;;4293;2727;2672;931;1045;1553;44;29;53;14;16192
Hulst-G0677;49;;2140;1840;681;189;298;36;54;8;18;27;7892
Hummelo en Keppel-G0256;15;;756;667;437;58;143;17;5;2;10;3;1361
Hunsel-G0925;18;;1376;345;134;79;62;1;11;9;4;4;2086
IJsselham-G0195;13;;991;717;319;100;89;130;7;2;9;4;1509
IJsselmuiden-G0191;38;;2198;531;239;110;80;2263;5;4;2;10;3374
IJsselstein-G0353;26;;2608;1644;1015;447;555;437;39;18;22;32;7610
Ilpendam-G0407;11;;439;319;272;92;46;27;12;2;11;4;1222
Jisp-G0408;1;;56;133;70;35;36;4;1;0;1;0;423
Kampen-G0166;80;;4442;3459;830;1010;467;3120;55;17;20;27;10388
Kantens-G0020;1;;162;313;114;65;15;139;3;2;0;1;479
Kapelle-G0678;12;;1430;835;465;164;212;622;29;6;7;11;3805
Katwijk-G0537;21;;5195;1640;1015;384;380;3600;45;18;25;19;16089
Katwoude-G0409;0;;50;21;32;2;4;1;0;0;0;0;66
Kerkrade-G0928;165;;5770;7320;881;609;524;44;91;239;52;264;23940
Kerkwijk-G0257;10;;741;352;177;56;57;869;3;4;4;2;2104
Kessel-G0929;12;;865;308;110;27;60;6;3;1;0;13;1532
Kesteren-G0258;4;;764;864;255;92;96;974;6;1;2;2;3333
Kloosterburen-G0021;2;;331;235;66;55;22;17;1;4;4;4;545
Klundert-G0804;13;;1203;494;260;63;102;263;33;2;8;1;2469
Kollumerland en Nieuwkruisland-G0079;31;;2888;1360;326;164;136;409;7;8;8;6;3577
Korendijk-G0588;12;;963;1041;565;114;149;926;33;9;8;5;3488
Kortgene-G0682;7;;463;588;281;61;76;151;8;1;10;1;1151
Koudekerk aan den Rijn-G0540;5;;760;341;288;115;110;67;14;2;5;6;1615
Krimpen aan den IJssel-G0542;25;;2415;3041;1710;469;661;2079;92;27;36;12;9882
Landgraaf-G0882;94;;4601;5469;810;600;665;72;82;288;66;223;17443
Landsmeer-G0415;25;;551;1529;637;414;305;53;27;9;15;5;3498
Langbroek-G0325;5;;315;144;97;42;28;240;2;1;6;1;596
Langedijk-G0416;18;;2071;1253;829;333;278;205;43;2;25;22;5968
Laren-G0417;3;;1570;886;1605;275;341;56;13;5;33;25;4781
Leek-G0022;32;;2189;2630;855;399;389;824;24;15;15;5;5525
Leende-G0805;11;;1120;214;250;44;76;9;3;6;4;15;1364
Leens-G0023;14;;468;558;175;127;40;305;3;1;2;2;906
Leerdam-G0545;35;;2027;2044;925;218;303;1235;97;29;16;11;6224
Leersum-G0326;8;;859;681;666;170;200;311;19;6;19;1;2285
Leeuwarden-G0080;219;;8187;15678;3476;2866;1980;1322;126;121;122;64;32790
Leeuwarderadeel-G0081;20;;1286;1748;413;188;207;133;5;9;10;1;2674
Leiden-G0546;283;;7735;13658;6038;4868;3618;846;274;696;577;135;46646
Leiderdorp-G0547;34;;2733;1938;1882;610;927;314;75;50;65;16;8124
Leidschendam-G0548;78;;5362;2776;2427;740;1107;243;107;93;122;73;12155
Leimuiden-G0549;3;;877;248;354;75;84;35;12;3;7;9;1822
Lelystad-G0995;83;;3317;6804;2349;1490;1570;602;304;67;85;43;22364
Lemsterland-G0082;28;;1684;1792;424;196;200;233;5;5;14;4;3788
Leusden-G0327;38;;3721;1816;2006;717;857;953;51;15;67;30;0
Lichtenvoorde-G0260;21;;4663;1437;585;321;265;20;19;8;22;31;4891
Liempde-G0806;2;;1033;353;109;48;58;4;4;3;6;8;1547
Lienden-G0261;18;;627;1006;353;63;92;374;6;1;4;4;2441
Lieshout-G0807;10;;1268;541;179;95;77;8;13;15;7;7;2153
Liesveld-G0694;18;;1280;772;467;91;112;1165;19;3;2;4;2427
Limmen-G0418;14;;1035;363;343;121;115;12;8;0;7;8;2082
Lingewaal-G0733;9;;1431;1207;547;109;144;348;15;10;8;2;3400
Linne-G0932;13;;906;375;107;46;64;6;7;3;4;14;1445
Lisse-G0553;43;;3508;1357;1342;456;410;828;40;15;24;23;7399
Lith-G0808;13;;1157;414;148;41;58;10;5;72;4;11;2511
Littenseradiel-G0140;16;;1660;1244;593;275;194;109;11;11;15;3;3151
Lochem-G0262;59;;2236;2602;1717;521;492;84;36;10;29;19;6223
Loenen-G0329;14;;1242;688;727;182;206;202;12;7;20;4;2953
Loon op Zand-G0809;37;;3488;1898;893;301;357;101;54;47;22;36;8795
Loosdrecht-G0330;2;;1168;551;1136;147;255;158;17;3;19;13;3248
Lopik-G0331;26;;2487;782;415;112;152;898;20;5;7;11;3951
Loppersum-G0024;7;;634;590;171;123;48;188;3;1;5;1;1069
Losser-G0168;47;;4783;2428;616;319;312;64;35;14;26;47;8098
Luyksgestel-G0810;6;;654;245;117;20;26;8;4;0;3;9;953
Maarheeze-G0811;12;;1789;596;399;102;116;11;13;6;15;18;3544
Maarn-G0332;12;;916;471;795;167;278;176;15;4;15;12;1517
Maarssen-G0333;64;;4083;3590;2555;855;1107;497;95;57;62;35;14161
Maartensdijk-G0334;18;;1298;694;769;227;284;663;17;4;16;8;2846
Maasbracht-G0933;32;;1902;586;194;81;113;42;19;5;4;20;3329
Maasbree-G0934;12;;2332;539;384;148;156;13;15;3;10;20;4877
Maasdriel-G0263;24;;1556;659;329;67;81;22;22;12;4;25;3642
Maasland-G0555;5;;1673;264;358;88;116;145;17;14;9;4;1878
Maassluis-G0556;22;;3648;3034;1688;580;786;618;118;109;44;14;13214
Maastricht-G0935;216;;12618;13875;3017;3124;2739;163;229;191;348;350;55635
Made en Drimmelen-G0812;34;;2026;1388;440;130;241;29;34;1;21;8;4878
Margraten-G0936;43;;2836;1261;521;245;317;19;15;7;17;69;4727
Mariekerke-G0686;6;;550;105;100;35;36;852;3;0;3;2;739
Markelo-G0169;19;;979;997;820;89;153;67;21;5;10;2;2250
Marken-G0419;5;;545;195;74;36;40;55;4;0;1;2;649
Marum-G0025;24;;1073;1346;422;165;125;238;18;4;10;4;2958
Maurik-G0264;7;;663;955;359;60;77;72;18;3;5;8;2198
Medemblik-G0420;23;;788;695;263;99;87;52;14;3;7;7;2936
Meeden-G0026;10;;159;495;55;82;18;19;2;6;2;2;497
Meerlo-Wanssum-G0993;10;;1672;483;176;89;97;3;8;3;5;9;2685
Meerssen-G0938;61;;3734;2039;735;363;459;22;37;28;24;81;8471
Megen, Haren en Macharen-G0813;10;;688;231;80;33;45;0;3;39;8;0;1062
Meijel-G0941;14;;1003;314;86;46;49;1;5;2;4;9;2475
Melick en Herkenbosch-G0939;13;;1415;670;342;101;143;5;9;4;9;16;3072
Menaldumadeel-G0083;36;;1923;2205;699;283;254;130;4;10;30;8;4101
Meppel-G0119;54;;2326;3809;1255;522;536;592;35;22;33;10;8422
Middelburg-G0687;50;;3754;3752;1486;1090;944;2118;64;63;48;29;16060
Middelharnis-G0559;14;;1283;1467;602;219;187;1966;25;6;19;8;6070
Middelstum-G0027;5;;528;388;71;75;30;194;2;2;2;3;768
Middenschouwen-G0688;6;;366;249;205;21;24;202;2;3;0;2;839
Midwolda-G0028;15;;638;798;85;152;44;137;7;1;2;0;1142
Mierlo-G0814;31;;1716;796;505;171;228;9;18;25;13;13;3790
Mill en Sint Hubert-G0815;39;;2615;1041;251;117;115;9;7;25;7;39;3607
Millingen aan de Rijn-G0265;7;;737;853;126;71;72;3;9;6;4;4;2122
Moergestel-G0816;17;;1405;444;269;66;76;2;11;6;9;3;2241
Moerkapelle-G0560;7;;362;220;168;23;75;640;5;5;4;0;780
Monnickendam-G0423;21;;995;1075;564;287;281;46;29;14;26;11;4073
Monster-G0562;33;;3991;1116;849;234;265;712;64;8;35;19;7135
Montfoort-G0335;12;;2136;647;628;297;236;477;17;7;26;10;4217
Montfort-G0943;16;;593;242;81;21;27;3;7;2;2;6;1369
Mook en Middelaar-G0944;13;;1177;678;425;208;259;7;8;12;15;17;2536
Moordrecht-G0563;20;;722;798;454;123;218;224;34;6;9;3;2494
Muiden-G0424;11;;779;762;599;220;322;69;23;4;16;5;2257
Muntendam-G0029;17;;171;1489;127;139;76;40;3;16;2;4;1660
Naaldwijk-G0565;35;;6178;1415;1473;305;421;384;78;12;56;43;9641
Naarden-G0425;8;;1808;1265;2292;382;545;220;44;7;42;23;5931
Nederhorst den Berg-G0426;12;;790;461;361;128;122;42;15;7;10;8;1903
Nederlek-G0643;46;;1233;2187;1072;262;377;673;32;17;24;4;4984
Nederweert-G0946;73;;3437;1202;360;121;154;12;9;17;9;24;6083
Neede-G0266;23;;1926;2168;625;136;194;147;18;6;12;16;3139
Neer-G0947;4;;644;235;87;69;30;5;1;5;8;16;1539
Neerijnen-G0304;16;;1222;1360;621;133;136;613;18;8;14;9;3617
Niedorp-G0412;17;;949;982;428;180;163;10;13;6;13;5;3114
Nieuwe Pekela-G0030;13;;534;928;188;162;63;115;4;5;3;7;1809
Nieuwegein-G0356;29;;5502;5025;2736;1452;1336;621;165;151;79;31;24360
Nieuwerkerk aan den IJssel-G0567;22;;1923;1611;1325;301;544;726;53;20;21;11;6761
Nieuweschans-G0031;2;;46;474;43;95;13;3;5;2;0;3;667
Nieuw-Ginneken-G0817;30;;2300;913;830;147;331;23;30;8;20;16;4367
Nieuwkoop-G0569;12;;1519;661;604;216;207;257;22;7;13;5;4266
Nieuw-Lekkerland-G0571;22;;757;1002;208;100;120;1280;11;1;3;4;2360
Nieuwleusen-G0170;25;;1475;601;363;45;137;542;15;5;14;4;2766
Nieuwolda-G0032;8;;153;383;90;69;21;10;4;5;3;0;487
Nieuwveen-G0573;8;;663;133;172;42;63;61;6;4;6;2;1545
Nieuw-Vossemeer-G0818;8;;325;321;52;20;39;5;6;2;3;4;972
Nijefurd-G0104;25;;2008;1126;342;229;120;183;13;3;11;11;3648
Nijeveen-G0121;10;;662;306;173;27;62;58;2;2;4;3;800
Nijkerk-G0267;55;;4289;1673;980;286;375;1739;33;10;15;15;8736
Nijmegen-G0268;251;;14036;17614;3937;9698;3929;344;250;924;167;326;62682
Nistelrode-G0819;19;;1436;565;141;44;69;1;6;53;9;2;2690
Noorder-Koggenland-G0529;17;;897;1024;713;216;239;155;24;6;14;10;3514
Noordoostpolder-G0171;87;;6752;3927;1905;654;786;1538;85;23;26;74;11207
Noordwijk-G0575;61;;3418;1832;1813;611;487;222;47;23;46;32;10043
Noordwijkerhout-G0576;53;;2969;941;1129;350;333;29;35;9;36;18;5361
Nootdorp-G0577;12;;1413;357;425;110;150;58;26;6;22;14;2306
Norg-G0120;14;;527;1058;679;190;178;65;21;0;8;4;2292
Nuenen, Gerwen en Nederwetten-G0820;17;;3239;1547;1156;575;562;54;17;17;50;23;7719
Nuland-G0821;16;;973;298;77;21;42;2;5;25;2;3;1868
Nunspeet-G0302;55;;3401;1141;1173;230;310;4233;36;16;28;27;6980
Nuth-G0951;80;;3372;2127;538;345;305;26;25;20;19;84;6185
Obdam-G0429;9;;1123;383;266;114;104;13;5;2;9;13;2125
Odoorn-G0122;45;;1036;2782;848;229;193;192;20;5;15;5;4151
Oeffelt-G0822;12;;484;263;69;31;51;7;1;3;5;6;752
Oegstgeest-G0579;52;;2382;1552;2091;631;883;253;37;22;68;26;5735
Ohé en Laak-G0953;1;;214;34;25;10;25;2;2;1;0;13;331
Oirschot-G0823;36;;2630;886;400;155;183;12;12;24;6;28;4227
Oisterwijk-G0824;24;;2807;1861;1015;343;297;40;40;26;38;38;7223
Oldebroek-G0269;61;;2378;1234;463;114;167;3219;21;3;14;12;7399
Oldehove-G0035;6;;365;227;131;70;26;276;2;3;0;3;613
Oldekerk-G0036;4;;501;216;130;29;39;99;0;2;3;3;743
Oldenzaal-G0173;104;;5979;3210;1085;540;664;74;69;28;53;74;9941
Olst-G0174;33;;1476;1437;679;144;189;50;5;4;6;12;2840
Ommen-G0175;29;;4441;1328;795;249;394;1302;9;3;13;13;4434
Onderbanken-G0881;29;;1465;987;150;119;93;9;16;12;4;41;3284
Oost-, West- en Middelbeers-G0825;18;;1237;302;155;74;60;2;3;1;3;4;1713
Oostburg-G0692;43;;2036;2408;1410;228;292;269;34;5;34;23;7192
Oosterbroek-G0033;16;;243;1264;220;152;75;91;9;5;5;4;1840
Oosterhesselen-G0123;9;;641;908;357;96;81;151;1;3;5;2;1401
Oosterhout-G0826;66;;5907;4829;2306;681;1202;144;102;71;53;44;20264
Oostflakkee-G0580;15;;1185;1360;362;84;113;732;26;3;10;8;3226
Ooststellingwerf-G0085;82;;2835;4892;1341;587;413;456;24;22;23;10;7909
Oostzaan-G0431;13;;427;1166;462;351;186;103;15;3;18;1;2989
Ootmarsum-G0176;7;;1388;317;192;59;83;10;3;2;2;10;1144
Oploo, Sint Anthonis en Ledeacker-G0827;20;;2067;631;214;146;109;9;5;18;13;17;2256
Opmeer-G0432;8;;1873;796;535;177;184;30;11;6;12;27;3583
Opsterland-G0086;82;;2786;5252;1355;709;466;1015;15;27;28;7;7719
Oss-G0828;89;;5783;3990;1783;726;806;99;100;1968;59;111;21504
Ossendrecht-G0829;14;;688;442;205;54;72;10;19;1;2;4;2266
Oud- en Nieuw-Gastel-G0831;16;;1129;699;209;62;103;3;26;4;6;9;3855
Oud-Beijerland-G0584;24;;1945;1804;1068;391;543;1140;68;17;20;12;7614
Oude Pekela-G0038;17;;393;2186;177;581;67;86;11;25;3;1;2668
Oudenbosch-G0830;26;;1831;1161;463;146;190;12;41;16;16;30;5079
Ouder-Amstel-G0437;31;;1740;1082;991;291;472;102;70;6;37;15;4403
Ouderkerk-G0644;19;;857;807;481;87;138;827;21;7;17;5;2710
Oudewater-G0589;21;;1937;587;431;156;156;342;22;5;8;10;3283
Papendrecht-G0590;28;;2662;2980;1442;462;738;1195;55;40;37;18;10647
Peize-G0124;19;;207;903;378;163;202;20;18;1;2;0;1884
Pijnacker-G0594;49;;3494;1013;1181;337;501;408;53;12;32;22;5415
Posterholt-G0956;6;;699;405;89;44;55;2;5;1;1;36;1920
Prinsenbeek-G0832;22;;1955;838;654;97;285;19;26;15;18;9;3924
Purmerend-G0439;103;;3203;7220;3060;1677;1429;196;232;63;113;47;25053
Putte-G0833;20;;391;273;213;36;50;6;11;2;7;2;1447
Putten-G0273;43;;3555;998;1201;214;266;2202;27;3;32;16;6641
Raalte-G0177;48;;7495;1982;826;367;403;64;10;16;24;33;8403
Raamsdonk-G0834;26;;1821;1506;610;164;190;83;29;21;17;12;5641
Ravenstein-G0835;24;;1595;966;244;132;110;12;4;45;7;10;2752
Reeuwijk-G0595;21;;1922;682;1026;174;270;696;34;9;27;9;4401
Reimerswaal-G0703;25;;1973;1604;754;149;205;2828;35;12;16;14;6231
Renkum-G0274;132;;4962;4117;3146;1068;1182;537;42;50;77;44;11433
Renswoude-G0339;0;;738;175;164;25;52;260;2;0;5;0;1214
Reusel-G0836;9;;1517;405;241;54;67;8;5;4;1;17;3236
Rheden-G0275;166;;5839;7467;3201;1192;1371;555;101;70;98;59;16567
Rhenen-G0340;17;;1882;1700;907;322;323;1195;29;8;20;4;6016
Ridderkerk-G0597;73;;4626;5714;1834;618;1048;3445;149;55;42;26;17453
Riethoven-G0837;8;;624;122;140;30;47;1;3;2;6;1;744
Rijnsaterwoude-G0601;9;;191;92;100;22;39;54;2;0;3;0;475
Rijnsburg-G0602;26;;3076;544;475;114;146;746;21;4;14;11;4225
Rijnwaarden-G0196;17;;1448;1251;226;93;165;16;8;8;8;9;4335
Rijsbergen-G0841;6;;1005;391;212;58;88;20;5;3;4;8;2487
Rijssen-G0178;74;;3459;1426;377;137;217;5758;23;5;7;6;4666
Rijswijk-G0603;93;;6007;4936;4281;1102;1654;601;311;82;122;74;19751
Roden-G0125;41;;1707;3087;1188;534;562;383;26;15;28;5;6178
Roermond-G0957;86;;4653;3136;1257;654;569;86;91;48;62;146;17450
Roggel-G0958;15;;978;304;130;69;74;6;5;5;6;10;1681
Rolde-G0126;20;;366;1065;778;198;167;40;7;1;7;4;2038
Roosendaal en Nispen-G0838;102;;7830;4776;2212;1076;949;191;278;115;84;59;26682
Rosmalen-G0839;60;;3536;2117;1195;527;519;72;38;266;29;39;11345
Rossum-G0276;3;;416;397;147;59;47;20;6;4;3;0;1203
Rotterdam-G0599;1048;;32921;70636;18994;12903;9953;7114;4333;1496;803;478;265050
Rozenburg-G0600;19;;1157;1321;640;227;256;227;29;24;20;6;6474
Rozendaal-G0277;8;;223;86;241;28;84;17;3;0;7;5;332
Rucphen-G0840;45;;2258;2207;497;113;153;32;76;9;22;16;11427
Ruinen-G0127;15;;672;1144;845;97;144;72;5;4;11;2;2266
Ruinerwold-G0128;12;;495;411;441;65;77;69;0;0;4;0;1086
Ruurlo-G0278;10;;1122;976;790;96;113;21;3;8;7;9;2574
Sas van Gent-G0704;27;;889;941;354;79;154;46;13;8;12;6;3623
Sassenheim-G0604;78;;2765;936;972;245;384;115;36;26;32;25;5120
Schagen-G0441;33;;1360;1718;1167;358;481;71;49;7;25;30;6994
Schaijk-G0843;14;;1509;592;251;101;92;6;5;73;7;12;3051
Scheemda-G0039;23;;782;1910;307;220;109;125;18;6;9;7;2462
Schermer-G0458;2;;577;541;298;100;86;10;11;4;9;10;1484
Scherpenzeel-G0279;22;;1399;642;557;92;120;859;15;2;8;5;2342
Schiedam-G0606;97;;5849;9279;2316;1708;1413;663;459;369;84;94;30872
Schiermonnikoog-G0088;0;;195;183;111;55;43;19;0;0;2;0;125
Schijndel-G0844;49;;3000;1868;519;270;234;16;20;538;18;47;9400
Schinnen-G0962;23;;3037;1499;454;268;298;13;9;20;10;57;4610
Schipluiden-G0607;18;;2311;349;390;179;162;104;13;8;14;11;2489
Schoonebeek-G0129;18;;1581;998;179;94;101;29;5;2;3;4;2717
Schoonhoven-G0608;28;;1440;1164;626;287;302;483;36;13;18;3;3800
Schoorl-G0444;22;;825;792;560;277;188;23;23;18;24;8;2419
Sevenum-G0964;7;;1777;347;170;82;105;5;4;6;3;28;2571
's-Graveland-G0390;13;;1254;788;626;233;293;167;23;6;32;9;3698
's-Gravendeel-G0517;19;;1111;1247;361;87;136;375;21;2;11;4;2854
's-Gravenhage-G0518;735;;33642;43149;26753;10515;10463;4562;3036;774;1002;579;196144
's-Gravenmoer-G0787;1;;402;134;124;24;36;97;3;7;6;4;748
's-Gravenzande-G0519;2;;3299;1018;1116;160;266;583;23;13;17;7;6906
's-Hertogenbosch-G0796;139;;8811;8465;2536;2543;1530;239;278;506;143;182;43515
Simpelveld-G0965;0;;2267;1724;262;120;186;11;16;13;11;43;4317
Sint Maarten-G0445;5;;236;190;156;69;52;12;4;1;0;2;748
Sint Odiliënberg-G0967;9;;663;290;133;49;88;1;9;1;2;31;1481
Sint Pancras-G0446;9;;651;476;281;144;106;70;18;4;6;3;2201
Sint Philipsland-G0712;9;;189;169;77;11;26;504;0;7;1;0;668
Sint-Michielsgestel-G0845;19;;1964;1220;469;193;208;29;11;65;12;33;5064
Sint-Oedenrode-G0846;35;;3518;1424;463;283;235;20;23;53;18;25;6160
Sittard-G0968;128;;6568;4520;1506;1110;705;49;47;94;40;183;19661
Skarsterlân-G0051;57;;3952;3280;968;432;336;241;19;12;23;18;8133
Sleen-G0130;25;;884;2378;601;152;142;103;18;9;3;2;2322
Sliedrecht-G0610;15;;1735;2571;706;276;257;2272;50;9;6;6;9251
Slochteren-G0040;24;;1080;2281;692;390;253;911;21;16;8;8;4910
Sluis-G0713;4;;360;381;291;23;65;18;8;2;4;8;978
Smallingerland-G0090;114;;7096;9060;1755;1336;1015;1831;34;23;68;30;15187
Smilde-G0131;20;;1442;1390;373;186;150;210;13;6;9;6;2906
Sneek-G0091;83;;3983;4377;1185;646;594;359;30;13;39;30;11005
Soest-G0342;60;;5460;3035;3773;927;1224;800;95;27;98;36;16693
Someren-G0847;39;;3573;1117;497;194;196;18;11;11;10;31;7138
Son en Breugel-G0848;23;;2503;986;1144;285;379;51;17;16;43;15;5222
Spijkenisse-G0612;111;;3644;7272;2558;971;1256;665;242;523;68;40;29763
Sprang-Capelle-G0849;39;;1297;619;364;94;103;736;29;5;24;10;3705
Stad Delden-G0179;9;;1907;760;586;146;226;57;26;8;15;14;2074
Stadskanaal-G0037;72;;4504;5610;917;549;338;1398;39;29;18;28;12028
Standdaarbuiten-G0850;2;;524;296;115;22;40;10;6;3;5;1;1062
Staphorst-G0180;59;;1251;603;480;64;113;3351;3;8;8;4;3080
Stede Broec-G0532;31;;2218;1689;717;380;346;60;33;8;27;29;7424
Stedum-G0041;3;;357;298;37;70;13;92;1;2;3;1;517
Steenbergen-G0851;45;;1627;1421;612;134;167;22;34;7;16;11;6747
Steenderen-G0280;14;;1287;529;264;98;84;31;6;2;4;2;1234
Steenwijk-G0181;51;;2826;3269;967;401;353;525;38;4;19;14;7410
Stein-G0971;84;;4368;2898;649;442;588;29;26;31;31;89;11319
Stevensweert-G0972;4;;345;118;47;11;24;2;0;0;0;2;693
Stramproy-G0973;19;;1108;445;107;60;56;1;13;7;4;2;1819
Strijen-G0617;16;;912;1150;502;133;132;324;23;3;4;6;3252
Susteren-G0974;55;;2598;1358;322;191;201;17;11;7;10;31;5186
Swalmen-G0975;18;;1323;832;205;91;100;7;6;8;9;16;3867
't Zandt-G0054;2;;258;491;131;92;32;51;6;1;1;3;729
Tegelen-G0976;40;;2986;1959;443;166;230;13;45;18;18;90;7433
Ten Boer-G0009;14;;942;862;278;200;125;544;7;4;6;3;1764
Ter Aar-G0480;18;;1699;392;525;138;140;137;21;9;10;11;3255
Terheijden-G0853;15;;1312;933;359;148;238;17;17;17;8;10;3195
Termunten-G0042;14;;449;1000;121;182;42;62;3;6;3;1;1505
Terneuzen-G0715;68;;3123;3132;1428;513;784;1696;108;31;37;40;14968
Terschelling-G0093;13;;492;850;495;226;126;50;9;5;7;2;1348
Teteringen-G0854;3;;1276;431;397;86;167;15;16;8;12;9;1837
Texel-G0448;23;;1814;1494;1020;546;274;151;17;11;23;9;4284
Tholen-G0716;56;;1506;1897;777;134;189;2493;47;34;12;11;6830
Thorn-G0977;21;;583;306;78;46;40;4;8;4;4;4;1015
Tiel-G0281;19;;2442;3822;1419;618;471;245;36;15;25;9;13478
Tilburg-G0855;131;;16480;14279;4199;4572;2583;291;337;865;211;235;74532
Tubbergen-G0183;35;;6940;941;400;125;120;35;17;4;9;37;5085
Tytsjerksteradiel-G0737;59;;5121;3661;1177;599;594;736;18;24;23;19;10012
Ubbergen-G0282;25;;1772;1104;503;388;232;15;13;9;14;21;3342
Uden-G0856;67;;5414;2685;1585;504;527;60;47;443;41;69;14465
Udenhout-G0857;12;;1701;704;254;96;125;4;8;4;9;8;3600
Uitgeest-G0450;28;;1126;980;551;375;276;28;14;9;17;22;3869
Uithoorn-G0451;27;;2970;1858;1864;639;579;119;55;7;54;24;8968
Ulrum-G0045;3;;645;485;157;67;48;303;1;5;1;0;1065
Urk-G0184;10;;1104;25;38;8;14;1900;16;2;4;3;4320
Usquert-G0046;1;;64;509;94;50;15;33;1;1;1;0;461
Utrecht-G0344;433;;17986;26867;8675;14192;6339;2076;1358;1034;576;290;96243
Vaals-G0981;41;;1355;1268;353;111;107;12;12;4;6;81;3265
Valburg-G0283;13;;1964;994;567;245;243;404;5;7;8;6;4727
Valkenburg (ZH)-G0619;12;;575;165;134;44;47;187;5;2;3;3;1144
Valkenburg aan de Geul-G0994;58;;3404;1754;685;247;366;44;29;18;46;113;7230
Valkenisse-G0720;2;;957;411;385;119;133;248;7;6;2;2;2369
Valkenswaard-G0858;44;;4602;2759;1191;466;472;57;41;83;38;76;12802
Veendam-G0047;59;;1896;6035;1307;560;478;348;43;77;23;19;10339
Veenendaal-G0345;18;;5668;2839;1740;663;598;4088;98;35;58;24;16857
Veere-G0717;14;;983;214;318;102;101;399;6;1;17;3;1451
Veghel-G0860;56;;4721;1878;859;325;370;55;52;117;31;34;9825
Veldhoven-G0861;46;;5722;2826;1535;719;732;122;66;100;52;67;17008
Velsen-G0453;149;;5926;6970;3108;1388;1371;600;168;39;110;86;25504
Venhuizen-G0454;23;;1142;691;644;162;168;23;29;4;14;10;2382
Venlo-G0983;36;;9223;4569;1832;857;738;104;89;102;51;151;29547
Venray-G0984;31;;5993;2662;885;567;426;20;51;77;18;70;14363
Vessem, Wintelre en Knegsel-G0862;11;;1364;234;188;64;65;1;4;7;3;12;1708
Vianen-G0620;30;;2385;1853;900;348;480;558;63;25;29;6;6610
Vierlingsbeek-G0863;24;;1856;635;207;104;115;16;9;8;11;16;2841
Vlaardingen-G0622;104;;6380;8099;2709;1559;1590;1872;269;1988;80;50;32649
Vlagtwedde-G0048;37;;2012;2986;632;311;152;217;22;8;14;10;6366
Vledder-G0132;8;;324;807;307;97;78;28;10;1;6;4;1135
Vleuten-De Meern-G0347;25;;3341;1034;1342;313;380;258;38;13;35;39;5380
Vlieland-G0096;5;;129;236;155;39;62;12;5;3;0;1;198
Vlijmen-G0864;26;;2314;1188;545;191;286;18;28;39;26;19;6926
Vlissingen-G0718;66;;3536;4673;1780;661;781;985;147;150;56;28;20318
Vlist-G0623;28;;1452;868;628;126;176;638;29;4;22;10;3063
Vlodrop-G0985;14;;490;190;76;22;18;3;1;4;2;6;918
Voerendaal-G0986;1;;2596;1236;441;204;233;20;5;14;18;47;5478
Voorburg-G0624;88;;5474;3838;3904;859;1475;565;228;87;129;70;15706
Voorhout-G0625;16;;1876;594;798;229;292;53;21;7;17;9;3136
Voorschoten-G0626;14;;3171;1684;2233;548;936;221;56;26;76;24;7568
Voorst-G0285;73;;4302;2659;1605;360;482;327;42;11;37;31;7806
Vorden-G0286;29;;1714;898;635;118;125;89;13;7;11;14;2898
Vries-G0133;33;;651;1616;1057;272;360;143;20;3;17;0;3146
Vriezenveen-G0186;53;;3735;1787;397;98;189;1139;20;1;6;9;5874
Vught-G0865;2;;3489;1973;1254;522;426;37;29;43;40;44;10469
Waalre-G0866;38;;2701;1174;1289;287;429;25;33;14;40;20;5591
Waalwijk-G0867;47;;3769;2478;1180;466;417;209;123;46;52;60;12078
Waddinxveen-G0627;41;;2974;2034;1498;399;603;1699;56;19;28;12;8226
Wageningen-G0289;57;;3200;4149;1780;3185;1494;678;36;78;94;23;11648
Wanroij-G0868;8;;1565;378;106;55;68;5;3;4;3;14;1461
Warffum-G0049;5;;283;523;153;50;41;46;0;7;1;0;667
Warmenhuizen-G0456;11;;751;333;261;120;89;14;4;3;8;4;1778
Warmond-G0628;8;;993;375;353;105;129;34;4;2;19;5;1939
Warnsveld-G0291;16;;1025;1115;617;199;246;89;4;4;14;7;3044
Waspik-G0869;7;;907;529;155;52;62;40;8;18;7;1;1811
Wassenaar-G0629;5;;3993;1250;4054;301;598;223;63;6;117;34;8711
Wateringen-G0630;4;;3183;791;808;271;262;77;47;7;33;22;5991
Weerselo-G0188;34;;3474;460;179;58;81;14;7;1;8;8;2123
Weert-G0988;109;;5477;3449;1212;399;745;51;90;151;58;92;18312
Weesp-G0457;3;;1701;2000;1082;526;623;185;85;9;24;16;7508
Wehl-G0292;10;;1279;564;149;68;92;3;3;3;8;17;2742
Werkendam-G0870;54;;2731;1312;632;188;170;1364;30;21;7;5;6778
Wervershoof-G0459;9;;1649;460;224;129;86;12;7;4;7;5;2711
Wessem-G0989;9;;414;150;47;22;26;3;4;3;1;5;1007
West Maas en Waal-G0668;35;;2963;1459;564;171;173;31;17;21;16;12;7417
Westerbork-G0134;16;;937;1583;645;183;182;117;12;1;5;4;2043
Westerhoven-G0871;2;;464;165;57;23;22;0;1;0;1;1;588
Wester-Koggenland-G0558;30;;2351;1086;778;244;233;21;24;9;17;25;4441
Westerschouwen-G0725;16;;758;762;728;68;113;234;21;5;10;5;1658
Westervoort-G0293;25;;1528;1714;588;395;310;98;29;28;34;12;6038
Westkapelle-G0726;2;;314;403;143;31;19;247;2;2;4;1;837
Weststellingwerf-G0098;67;;2740;4742;1381;465;363;243;45;19;19;22;8635
Westvoorne-G0614;27;;1260;1599;1601;252;330;113;47;16;24;1;5268
Wierden-G0189;36;;6538;1571;842;199;328;1195;23;17;19;30;5299
Wieringen-G0462;13;;478;1200;715;137;134;24;16;2;12;6;3416
Wieringermeer-G0463;23;;1616;1240;743;205;228;205;16;8;8;9;4233
Wijchen-G0296;0;;4800;3077;1059;621;609;54;19;71;40;57;14369
Wijdewormer-G0470;6;;184;154;134;41;31;9;0;5;1;0;444
Wijhe-G0190;22;;1514;1048;340;94;129;94;6;3;7;6;2046
Wijk bij Duurstede-G0352;10;;1505;1296;821;475;419;144;28;31;16;5;6016
Willemstad-G0872;4;;546;425;231;60;54;54;4;1;4;0;1139
Winschoten-G0052;35;;1397;4543;854;671;322;265;16;27;20;18;7522
Winsum-G0053;4;;1023;1040;263;287;142;239;3;5;3;1;1597
Winterswijk-G0294;74;;3423;4941;2228;553;629;188;30;33;37;25;9217
Wisch-G0295;35;;3392;2276;1003;336;301;91;52;18;24;17;7495
Wissenkerke-G0727;4;;594;348;203;47;42;180;6;4;4;4;982
Wittem-G0990;29;;1773;931;231;130;175;26;13;8;13;58;2522
Woensdrecht-G0873;14;;1058;856;415;122;148;24;38;19;13;10;4968
Woerden-G0632;43;;5391;2173;1813;717;798;1381;79;188;54;59;11932
Wognum-G0466;17;;1509;399;318;150;151;11;14;4;15;12;2666
Wormer-G0467;20;;1013;1392;488;583;333;118;20;12;11;11;4635
Woubrugge-G0633;12;;1019;317;312;138;135;83;3;1;8;7;1658
Woudenberg-G0351;23;;1458;643;591;190;186;983;18;9;23;5;2982
Woudrichem-G0874;28;;2312;1327;460;162;142;935;13;11;14;2;4421
Wouw-G0875;15;;1357;695;345;92;108;10;25;3;10;8;3847
Wûnseradiel-G0710;34;;2247;1528;431;260;173;161;9;6;8;6;3424
Wymbritseradiel-G0683;28;;3238;1173;469;320;205;226;8;7;10;19;4740
Zaanstad-G0479;213;;8698;17254;5660;5243;2844;1149;470;136;186;146;53918
Zaltbommel-G0297;14;;908;1253;461;256;234;177;20;26;20;4;3488
Zandvoort-G0473;25;;1156;1697;1726;275;337;67;57;5;68;20;7185
Zederik-G0707;23;;2410;1276;568;126;141;1428;22;6;5;7;3403
Zeeland-G0877;22;;1484;390;114;74;48;10;4;26;2;20;2020
Zeevang-G0478;17;;359;738;610;169;165;10;20;14;13;5;2209
Zeewolde-G0050;12;;723;379;558;82;156;254;19;3;10;2;1897
Zeist-G0355;106;;6648;5387;4881;1775;1835;2113;168;81;135;57;22122
Zelhem-G0298;17;;1779;1422;566;142;162;224;7;4;8;2;4425
Zevenaar-G0299;54;;3972;2860;1174;515;681;116;33;32;36;22;10546
Zevenbergen-G0878;28;;2123;1432;703;162;265;141;27;44;11;26;6561
Zevenhoven-G0635;8;;584;146;171;35;45;56;3;1;3;8;940
Zevenhuizen-G0636;31;;834;670;540;91;126;290;13;1;9;1;2102
Zierikzee-G0732;18;;1175;1464;633;170;176;443;13;12;20;11;3427
Zijpe-G0476;21;;1112;954;641;147;161;24;3;4;15;7;3227
Zoetermeer-G0637;118;;7589;8991;5454;1846;3131;1708;308;791;163;78;36642
Zoeterwoude-G0638;15;;1570;530;477;205;240;52;13;8;15;18;2974
Zuidhorn-G0056;17;;919;808;427;210;175;969;5;5;11;0;1768
Zuidlaren-G0136;38;;1076;1537;989;302;332;454;20;16;11;6;3521
Zuidwolde-G0137;33;;1557;1017;746;148;198;225;11;5;8;6;3067
Zundert-G0879;35;;2286;868;429;142;162;15;26;7;17;8;6313
Zutphen-G0301;86;;2672;5085;1465;1063;838;287;37;85;61;37;11632
Zwartsluis-G0192;12;;858;482;164;50;47;301;3;1;0;5;1290
Zweeloo-G0138;7;;332;571;352;76;47;43;2;1;5;0;705
Zwijndrecht-G0642;65;;4811;4301;1962;665;959;1809;115;25;56;40;16423
Zwolle-G0193;59;;10377;10864;4055;2936;2091;3312;95;175;92;70;36443
