RegioNaam;@invalid;@blank;CDA;PvdA;VVD;D66;SGP;PSP/CPN/PPR;Politieke Partij Radikalen (PPR);RPF/GPV;Gereformeerd Politiek Verbond (GPV);Communistische Partij van Nederland;Groenen;Pacifistisch-Socialistische Partij (PSP);PSP/CPN;SP;SGP-GPV-RPF;NL;Centrumdemocraten;RPF/SGP;Reformatorische Politieke Federatie (RPF);FNP;Evangelische Volkspartij (EVP);SAP;FPGB;HP;Centrumpartij;@abs
Aalburg-G0738;17;0;1920;824;472;135;;76.0;;;;;;;;7.0;1857.0;;;;;;;0.0;;;;2001.0
Aalsmeer-G0358;52;0;4347;2316;2826;673;;;153.0;;;48.0;166.0;116.0;;0.0;325.0;;28.0;;;;;2.0;;;;4960.0
Aalten-G0197;29;0;5714;2206;954;335;36.0;328.0;;324.0;;;89.0;;;3.0;;;;;;;;0.0;;;;3074.0
Aardenburg-G0648;14;0;721;490;501;104;16.0;;46.0;7.0;;;;;17.0;0.0;;;;;;;;;;;;762.0
Aarle-Rixtel-G0739;7;0;1345;748;365;171;;56.0;;;;;;;;17.0;12.0;;;;;;;2.0;;;;1173.0
Abcoude-G0305;15;0;1507;748;1188;418;59.0;;143.0;87.0;;;;;76.0;0.0;;;14.0;;;;;;;10.0;;1254.0
Achtkarspelen-G0059;45;0;5992;5376;800;278;;264.0;;;684.0;;;;;;;;;767.0;;1185.0;;;;;;3769.0
Adorp-G0001;8;0;377;259;140;63;;;51.0;;133.0;11.0;;9.0;;1.0;;;;13.0;;;;;9.0;;;234.0
Aduard-G0002;5;0;555;578;233;68;;;52.0;;196.0;5.0;;17.0;;3.0;;;;14.0;;;;;1.0;;;328.0
Akersloot-G0360;10;0;1138;559;536;220;;;68.0;;;24.0;35.0;31.0;;6.0;23.0;;0.0;;;;;2.0;;;;980.0
Alblasserdam-G0482;31;0;2018;3727;891;465;1071.0;202.0;;314.0;;;63.0;;;0.0;;;28.0;;;;17.0;2.0;;;;3600.0
Albrandswaard-G0613;34;0;2464;2012;1776;578;200.0;180.0;;134.0;;;63.0;;;11.0;;;39.0;;;;17.0;7.0;;;;3300.0
Alkemade-G0483;10;0;3645;1021;1157;299;15.0;230.0;;24.0;;;38.0;;;0.0;;;13.0;;;;8.0;0.0;;;;3305.0
Alkmaar-G0361;167;0;9681;14156;6042;2968;;;1193.0;;;944.0;857.0;1151.0;;121.0;564.0;;0.0;;;;;32.0;;;;24304.0
Almelo-G0141;155;0;9479;13474;3880;1739;149.0;;512.0;;297.0;;;;537.0;;;;;;301.0;;;0.0;;;;13466.0
Almere-G0034;74;0;2666;9883;3501;2437;;;748.0;;119.0;;;;1048.0;223.0;;;;116.0;;;;;;;456.0;13653.0
Alphen aan den Rijn-G0484;104;0;8750;6299;5372;2261;626.0;902.0;;780.0;;;159.0;;;261.0;;;53.0;;;;142.0;13.0;;;;14270.0
Alphen en Riel-G0741;2;0;1823;557;437;130;;64.0;;;;;;;;5.0;2.0;;;;;;;2.0;;;;1341.0
Ambt Delden-G0142;12;0;2402;379;429;75;6.0;;28.0;;1.0;;;;14.0;;;;;;1.0;;;0.0;;;;614.0
Ameland-G0060;10;0;788;567;316;91;;34.0;;;13.0;;;;;;;;;8.0;;7.0;;;;;;456.0
Amerongen-G0306;22;0;1193;833;666;189;379.0;;77.0;155.0;;;;;33.0;4.0;;;8.0;;;;;;;5.0;;1301.0
Amersfoort-G0307;209;0;14289;13453;7193;3630;796.0;;1606.0;2308.0;;;;;1634.0;104.0;;;114.0;;;;;;;61.0;;22696.0
Ammerzoden-G0198;9;0;1159;493;202;64;56.0;21.0;;27.0;;;14.0;;;4.0;;;;;;;;0.0;;;;937.0
Amstelveen-G0362;144;0;9555;8749;11540;3899;;;886.0;;;415.0;571.0;747.0;;22.0;543.0;;195.0;;;;;16.0;;;;16929.0
Amsterdam-G0363;1035;0;39613;126383;40873;26217;;;9462.0;;;18066.0;7233.0;13413.0;;501.0;2266.0;;4121.0;;;;;358.0;;490.0;;219216.0
Andijk-G0364;11;0;1180;734;372;141;;;40.0;;;105.0;38.0;37.0;;0.0;258.0;;0.0;;;;;0.0;;;;1186.0
Angerlo-G0199;14;0;1010;848;237;151;8.0;47.0;;1.0;;;29.0;;;4.0;;;;;;;;0.0;;;;859.0
Anloo-G0105;12;0;347;2171;1323;306;;;68.0;;33.0;;;101.0;;17.0;;;;;14.0;;;;;;;1076.0
Anna Paulowna-G0366;17;0;1505;1366;1560;307;;;88.0;;;20.0;28.0;31.0;;0.0;114.0;;0.0;;;;;3.0;;;;2264.0
Apeldoorn-G0200;267;0;23401;23011;13016;5923;2247.0;2218.0;;2046.0;;;558.0;;;111.0;;;;;;;;0.0;;;;34408.0
Appingedam-G0003;20;0;1634;3546;666;305;;;149.0;;130.0;100.0;;84.0;;31.0;;;;65.0;;;;;48.0;;;2717.0
Arcen en Velden-G0885;8;0;2536;798;466;178;;;77.0;;;;;;74.0;6.0;15.0;34.0;;;;;;;;;;1969.0
Arnemuiden-G0649;9;0;484;361;180;86;563.0;;35.0;261.0;;;;;8.0;3.0;;;;;;;;;;;;937.0
Arnhem-G0202;298;0;14686;23356;9094;5359;312.0;3952.0;;873.0;;;628.0;;;563.0;;;;;;;;77.0;;;;38352.0
Assen-G0106;105;0;5080;11527;4247;1631;;;962.0;;1628.0;;;518.0;;104.0;;;;;338.0;;;;;;;9577.0
Asten-G0743;18;0;4317;1289;610;408;;205.0;;;;;;;;35.0;19.0;;;;;;;22.0;;;;3506.0
Avereest-G0143;20;0;3664;2125;988;319;60.0;;81.0;;158.0;;;;47.0;;;;;;233.0;;;0.0;;;;2531.0
Axel-G0650;29;0;1871;1500;803;249;107.0;;87.0;680.0;;;;;76.0;0.0;;;;;;;;;;;;3493.0
Baarle-Nassau-G0744;16;0;1643;601;339;98;;56.0;;;;;;;;2.0;13.0;;;;;;;1.0;;;;1365.0
Baarn-G0308;44;0;3922;3124;3305;1134;157.0;;452.0;463.0;;;;;292.0;15.0;;;32.0;;;;;;;13.0;;5731.0
Baexem-G0886;11;0;724;215;222;37;;;17.0;;;;;;7.0;1.0;1.0;27.0;;;;;;;;;;477.0
Baflo-G0004;7;0;602;555;223;92;;;58.0;;112.0;14.0;;36.0;;3.0;;;;15.0;;;;;3.0;;;389.0
Bakel en Milheeze-G0745;19;0;2427;598;270;145;;56.0;;;;;;;;16.0;4.0;;;;;;;6.0;;;;1924.0
Barendrecht-G0489;37;0;3842;2104;1940;845;951.0;239.0;;356.0;;;78.0;;;3.0;;;40.0;;;;26.0;11.0;;;;3728.0
Barneveld-G0203;84;0;8790;2203;2675;719;4040.0;261.0;;2038.0;;;121.0;;;11.0;;;;;;;;0.0;;;;6489.0
Barsingerhorn-G0369;6;0;211;977;603;84;;;37.0;;;16.0;29.0;36.0;;1.0;10.0;;0.0;;;;;2.0;;;;903.0
Bathmen-G0144;8;0;911;808;983;245;6.0;;52.0;;14.0;;;;30.0;;;;;;6.0;;;0.0;;;;745.0
Bedum-G0005;18;0;2307;1488;524;330;;;153.0;;828.0;20.0;;36.0;;3.0;;;;130.0;;;;;16.0;;;1122.0
Beegden-G0887;4;0;434;276;72;42;;;16.0;;;;;;9.0;0.0;0.0;20.0;;;;;;;;;;445.0
Beek-G0888;65;0;3610;2299;1052;448;;;439.0;;;;;;99.0;13.0;20.0;586.0;;;;;;;;;;3849.0
Beek en Donk-G0746;18;0;2217;1185;309;210;;188.0;;;;;;;;34.0;15.0;;;;;;;9.0;;;;2373.0
Beemster-G0370;12;0;1325;1240;1271;265;;;74.0;;;57.0;55.0;48.0;;1.0;25.0;;0.0;;;;;2.0;;;;1413.0
Beers-G0747;1;0;1123;306;132;73;;46.0;;;;;;;;7.0;7.0;;;;;;;0.0;;;;530.0
Beerta-G0006;21;0;68;1007;200;44;;;19.0;;4.0;640.0;;18.0;;3.0;;;;7.0;;;;;4.0;;;412.0
Beesel-G0889;48;0;2580;1719;529;161;;;75.0;;;;;;63.0;3.0;5.0;311.0;;;;;;;;;;3433.0
Beilen-G0107;31;0;2487;3618;1583;299;;;162.0;;211.0;;;56.0;;10.0;;;;;54.0;;;;;;;1661.0
Belfeld-G0890;19;0;1361;645;199;104;;;44.0;;;;;;20.0;2.0;6.0;44.0;;;;;;;;;;1226.0
Bellingwedde-G0007;25;0;747;3462;734;198;;;74.0;;21.0;316.0;;47.0;;5.0;;;;79.0;;;;;22.0;;;1650.0
Bemmel-G0206;41;0;3480;2304;719;351;15.0;131.0;;18.0;;;62.0;;;13.0;;;;;;;;0.0;;;;4366.0
Bennebroek-G0372;18;0;1255;516;1102;271;;;82.0;;;14.0;42.0;27.0;;3.0;35.0;;1.0;;;;;0.0;;;;1113.0
Benschop-G0309;8;0;934;188;207;83;300.0;;18.0;59.0;;;;;4.0;3.0;;;5.0;;;;;;;1.0;;444.0
Benthuizen-G0490;3;0;450;304;344;128;443.0;34.0;;74.0;;;21.0;;;0.0;;;5.0;;;;5.0;0.0;;;;497.0
Bergambacht-G0491;21;0;1128;1643;982;265;746.0;72.0;;97.0;;;35.0;;;1.0;;;13.0;;;;5.0;2.0;;;;1414.0
Bergen-G0373;40;0;2070;1932;2284;549;;;183.0;;;79.0;310.0;138.0;;5.0;55.0;;0.0;;;;;3.0;;;;3011.0
Bergen-G0893;40;0;3509;2015;506;267;;;64.0;;;;;;31.0;2.0;11.0;74.0;;;;;;;;;;3059.0
Bergen op Zoom-G0748;78;0;6730;6067;3412;1333;;633.0;;;;;;;;132.0;158.0;;;;;;;0.0;;;;14628.0
Bergeyk-G0749;12;0;3205;938;454;164;;123.0;;;;;;;;7.0;26.0;;;;;;;6.0;;;;2170.0
Bergh-G0207;73;0;4149;2892;913;294;31.0;109.0;;32.0;;;65.0;;;9.0;;;;;;;;0.0;;;;4554.0
Berghem-G0750;14;0;1165;1061;175;101;;53.0;;;;;;;;196.0;4.0;;;;;;;0.0;;;;1200.0
Bergschenhoek-G0492;9;0;1696;696;754;252;66.0;66.0;;177.0;;;46.0;;;2.0;;;17.0;;;;6.0;0.0;;;;1588.0
Berkel en Rodenrijs-G0493;18;0;3854;1149;1490;669;63.0;158.0;;765.0;;;64.0;;;6.0;;;23.0;;;;13.0;3.0;;;;2754.0
Berkel-Enschot-G0751;21;0;2643;972;1131;459;;149.0;;;;;;;;27.0;20.0;;;;;;;0.0;;;;1983.0
Berlicum-G0752;13;0;2129;1286;507;228;;84.0;;;;;;;;61.0;6.0;;;;;;;5.0;;;;1887.0
Bernisse-G0568;27;0;1897;1851;1507;564;135.0;143.0;;74.0;;;62.0;;;14.0;;;18.0;;;;13.0;1.0;;;;2682.0
Best-G0753;34;0;3868;2657;1731;594;;236.0;;;;;;;;93.0;79.0;;;;;;;19.0;;;;5691.0
Beuningen-G0209;41;0;3390;2927;976;704;26.0;353.0;;37.0;;;117.0;;;54.0;;;;;;;;0.0;;;;6251.0
Beverwijk-G0375;131;0;5035;6621;2289;1015;;;363.0;;;452.0;266.0;329.0;;27.0;208.0;;0.0;;;;;15.0;;;;9717.0
Bierum-G0008;12;0;1040;788;296;119;;;58.0;;37.0;10.0;;13.0;;1.0;;;;38.0;;;;;23.0;;;690.0
Binnenmaas-G0585;30;0;2725;2971;2243;634;681.0;186.0;;161.0;;;53.0;;;4.0;;;42.0;;;;20.0;2.0;;;;4075.0
Bladel en Netersel-G0754;15;0;2389;960;476;190;;138.0;;;;;;;;21.0;16.0;;;;;;;12.0;;;;2823.0
Blaricum-G0376;7;0;1636;1089;1927;564;;;109.0;;;35.0;77.0;100.0;;3.0;74.0;;12.0;;;;;7.0;;;;2193.0
Bleiswijk-G0495;9;0;1925;667;989;316;168.0;63.0;;152.0;;;19.0;;;2.0;;;6.0;;;;8.0;2.0;;;;1645.0
Bloemendaal-G0377;65;0;2999;1594;4335;749;;;233.0;;;63.0;170.0;96.0;;7.0;125.0;;18.0;;;;;2.0;;;;3259.0
Boarnsterhim-G0055;30;0;1949;5176;1930;545;;319.0;;;38.0;;;;;;;;;84.0;;582.0;;;;;;2297.0
Bodegraven-G0497;23;0;3799;1601;1387;553;521.0;208.0;;341.0;;;49.0;;;8.0;;;15.0;;;;35.0;0.0;;;;3824.0
Boekel-G0755;21;0;2587;935;355;179;;86.0;;;;;;;;35.0;8.0;;;;;;;4.0;;;;1960.0
Bolsward-G0064;23;0;2348;1904;505;251;;167.0;;;28.0;;;;;;;;;50.0;;207.0;;;;;;1826.0
Borculo-G0211;34;0;1734;2225;1401;318;12.0;100.0;;43.0;;;48.0;;;1.0;;;;;;;;0.0;;;;1405.0
Borger-G0108;26;0;1551;3955;1268;357;;;163.0;;81.0;;;68.0;;13.0;;;;;77.0;;;;;;;1807.0
Born-G0897;67;0;3752;1931;440;579;;;132.0;;;;;;84.0;12.0;20.0;321.0;;;;;;;;;;2748.0
Borne-G0147;8;0;5367;3191;1289;750;25.0;;288.0;;40.0;;;;90.0;;;;;;53.0;;;0.0;;;;3687.0
Borsele-G0654;33;0;4223;2264;1367;526;1384.0;;277.0;229.0;;;;;94.0;0.0;;;;;;;;;;;;4132.0
Boskoop-G0499;29;0;2985;1341;1548;569;328.0;380.0;;258.0;;;46.0;;;7.0;;;32.0;;;;24.0;6.0;;;;2693.0
Boxmeer-G0756;30;0;3615;2295;704;339;;197.0;;;;;;;;88.0;20.0;;;;;;;0.0;;;;3005.0
Boxtel-G0757;35;0;4287;3248;1159;649;;309.0;;;;;;;;847.0;49.0;;;;;;;0.0;;;;6961.0
Brakel-G0212;19;0;938;847;238;68;961.0;38.0;;124.0;;;11.0;;;5.0;;;;;;;;0.0;;;;1324.0
Breda-G0758;249;0;17651;20385;8661;4494;;2779.0;;;;;;;;213.0;405.0;;;;;;;94.0;;;;37199.0
Brederwiede-G0194;34;0;2555;2160;808;390;51.0;;84.0;;591.0;;;;54.0;;;;;;139.0;;;0.0;;;;1792.0
Breukelen-G0311;16;0;1808;906;1465;561;364.0;;222.0;204.0;;;;;74.0;7.0;;;14.0;;;;;;;1.0;;2216.0
Brielle-G0501;21;0;1716;2487;2029;780;58.0;214.0;;85.0;;;82.0;;;5.0;;;35.0;;;;9.0;3.0;;;;3677.0
Broek in Waterland-G0380;8;0;344;483;390;155;;;23.0;;;22.0;33.0;32.0;;3.0;13.0;;0.0;;;;;1.0;;;;565.0
Broekhuizen-G0898;1;0;567;168;160;26;;;9.0;;;;;;24.0;1.0;0.0;1.0;;;;;;;;;;370.0
Brouwershaven-G0656;8;0;348;826;499;145;63.0;;34.0;103.0;;;;;26.0;0.0;;;;;;;;;;;;692.0
Bruinisse-G0657;10;0;457;447;306;63;369.0;;25.0;78.0;;;;;3.0;0.0;;;;;;;;;;;;556.0
Brummen-G0213;52;0;2657;4929;1909;766;50.0;291.0;;93.0;;;123.0;;;7.0;;;;;;;;0.0;;;;4103.0
Brunssum-G0899;70;0;5296;6651;893;896;;;280.0;;;;;;200.0;129.0;146.0;205.0;;;;;;;;;;8295.0
Budel-G0759;30;0;2499;1565;450;163;;42.0;;;;;;;;14.0;19.0;;;;;;;8.0;;;;3722.0
Bunnik-G0312;23;0;3121;1340;1735;671;139.0;;424.0;86.0;;;;;143.0;16.0;;;21.0;;;;;;;9.0;;2307.0
Bunschoten-G0313;30;0;3378;604;610;254;341.0;;49.0;3813.0;;;;;36.0;2.0;;;19.0;;;;;;;9.0;;2468.0
Buren-G0214;15;0;1031;1710;1299;312;176.0;106.0;;47.0;;;95.0;;;12.0;;;;;;;;0.0;;;;2119.0
Bussum-G0381;21;0;4786;3683;4899;1345;;;286.0;;;155.0;185.0;866.0;;9.0;475.0;;42.0;;;;;5.0;;;;8864.0
Callantsoog-G0382;8;0;252;478;429;66;;;19.0;;;12.0;6.0;15.0;;0.0;9.0;;0.0;;;;;0.0;;;;605.0
Capelle aan den IJssel-G0502;34;0;4775;8917;4697;2280;1816.0;724.0;;937.0;;;124.0;;;66.0;;;140.0;;;;30.0;8.0;;;;16877.0
Castricum-G0383;64;0;4014;2995;2965;1292;;;511.0;;;123.0;171.0;214.0;;7.0;77.0;;0.0;;;;;3.0;;;;4671.0
Chaam-G0760;11;0;1084;382;265;103;;25.0;;;;;;;;2.0;0.0;;;;;;;1.0;;;;847.0
Coevorden-G0109;36;0;2691;3327;914;333;;;72.0;;39.0;;;118.0;;19.0;;;;;79.0;;;;;;;2930.0
Cothen-G0314;2;0;725;204;183;54;26.0;;18.0;10.0;;;;;10.0;0.0;;;0.0;;;;;;;0.0;;503.0
Cromstrijen-G0611;17;0;1630;2338;1094;388;445.0;137.0;;92.0;;;33.0;;;3.0;;;17.0;;;;4.0;1.0;;;;2415.0
Cuijk en Sint Agatha-G0761;34;0;2906;2694;785;565;;337.0;;;;;;;;81.0;21.0;;;;;;;0.0;;;;4422.0
Culemborg-G0216;5;0;2734;3078;1408;677;172.0;353.0;;92.0;;;98.0;;;209.0;;;;;;;;0.0;;;;5650.0
Dalen-G0110;15;0;668;1364;932;168;;;29.0;;9.0;;;19.0;;4.0;;;;;6.0;;;;;;;888.0
Dalfsen-G0148;25;0;4886;1431;939;358;49.0;;84.0;;751.0;;;;35.0;;;;;;117.0;;;0.0;;;;2108.0
Dantumadeel-G0065;31;0;4045;3545;627;262;;216.0;;;306.0;;;;;;;;;1246.0;;507.0;;;;;;2730.0
De Bilt-G0310;76;0;5139;4117;5363;1973;334.0;;573.0;505.0;;;;;333.0;16.0;;;52.0;;;;;;;24.0;;6115.0
De Lier-G0552;15;0;3077;518;901;220;45.0;57.0;;152.0;;;17.0;;;4.0;;;16.0;;;;9.0;0.0;;;;1710.0
De Wijk-G0135;5;0;691;980;821;167;;;46.0;;36.0;;;29.0;;3.0;;;;;8.0;;;;;;;808.0
Delft-G0503;153;0;11062;15768;6606;4355;584.0;3855.0;;770.0;;;529.0;;;47.0;;;242.0;;;;133.0;21.0;;;;24203.0
Delfzijl-G0010;31;0;2400;5838;1532;683;;;306.0;;271.0;245.0;;136.0;;44.0;;;;237.0;;;;;50.0;;;5976.0
Den Dungen-G0768;9;0;1125;676;170;76;;33.0;;;;;;;;28.0;2.0;;;;;;;3.0;;;;953.0
Den Ham-G0159;23;0;4299;2094;412;151;69.0;;96.0;;360.0;;;;32.0;;;;;;340.0;;;0.0;;;;2266.0
Den Helder-G0400;111;0;6474;9302;6676;2369;;;445.0;;;226.0;186.0;307.0;;22.0;964.0;;0.0;;;;;19.0;;;;19840.0
Denekamp-G0149;33;0;5055;1227;426;187;6.0;;53.0;;8.0;;;;29.0;;;;;;14.0;;;0.0;;;;1941.0
Deurne-G0762;63;0;7471;3242;1285;550;;466.0;;;;;;;;58.0;48.0;;;;;;;18.0;;;;7694.0
Deventer-G0150;139;0;7095;15392;4383;2413;99.0;;1423.0;;200.0;;;;1161.0;;;;;;217.0;;;92.0;;;;15474.0
Didam-G0218;27;0;3759;2373;607;404;14.0;150.0;;13.0;;;50.0;;;5.0;;;;;;;;0.0;;;;4235.0
Diemen-G0384;67;0;1720;2855;1734;1142;;;193.0;;;237.0;173.0;195.0;;6.0;90.0;;115.0;;;;;6.0;;;;4844.0
Diepenheim-G0151;5;0;428;667;424;102;10.0;;14.0;;0.0;;;;21.0;;;;;;2.0;;;0.0;;;;352.0
Diepenveen-G0152;23;0;2945;1439;1363;446;8.0;;151.0;;13.0;;;;69.0;;;;;;24.0;;;4.0;;;;1561.0
Diessen-G0763;8;0;1358;277;160;60;;54.0;;;;;;;;1.0;1.0;;;;;;;0.0;;;;776.0
Diever-G0111;13;0;545;898;518;115;;;48.0;;25.0;;;20.0;;9.0;;;;;10.0;;;;;;;451.0
Dinteloord en Prinsenland-G0764;22;0;918;945;362;100;;53.0;;;;;;;;6.0;323.0;;;;;;;0.0;;;;1394.0
Dinxperlo-G0219;31;0;2128;1038;362;155;10.0;33.0;;57.0;;;33.0;;;0.0;;;;;;;;0.0;;;;1764.0
Dirksland-G0504;25;0;948;1064;452;130;1138.0;54.0;;135.0;;;22.0;;;0.0;;;7.0;;;;10.0;1.0;;;;1312.0
Dodewaard-G0220;15;0;602;737;234;36;262.0;29.0;;80.0;;;14.0;;;4.0;;;;;;;;0.0;;;;830.0
Doesburg-G0221;19;0;1468;2413;649;269;19.0;119.0;;78.0;;;21.0;;;117.0;;;;;;;;0.0;;;;2366.0
Doetinchem-G0222;87;0;6508;8268;2927;1271;220.0;762.0;;252.0;;;184.0;;;26.0;;;;;;;;0.0;;;;9491.0
Domburg-G0660;8;0;686;544;498;130;299.0;;37.0;88.0;;;;;20.0;4.0;;;;;;;;;;;;655.0
Dongen-G0766;7;0;4145;2591;1067;581;;224.0;;;;;;;;615.0;50.0;;;;;;;0.0;;;;5882.0
Dongeradeel-G0058;37;0;7550;3351;999;320;;309.0;;;367.0;;;;;;;;;582.0;;734.0;;;;;;3393.0
Doorn-G0315;23;0;1745;1040;1851;512;257.0;;143.0;149.0;;;;;104.0;2.0;;;6.0;;;;;;;6.0;;2161.0
Dordrecht-G0505;178;0;11482;19780;7118;3477;1682.0;2309.0;;1290.0;;;315.0;;;83.0;;;292.0;;;;198.0;24.0;;;;30578.0
Drechterland-G0498;16;0;2059;846;701;240;;;97.0;;;54.0;68.0;41.0;;0.0;44.0;;0.0;;;;;0.0;;;;1830.0
Driebergen-Rijsenburg-G0316;28;0;3011;1996;2356;960;522.0;;361.0;315.0;;;;;188.0;4.0;;;23.0;;;;;;;10.0;;3626.0
Driebruggen-G0506;6;0;1175;239;337;110;357.0;23.0;;73.0;;;16.0;;;3.0;;;4.0;;;;6.0;0.0;;;;605.0
Dronten-G0303;37;0;4377;2783;2220;693;;;479.0;;388.0;;;;115.0;0.0;;;;570.0;;;;;;;52.0;3597.0
Drunen-G0767;30;0;3762;2024;941;474;;168.0;;;;;;;;66.0;45.0;;;;;;;0.0;;;;4272.0
Druten-G0225;24;0;2628;2441;582;299;13.0;202.0;;9.0;;;49.0;;;36.0;;;;;;;;0.0;;;;4068.0
Duiveland-G0662;15;0;596;786;476;130;890.0;;19.0;108.0;;;;;16.0;0.0;;;;;;;;;;;;740.0
Duiven-G0226;20;0;2663;1554;769;425;12.0;135.0;;39.0;;;71.0;;;4.0;;;;;;;;0.0;;;;3206.0
Dussen-G0769;10;0;1410;789;323;135;;62.0;;;;;;;;6.0;181.0;;;;;;;0.0;;;;1448.0
Dwingeloo-G0112;7;0;517;977;665;134;;;52.0;;15.0;;;39.0;;4.0;;;;;17.0;;;;;;;414.0
Echt-G0902;82;0;3311;2876;771;227;;;117.0;;;;;;162.0;11.0;18.0;1175.0;;;;;;;;;;4383.0
Echteld-G0227;12;0;782;1352;534;97;552.0;31.0;;76.0;;;17.0;;;6.0;;;;;;;;0.0;;;;1133.0
Edam-Volendam-G0385;37;0;6599;2020;1363;543;;;177.0;;;76.0;120.0;70.0;;2.0;39.0;;0.0;;;;;9.0;;;;6021.0
Ede-G0228;165;0;15941;8194;7899;2714;6671.0;1189.0;;2373.0;;;816.0;;;145.0;;;;;;;;0.0;;;;18199.0
Eelde-G0113;20;0;1004;2352;1906;805;;;161.0;;40.0;;;68.0;;7.0;;;;;31.0;;;;;;;1632.0
Eemnes-G0317;9;0;1331;722;909;416;35.0;;80.0;90.0;;;;;68.0;3.0;;;7.0;;;;;;;3.0;;1444.0
Eenrum-G0011;5;0;143;837;262;74;;;54.0;;53.0;21.0;;20.0;;3.0;;;;8.0;;;;;8.0;;;329.0
Eersel-G0770;22;0;3347;1131;836;410;;197.0;;;;;;;;21.0;25.0;;;;;;;7.0;;;;2660.0
Egmond-G0357;34;0;2061;1861;1058;309;;;123.0;;;77.0;113.0;65.0;;1.0;43.0;;0.0;;;;;1.0;;;;2729.0
Eibergen-G0229;28;0;4962;2668;1059;363;10.0;234.0;;44.0;;;75.0;;;25.0;;;;;;;;0.0;;;;2391.0
Eijsden-G0905;29;0;2584;1528;904;169;;;65.0;;;;;;76.0;3.0;8.0;617.0;;;;;;;;;;2243.0
Eindhoven-G0772;158;0;29982;26602;11150;5835;;4501.0;;;;;;;;1001.0;858.0;;;;;;;234.0;;;;66068.0
Elburg-G0230;35;0;3441;1461;1440;415;2108.0;133.0;;1173.0;;;79.0;;;9.0;;;;;;;;0.0;;;;3618.0
Elst-G0231;2;0;3409;2026;1103;613;49.0;249.0;;33.0;;;19.0;;;23.0;;;;;;;;0.0;;;;5381.0
Emmen-G0114;269;0;12891;27487;4792;2114;;;897.0;;683.0;;;542.0;;372.0;;;;;701.0;;;;;;;17960.0
Enkhuizen-G0388;32;0;2159;2962;1127;490;;;140.0;;;279.0;100.0;159.0;;7.0;352.0;;0.0;;;;;7.0;;;;3605.0
Enschede-G0153;62;0;17739;30843;9376;4281;260.0;;1572.0;;2218.0;;;;1990.0;;;;;;575.0;;;0.0;;;;37339.0
Epe-G0232;90;0;5628;5893;3553;1083;813.0;376.0;;488.0;;;100.0;;;11.0;;;;;;;;0.0;;;;6829.0
Ermelo-G0233;47;0;5766;1472;2339;683;887.0;390.0;;1193.0;;;132.0;;;42.0;;;;;;;;0.0;;;;5130.0
Erp-G0775;17;0;2255;523;223;77;;30.0;;;;;;;;18.0;2.0;;;;;;;10.0;;;;1126.0
Esch-G0776;3;0;640;198;72;53;;19.0;;;;;;;;8.0;4.0;;;;;;;0.0;;;;393.0
Etten-Leur-G0777;79;0;5635;4821;1847;1096;;421.0;;;;;;;;47.0;59.0;;;;;;;17.0;;;;8688.0
Ezinge-G0012;2;0;315;429;161;70;;;52.0;;28.0;20.0;;26.0;;0.0;;;;7.0;;;;;2.0;;;216.0
Ferwerderadeel-G0068;14;0;2404;1191;496;121;;97.0;;;283.0;;;;;;;;;86.0;;320.0;;;;;;1342.0
Fijnaart en Heijningen-G0778;8;0;1370;1134;346;133;;55.0;;;;;;;;5.0;94.0;;;;;;;0.0;;;;1501.0
Finsterwolde-G0013;10;0;70;856;133;38;;;12.0;;4.0;661.0;;11.0;;0.0;;;;14.0;;;;;5.0;;;278.0
Franekeradeel-G0070;42;0;4249;4033;1391;473;;329.0;;;119.0;;;;;;;;;230.0;;559.0;;;;;;3655.0
Gaasterlân-Sleat-G0653;21;0;2704;1019;579;160;;72.0;;;13.0;;;;;;;;;304.0;;346.0;;;;;;1367.0
Gasselte-G0115;6;0;373;1408;451;97;;;33.0;;10.0;;;28.0;;4.0;;;;;19.0;;;;;;;722.0
Geertruidenberg-G0779;13;0;1063;1179;316;218;;56.0;;;;;;;;29.0;17.0;;;;;;;0.0;;;;2005.0
Geffen-G0780;17;0;1179;694;151;91;;39.0;;;;;;;;66.0;4.0;;;;;;;3.0;;;;1223.0
Geldermalsen-G0236;43;0;3561;3630;2156;628;1036.0;239.0;;131.0;;;88.0;;;5.0;;;;;;;;0.0;;;;4213.0
Geldrop-G0781;23;0;4927;3312;1699;1096;;427.0;;;;;;;;60.0;98.0;;;;;;;25.0;;;;7473.0
Geleen-G0906;17;0;6517;5997;1344;568;;;298.0;;;;;;560.0;67.0;55.0;1176.0;;;;;;;;;;9649.0
Gemert-G0782;32;0;4062;2506;671;397;;240.0;;;;;;;;74.0;16.0;;;;;;;6.0;;;;4505.0
Gendringen-G0237;38;0;5385;2939;950;411;25.0;179.0;;47.0;;;90.0;;;8.0;;;;;;;;0.0;;;;4350.0
Gendt-G0238;13;0;1524;1105;252;160;4.0;67.0;;3.0;;;18.0;;;4.0;;;;;;;;0.0;;;;1965.0
Genemuiden-G0154;2;0;744;566;203;48;1079.0;;15.0;;38.0;;;;10.0;;;;;;869.0;;;0.0;;;;1157.0
Gennep-G0907;57;0;2956;1882;911;928;;;102.0;;;;;;95.0;14.0;15.0;30.0;;;;;;;;;;4862.0
Giessenlanden-G0689;24;0;2515;2281;1629;397;517.0;102.0;;503.0;;;65.0;;;1.0;;;12.0;;;;26.0;0.0;;;;1958.0
Gieten-G0116;10;0;416;1737;936;218;;;52.0;;11.0;;;38.0;;3.0;;;;;19.0;;;;;;;905.0
Gilze en Rijen-G0784;31;0;4878;3247;1191;692;;257.0;;;;;;;;48.0;46.0;;;;;;;0.0;;;;5288.0
Goedereede-G0511;28;0;1376;1126;663;147;2042.0;57.0;;309.0;;;27.0;;;4.0;;;8.0;;;;14.0;3.0;;;;1836.0
Goes-G0664;67;0;5010;4849;2376;951;1463.0;;653.0;498.0;;;;;191.0;0.0;;;;;;;;;;;;7718.0
Goirle-G0785;32;0;3316;2581;1012;552;;379.0;;;;;;;;19.0;39.0;;;;;;;0.0;;;;4957.0
Goor-G0156;30;0;2175;2847;1004;483;13.0;;78.0;;43.0;;;;73.0;;;;;;47.0;;;0.0;;;;1997.0
Gorinchem-G0512;77;0;3098;6088;1879;905;418.0;394.0;;347.0;;;121.0;;;12.0;;;57.0;;;;44.0;10.0;;;;6718.0
Gorssel-G0239;40;0;2995;2173;2328;668;23.0;189.0;;73.0;;;93.0;;;4.0;;;;;;;;0.0;;;;2303.0
Gouda-G0513;104;0;7297;10687;4519;2471;1396.0;1287.0;;710.0;;;254.0;;;24.0;;;188.0;;;;80.0;11.0;;;;14764.0
Graafstroom-G0693;28;0;2023;735;567;172;1161.0;66.0;;303.0;;;24.0;;;4.0;;;10.0;;;;15.0;0.0;;;;1164.0
Graft-De Rijp-G0365;6;0;915;845;725;251;;;43.0;;;55.0;39.0;97.0;;0.0;11.0;;0.0;;;;;0.0;;;;954.0
Gramsbergen-G0157;27;0;1794;1173;282;103;6.0;;40.0;;140.0;;;;11.0;;;;;;37.0;;;0.0;;;;717.0
Grathem-G0909;17;0;860;246;125;46;;;15.0;;;;;;16.0;0.0;2.0;86.0;;;;;;;;;;697.0
Grave-G0786;17;0;2064;1298;686;385;;220.0;;;;;;;;86.0;22.0;;;;;;;0.0;;;;2715.0
Grijpskerk-G0016;9;0;1295;480;273;103;;;82.0;;204.0;11.0;;11.0;;0.0;;;;40.0;;;;;7.0;;;493.0
Groenlo-G0240;7;0;2543;1208;419;207;2.0;91.0;;10.0;;;30.0;;;15.0;;;;;;;;0.0;;;;1915.0
Groesbeek-G0241;74;0;3345;3750;968;427;30.0;397.0;;32.0;;;82.0;;;31.0;;;;;;;;0.0;;;;4746.0
Groningen-G0014;303;0;13859;38694;12375;7924;;;5265.0;;4545.0;3476.0;;4032.0;;1486.0;;;;745.0;;;;;372.0;;;43473.0
Grootegast-G0015;11;0;2595;1147;379;137;;;64.0;;350.0;19.0;;37.0;;3.0;;;;180.0;;;;;4.0;;;1403.0
Grubbenvorst-G0912;10;0;1884;747;590;137;;;37.0;;;;;;28.0;2.0;6.0;13.0;;;;;;;;;;1396.0
Gulpen-G0913;26;0;1610;1142;387;86;;;49.0;;;;;;38.0;9.0;6.0;705.0;;;;;;;;;;1343.0
Haaksbergen-G0158;43;0;6634;3019;1452;679;12.0;;188.0;;28.0;;;;122.0;;;;;;20.0;;;0.0;;;;4032.0
Haaren-G0788;13;0;1626;433;302;105;;90.0;;;;;;;;7.0;11.0;;;;;;;0.0;;;;1106.0
Haarlem-G0392;315;0;18714;27371;12883;6220;;;2301.0;;;1575.0;1347.0;1809.0;;97.0;1171.0;;376.0;;;;;51.0;;;;42336.0
Haarlemmerliede en Spaarnwoude-G0393;12;0;1039;614;500;173;;;60.0;;;34.0;50.0;34.0;;0.0;37.0;;4.0;;;;;0.0;;;;1120.0
Haarlemmermeer-G0394;202;0;13953;9659;9993;3554;;;982.0;;;519.0;498.0;383.0;;20.0;1425.0;;140.0;;;;;22.0;;;;23654.0
Haelen-G0914;28;0;1741;665;270;147;;;70.0;;;;;;34.0;2.0;12.0;83.0;;;;;;;;;;1372.0
Halsteren-G0789;29;0;1994;1942;850;334;;136.0;;;;;;;;12.0;39.0;;;;;;;0.0;;;;4233.0
Haps-G0790;4;0;1030;347;111;66;;25.0;;;;;;;;5.0;0.0;;;;;;;0.0;;;;
Hardenberg-G0160;80;0;8574;4268;1256;544;47.0;;269.0;;2856.0;;;;65.0;;;;;;218.0;;;0.0;;;;4004.0
Harderwijk-G0243;66;0;6742;2681;2771;1020;1087.0;530.0;;1445.0;;;128.0;;;38.0;;;;;;;;0.0;;;;7386.0
Hardinxveld-Giessendam-G0523;31;0;2008;2258;890;305;2110.0;92.0;;986.0;;;34.0;;;10.0;;;11.0;;;;22.0;0.0;;;;2913.0
Haren-G0017;38;0;2942;3051;3318;1168;;;299.0;;495.0;70.0;;124.0;;8.0;;;;114.0;;;;;34.0;;;2767.0
Harenkarspel-G0395;14;0;1543;627;475;171;;;37.0;;;14.0;38.0;32.0;;3.0;22.0;;0.0;;;;;3.0;;;;1301.0
Harlingen-G0072;26;0;2093;4002;1100;465;;249.0;;;262.0;;;;;;;;;122.0;;138.0;;;;;;3283.0
Harmelen-G0318;15;0;1714;542;951;221;110.0;;95.0;62.0;;;;;38.0;3.0;;;5.0;;;;;;;2.0;;1610.0
Hasselt-G0161;7;0;1282;901;285;132;225.0;;31.0;;440.0;;;;38.0;;;;;;336.0;;;0.0;;;;814.0
Hattem-G0244;31;0;2449;2110;745;360;82.0;109.0;;1067.0;;;33.0;;;9.0;;;;;;;;0.0;;;;1509.0
Havelte-G0117;17;0;411;1694;1072;195;;;40.0;;13.0;;;46.0;;7.0;;;;;21.0;;;;;;;871.0
Hazerswoude-G0524;20;0;2702;1006;1025;427;218.0;181.0;;205.0;;;30.0;;;5.0;;;10.0;;;;11.0;1.0;;;;2187.0
Hedel-G0245;3;0;741;498;234;94;230.0;27.0;;34.0;;;11.0;;;0.0;;;;;;;;0.0;;;;849.0
Heel en Panheel-G0915;14;0;924;431;172;71;;;49.0;;;;;;18.0;0.0;0.0;47.0;;;;;;;;;;1492.0
Heemskerk-G0396;54;0;5507;5062;2098;1159;;;449.0;;;284.0;266.0;334.0;;11.0;192.0;;0.0;;;;;13.0;;;;8437.0
Heemstede-G0397;56;0;4774;2613;5454;1054;;;426.0;;;80.0;165.0;178.0;;9.0;207.0;;41.0;;;;;6.0;;;;5499.0
Heerde-G0246;25;0;3717;3264;1230;487;424.0;137.0;;1164.0;;;49.0;;;11.0;;;;;;;;0.0;;;;2817.0
Heerenveen-G0074;78;0;4521;10467;2912;1161;;924.0;;;265.0;;;;;;;;;288.0;;765.0;;;;;;6644.0
Heerewaarden-G0247;4;0;89;360;153;21;6.0;11.0;;2.0;;;4.0;;;2.0;;;;;;;;0.0;;;;208.0
Heerhugowaard-G0398;47;0;5195;4005;2551;1323;;;360.0;;;228.0;296.0;221.0;;8.0;184.0;;0.0;;;;;10.0;;;;8888.0
Heerjansdam-G0526;7;0;613;580;302;111;78.0;43.0;;44.0;;;15.0;;;4.0;;;8.0;;;;4.0;0.0;;;;748.0
Heerlen-G0917;189;0;14906;16856;3484;1811;;;960.0;;;;;;1192.0;1072.0;237.0;1136.0;;;;;;;;;;30128.0
Heesch-G0791;25;0;2410;1314;469;264;;60.0;;;;;;;;428.0;9.0;;;;;;;16.0;;;;2657.0
Heeswijk-Dinther-G0792;17;0;2722;847;327;183;;126.0;;;;;;;;24.0;11.0;;;;;;;9.0;;;;1531.0
Heeze-G0793;15;0;2237;966;776;299;;108.0;;;;;;;;8.0;13.0;;;;;;;5.0;;;;2164.0
Hefshuizen-G0019;24;0;2285;2244;635;142;;;101.0;;751.0;58.0;;30.0;;4.0;;;;59.0;;;;;52.0;;;1516.0
Heiloo-G0399;49;0;3818;2508;3508;1061;;;275.0;;;86.0;179.0;178.0;;7.0;111.0;;0.0;;;;;1.0;;;;3920.0
Heino-G0162;13;0;2276;844;453;188;16.0;;65.0;;111.0;;;;26.0;;;;;;68.0;;;0.0;;;;956.0
Helden-G0918;37;0;4948;1481;569;240;;;97.0;;;;;;74.0;15.0;17.0;388.0;;;;;;;;;;4604.0
Hellendoorn-G0163;56;0;11748;3980;1362;633;148.0;;503.0;;356.0;;;;57.0;;;;;;526.0;;;0.0;;;;5110.0
Hellevoetsluis-G0530;44;0;2140;5732;2556;1251;133.0;636.0;;144.0;;;115.0;;;15.0;;;61.0;;;;22.0;5.0;;;;9142.0
Helmond-G0794;66;0;9042;9534;2722;1312;;784.0;;;;;;;;370.0;94.0;;;;;;;17.0;;;;22247.0
Helvoirt-G0795;13;0;1272;475;419;134;;54.0;;;;;;;;16.0;11.0;;;;;;;0.0;;;;983.0
Hendrik-Ido-Ambacht-G0531;2;0;2711;2368;1649;641;1311.0;168.0;;285.0;;;44.0;;;2.0;;;32.0;;;;24.0;1.0;;;;4231.0
Hengelo-G0248;11;0;2481;1232;652;161;33.0;46.0;;26.0;;;26.0;;;3.0;;;;;;;;0.0;;;;1524.0
Hengelo-G0164;147;0;14272;14725;5051;3245;78.0;;972.0;;490.0;;;;1287.0;;;;;;411.0;;;0.0;;;;15724.0
Herten-G0919;14;0;838;393;247;75;;;64.0;;;;;;21.0;1.0;4.0;125.0;;;;;;;;;;894.0
Het Bildt-G0063;31;0;2277;2112;653;165;;214.0;;;44.0;;;;;;;;;64.0;;220.0;;;;;;1628.0
Heteren-G0251;19;0;1748;1051;490;235;185.0;85.0;;65.0;;;24.0;;;0.0;;;;;;;;0.0;;;;2126.0
Heumen-G0252;2;0;2982;1422;930;518;1.0;330.0;;11.0;;;40.0;;;36.0;;;;;;;;0.0;;;;3144.0
Heusden-G0797;3;0;1075;715;299;157;;72.0;;;;;;;;10.0;80.0;;;;;;;0.0;;;;1516.0
Heythuysen-G0920;13;0;1739;533;281;134;;;52.0;;;;;;34.0;0.0;4.0;46.0;;;;;;;;;;1459.0
Hillegom-G0534;27;0;4212;2194;1956;739;74.0;406.0;;78.0;;;76.0;;;8.0;;;16.0;;;;13.0;5.0;;;;4997.0
Hilvarenbeek-G0798;31;0;2456;1270;687;287;;169.0;;;;;;;;18.0;10.0;;;;;;;0.0;;;;2071.0
Hilversum-G0402;167;0;11766;14241;9867;3447;;;970.0;;;561.0;568.0;809.0;;351.0;1420.0;;164.0;;;;;33.0;;;;22561.0
Hoevelaken-G0253;11;0;1503;839;963;347;362.0;120.0;;206.0;;;24.0;;;2.0;;;;;;;;0.0;;;;1516.0
Hoeven-G0799;25;0;1636;1044;598;211;;40.0;;;;;;;;6.0;32.0;;;;;;;0.0;;;;2334.0
Holten-G0165;15;0;2212;1521;1258;297;14.0;;62.0;;21.0;;;;21.0;;;;;;47.0;;;7.0;;;;1115.0
Hontenisse-G0675;16;0;2393;963;504;146;17.0;;73.0;11.0;;;;;36.0;0.0;;;;;;;;;;;;1541.0
Hooge en Lage Mierde-G0801;2;0;1336;272;163;56;;36.0;;;;;;;;5.0;4.0;;;;;;;2.0;;;;830.0
Hooge en Lage Zwaluwe-G0802;15;0;1267;956;434;166;;58.0;;;;;;;;3.0;64.0;;;;;;;0.0;;;;1484.0
Hoogeloon, Hapert en Casteren-G0800;17;0;2405;772;408;184;;86.0;;;;;;;;3.0;9.0;;;;;;;8.0;;;;1882.0
Hoogeveen-G0118;111;0;9337;8361;2130;1303;;;404.0;;854.0;;;229.0;;32.0;;;;;1136.0;;;;;;;8506.0
Hoogezand-Sappemeer-G0018;77;0;2487;9678;2294;931;;;391.0;;479.0;463.0;;196.0;;163.0;;;;126.0;;;;;135.0;;;7716.0
Hoorn-G0405;76;0;5934;8910;3991;2147;;;617.0;;;584.0;395.0;578.0;;35.0;227.0;;0.0;;;;;18.0;;;;14195.0
Horn-G0922;21;0;867;413;268;86;;;46.0;;;;;;27.0;0.0;4.0;39.0;;;;;;;;;;1056.0
Horst-G0923;42;0;5380;1640;816;234;;;83.0;;;;;;71.0;44.0;27.0;31.0;;;;;;;;;;4646.0
Houten-G0321;19;0;4023;2127;1540;797;396.0;;385.0;340.0;;;;;152.0;43.0;;;28.0;;;;;;;10.0;;4245.0
Huijbergen-G0803;2;0;563;195;156;55;;15.0;;;;;;;;1.0;5.0;;;;;;;0.0;;;;512.0
Huissen-G0255;22;0;3119;2204;1045;514;12.0;211.0;;25.0;;;63.0;;;8.0;;;;;;;;0.0;;;;3876.0
Huizen-G0406;30;0;5810;3852;4137;1593;;;328.0;;;148.0;262.0;334.0;;17.0;1812.0;;60.0;;;;;1.0;;;;10122.0
Hulst-G0677;47;0;3262;2463;1061;367;21.0;;133.0;23.0;;;;;80.0;0.0;;;;;;;;;;;;5528.0
Hummelo en Keppel-G0256;12;0;897;787;662;212;15.0;37.0;;7.0;;;21.0;;;1.0;;;;;;;;0.0;;;;709.0
Hunsel-G0925;16;0;1639;531;225;92;;;44.0;;;;;;32.0;5.0;0.0;87.0;;;;;;;;;;1296.0
IJsselham-G0195;2;0;1256;979;463;131;9.0;;40.0;;62.0;;;;39.0;;;;;;60.0;;;0.0;;;;797.0
IJsselmuiden-G0191;26;0;2922;912;420;115;1611.0;;78.0;;161.0;;;;29.0;;;;;;897.0;;;0.0;;;;1407.0
IJsselstein-G0353;36;0;3127;2254;1346;797;368.0;;174.0;106.0;;;;;152.0;13.0;;;22.0;;;;;;;11.0;;4485.0
Ilpendam-G0407;5;0;565;477;426;93;;;32.0;;;88.0;31.0;19.0;;0.0;37.0;;0.0;;;;;1.0;;;;594.0
Jisp-G0408;4;0;22;64;43;12;;;14.0;;;11.0;1.0;3.0;;0.0;1.0;;0.0;;;;;0.0;;;;566.0
Kamerik-G0323;13;0;1114;215;191;86;253.0;;54.0;75.0;;;;;13.0;2.0;;;4.0;;;;;;;2.0;;518.0
Kampen-G0166;58;0;5455;4916;1651;832;1172.0;;650.0;;844.0;;;;371.0;;;;;;1863.0;;;0.0;;;;5432.0
Kantens-G0020;4;0;212;464;158;38;;;22.0;;136.0;12.0;;24.0;;7.0;;;;14.0;;;;;5.0;;;208.0
Kapelle-G0678;15;0;2078;1229;855;346;524.0;;129.0;175.0;;;;;31.0;0.0;;;;;;;;;;;;1948.0
Katwijk-G0537;29;0;7354;2731;1562;744;2961.0;287.0;;1265.0;;;76.0;;;17.0;;;33.0;;;;44.0;6.0;;;;10709.0
Katwoude-G0409;0;0;68;24;37;7;;;2.0;;;0.0;3.0;2.0;;0.0;8.0;;0.0;;;;;0.0;;;;27.0
Kerkrade-G0928;157;0;7647;10547;1163;433;;;483.0;;;;;;251.0;179.0;63.0;1351.0;;;;;;;;;;17144.0
Kerkwijk-G0257;10;0;1050;527;333;85;946.0;49.0;;97.0;;;7.0;;;8.0;;;;;;;;0.0;;;;1098.0
Kessel-G0929;10;0;1196;444;185;68;;;24.0;;;;;;10.0;1.0;3.0;42.0;;;;;;;;;;824.0
Kesteren-G0258;17;0;1034;1194;373;162;1547.0;48.0;;109.0;;;26.0;;;2.0;;;;;;;;0.0;;;;1631.0
Kloosterburen-G0021;8;0;443;347;115;27;;;24.0;;16.0;13.0;;7.0;;3.0;;;;8.0;;;;;5.0;;;292.0
Klundert-G0804;17;0;1560;831;383;142;;44.0;;;;;;;;6.0;355.0;;;;;;;0.0;;;;1450.0
Kockengen-G0324;2;0;900;185;196;80;175.0;;25.0;105.0;;;;;27.0;2.0;;;0.0;;;;;;;1.0;;498.0
Kollumerland en Nieuwkruisland-G0079;13;0;3575;1783;532;185;;136.0;;;131.0;;;;;;;;;377.0;;357.0;;;;;;1741.0
Korendijk-G0588;16;0;1231;1417;936;240;1006.0;106.0;;83.0;;;28.0;;;3.0;;;22.0;;;;6.0;2.0;;;;1952.0
Kortgene-G0682;7;0;606;744;435;103;131.0;;41.0;28.0;;;;;18.0;0.0;;;;;;;;;;;;672.0
Koudekerk aan den Rijn-G0540;4;0;957;538;459;147;41.0;57.0;;32.0;;;17.0;;;3.0;;;5.0;;;;16.0;1.0;;;;849.0
Krimpen aan den IJssel-G0542;51;0;2903;4603;2638;996;2045.0;312.0;;416.0;;;85.0;;;12.0;;;77.0;;;;9.0;2.0;;;;5874.0
Landgraaf-G0882;159;0;5448;6931;1180;584;;;328.0;;;;;;260.0;260.0;50.0;3721.0;;;;;;;;;;11183.0
Landsmeer-G0415;18;0;733;1934;1083;475;;;164.0;;;200.0;74.0;114.0;;6.0;52.0;;0.0;;;;;1.0;;;;1887.0
Langbroek-G0325;5;0;435;208;145;29;232.0;;18.0;51.0;;;;;9.0;0.0;;;4.0;;;;;;;1.0;;319.0
Langedijk-G0416;27;0;2687;1634;1341;481;;;128.0;;;180.0;148.0;85.0;;2.0;215.0;;0.0;;;;;13.0;;;;3406.0
Laren-G0417;4;0;2106;1260;2348;511;;;147.0;;;58.0;86.0;82.0;;8.0;64.0;;14.0;;;;;3.0;;;;3095.0
Leek-G0022;43;0;2640;3523;1438;665;;;298.0;;717.0;49.0;;95.0;;8.0;;;;118.0;;;;;18.0;;;2935.0
Leende-G0805;16;0;1483;264;339;124;;38.0;;;;;;;;4.0;15.0;;;;;;;2.0;;;;751.0
Leens-G0023;13;0;637;725;235;47;;;51.0;;295.0;23.0;;55.0;;5.0;;;;23.0;;;;;9.0;;;503.0
Leerdam-G0545;46;0;2492;2929;1289;421;892.0;121.0;;621.0;;;36.0;;;5.0;;;45.0;;;;14.0;3.0;;;;3666.0
Leersum-G0326;14;0;1164;750;978;294;296.0;;131.0;87.0;;;;;26.0;0.0;;;6.0;;;;;;;5.0;;1125.0
Leeuwarden-G0080;214;0;10772;23188;5577;2983;;2755.0;;;766.0;;;;;;;;;648.0;;1191.0;;;;;;17697.0
Leeuwarderadeel-G0081;12;0;1561;2098;637;271;;148.0;;;59.0;;;;;;;;;76.0;;394.0;;;;;;1209.0
Leiden-G0546;244;0;10344;20395;9007;4989;419.0;4347.0;;533.0;;;582.0;;;391.0;;;215.0;;;;147.0;43.0;;;;31186.0
Leiderdorp-G0547;49;0;3311;2602;2721;1384;170.0;509.0;;122.0;;;109.0;;;21.0;;;44.0;;;;31.0;5.0;;;;4670.0
Leidschendam-G0548;69;0;6327;3904;3462;1646;77.0;544.0;;187.0;;;150.0;;;48.0;;;82.0;;;;25.0;12.0;;;;7685.0
Leimuiden-G0549;7;0;1172;306;546;149;19.0;43.0;;21.0;;;17.0;;;1.0;;;3.0;;;;21.0;1.0;;;;1073.0
Lelystad-G0995;93;0;4500;11041;3565;2788;;;874.0;;296.0;;;;997.0;0.0;;;;371.0;;;;;;;423.0;13550.0
Lemsterland-G0082;12;0;2076;2382;604;303;;194.0;;;30.0;;;;;;;;;243.0;;139.0;;;;;;2062.0
Leusden-G0327;38;0;4987;2576;3080;1348;291.0;;425.0;728.0;;;;;196.0;5.0;;;35.0;;;;;;;13.0;;4830.0
Lichtenvoorde-G0260;36;0;5753;1765;976;378;4.0;239.0;;18.0;;;115.0;;;5.0;;;;;;;;0.0;;;;3435.0
Liempde-G0806;9;0;1431;532;160;78;;30.0;;;;;;;;18.0;5.0;;;;;;;0.0;;;;736.0
Lienden-G0261;12;0;841;1363;525;111;420.0;46.0;;53.0;;;16.0;;;2.0;;;;;;;;0.0;;;;1395.0
Lieshout-G0807;16;0;1506;755;308;152;;96.0;;;;;;;;31.0;5.0;;;;;;;3.0;;;;1324.0
Liesveld-G0694;24;0;1536;1014;838;180;842.0;64.0;;380.0;;;9.0;;;0.0;;;9.0;;;;17.0;1.0;;;;1262.0
Limmen-G0418;15;0;1346;548;511;150;;;66.0;;;52.0;25.0;37.0;;1.0;8.0;;0.0;;;;;0.0;;;;1109.0
Linne-G0932;12;0;864;563;411;64;;;35.0;;;;;;16.0;1.0;5.0;62.0;;;;;;;;;;916.0
Linschoten-G0328;8;0;1001;293;367;167;252.0;;63.0;65.0;;;;;21.0;0.0;;;4.0;;;;;;;2.0;;785.0
Lisse-G0553;20;0;4535;1790;1944;682;653.0;349.0;;216.0;;;89.0;;;6.0;;;34.0;;;;11.0;6.0;;;;4340.0
Lith-G0808;7;0;1512;667;223;132;;32.0;;;;;;;;119.0;5.0;;;;;;;0.0;;;;1598.0
Littenseradiel-G0140;17;0;2204;1707;908;209;;179.0;;;29.0;;;;;;;;;62.0;;588.0;;;;;;1246.0
Lochem-G0262;59;0;2758;3808;2563;689;15.0;324.0;;75.0;;;96.0;;;33.0;;;;;;;;0.0;;;;3287.0
Loenen-G0329;9;0;1296;840;991;292;119.0;;112.0;97.0;;;;;51.0;4.0;;;11.0;;;;;;;2.0;;1326.0
Loon op Zand-G0809;32;0;4498;2788;1381;551;;247.0;;;;;;;;69.0;129.0;;;;;;;0.0;;;;5413.0
Loosdrecht-G0330;24;0;1489;780;1624;371;112.0;;62.0;80.0;;;;;51.0;2.0;;;11.0;;;;;;;8.0;;1781.0
Lopik-G0331;16;0;1900;810;403;169;416.0;;37.0;163.0;;;;;29.0;4.0;;;10.0;;;;;;;2.0;;1507.0
Loppersum-G0024;7;0;783;810;282;89;;;59.0;;158.0;18.0;;34.0;;6.0;;;;51.0;;;;;14.0;;;507.0
Losser-G0168;46;0;6427;3436;958;419;16.0;;417.0;;13.0;;;;123.0;;;;;;27.0;;;0.0;;;;4487.0
Luyksgestel-G0810;3;0;958;244;104;51;;23.0;;;;;;;;4.0;3.0;;;;;;;0.0;;;;542.0
Maarheeze-G0811;11;0;2352;800;775;186;;72.0;;;;;;;;2.0;11.0;;;;;;;6.0;;;;2053.0
Maarn-G0332;12;0;1051;592;1094;362;167.0;;95.0;49.0;;;;;40.0;2.0;;;16.0;;;;;;;1.0;;847.0
Maarssen-G0333;82;0;4885;4835;4044;1645;178.0;;314.0;364.0;;;;;451.0;46.0;;;36.0;;;;;;;9.0;;8397.0
Maartensdijk-G0334;8;0;1628;961;1092;441;609.0;;117.0;199.0;;;;;64.0;0.0;;;11.0;;;;;;;4.0;;1665.0
Maasbracht-G0933;36;0;1945;1027;413;151;;;63.0;;;;;;39.0;1.0;42.0;121.0;;;;;;;;;;2312.0
Maasbree-G0934;19;0;3293;786;507;178;;;90.0;;;;;;33.0;4.0;14.0;689.0;;;;;;;;;;2583.0
Maasdriel-G0263;19;0;2064;949;510;140;21.0;42.0;;24.0;;;20.0;;;19.0;;;;;;;;0.0;;;;2358.0
Maasland-G0555;3;0;1975;334;585;213;43.0;51.0;;93.0;;;30.0;;;5.0;;;14.0;;;;6.0;0.0;;;;1037.0
Maassluis-G0556;44;0;4398;4396;2446;1269;227.0;443.0;;413.0;;;131.0;;;81.0;;;81.0;;;;53.0;13.0;;;;9016.0
Maastricht-G0935;279;0;15677;24227;5490;2899;;;1272.0;;;;;;1669.0;189.0;167.0;315.0;;;;;;;;;;37957.0
Made en Drimmelen-G0812;23;0;2620;2139;642;385;;109.0;;;;;;;;15.0;15.0;;;;;;;0.0;;;;2267.0
Margraten-G0936;29;0;3740;1726;833;249;;;117.0;;;;;;178.0;15.0;24.0;546.0;;;;;;;;;;2324.0
Mariekerke-G0686;4;0;705;139;179;68;800.0;;21.0;91.0;;;;;7.0;2.0;;;;;;;;;;;;330.0
Markelo-G0169;19;0;1245;1400;1245;247;28.0;;32.0;;5.0;;;;28.0;;;;;;23.0;;;0.0;;;;1078.0
Marken-G0419;3;0;707;299;101;32;;;19.0;;;9.0;20.0;7.0;;0.0;21.0;;0.0;;;;;0.0;;;;370.0
Marum-G0025;26;0;1434;1927;770;177;;;81.0;;134.0;42.0;;35.0;;2.0;;;;110.0;;;;;4.0;;;1529.0
Maurik-G0264;7;0;823;1368;531;96;54.0;51.0;;30.0;;;24.0;;;9.0;;;;;;;;0.0;;;;1284.0
Medemblik-G0420;13;0;1097;1014;450;185;;;47.0;;;82.0;23.0;37.0;;2.0;62.0;;0.0;;;;;0.0;;;;1792.0
Meeden-G0026;10;0;202;651;121;28;;;25.0;;20.0;13.0;;13.0;;4.0;;;;14.0;;;;;21.0;;;223.0
Meerlo-Wanssum-G0993;13;0;2193;662;317;125;;;127.0;;;;;;29.0;3.0;4.0;13.0;;;;;;;;;;1536.0
Meerssen-G0938;77;0;4204;3131;1659;665;;;299.0;;;;;;139.0;13.0;22.0;150.0;;;;;;;;;;5253.0
Megen, Haren en Macharen-G0813;9;0;893;302;100;67;;15.0;;;;;;;;103.0;4.0;;;;;;;0.0;;;;646.0
Meijel-G0941;13;0;1403;486;180;72;;;38.0;;;;;;21.0;0.0;7.0;92.0;;;;;;;;;;1609.0
Melick en Herkenbosch-G0939;15;0;1371;1160;889;160;;;82.0;;;;;;27.0;2.0;5.0;147.0;;;;;;;;;;1670.0
Menaldumadeel-G0083;26;0;2465;2924;1028;355;;190.0;;;78.0;;;;;;;;;75.0;;461.0;;;;;;1889.0
Meppel-G0119;48;0;3017;5542;2001;763;;;276.0;;419.0;;;180.0;;21.0;;;;;246.0;;;;;;;4628.0
Middelburg-G0687;70;0;5022;5712;2733;1705;1700.0;;875.0;859.0;;;;;451.0;59.0;;;;;;;;;;;;9298.0
Middelharnis-G0559;35;0;1781;2238;926;310;1895.0;148.0;;361.0;;;37.0;;;8.0;;;16.0;;;;11.0;1.0;;;;3701.0
Middelstum-G0027;9;0;717;509;127;63;;;36.0;;128.0;13.0;;17.0;;0.0;;;;68.0;;;;;5.0;;;347.0
Middenschouwen-G0688;7;0;469;339;281;51;162.0;;14.0;79.0;;;;;1.0;0.0;;;;;;;;;;;;461.0
Midwolda-G0028;12;0;804;1119;136;63;;;43.0;;10.0;89.0;;27.0;;3.0;;;;169.0;;;;;9.0;;;511.0
Mierlo-G0814;15;0;2139;1062;891;452;;190.0;;;;;;;;38.0;12.0;;;;;;;10.0;;;;2162.0
Mijdrecht-G0336;25;0;3361;1158;1908;524;132.0;;302.0;207.0;;;;;68.0;2.0;;;14.0;;;;;;;3.0;;3445.0
Mill en Sint Hubert-G0815;25;0;3213;1510;398;139;;109.0;;;;;;;;34.0;7.0;;;;;;;0.0;;;;2172.0
Millingen aan de Rijn-G0265;8;0;908;1245;157;124;1.0;47.0;;4.0;;;12.0;;;10.0;;;;;;;;0.0;;;;1361.0
Moergestel-G0816;6;0;1722;638;475;119;;56.0;;;;;;;;15.0;4.0;;;;;;;0.0;;;;1211.0
Moerkapelle-G0560;6;0;417;299;247;91;505.0;14.0;;127.0;;;8.0;;;2.0;;;3.0;;;;3.0;0.0;;;;429.0
Monnickendam-G0423;17;0;1382;1691;938;524;;;111.0;;;74.0;90.0;66.0;;4.0;53.0;;0.0;;;;;2.0;;;;2281.0
Monster-G0562;26;0;4936;1681;1532;462;537.0;148.0;;262.0;;;52.0;;;6.0;;;49.0;;;;18.0;4.0;;;;4504.0
Montfoort-G0335;11;0;1525;580;585;224;177.0;;137.0;41.0;;;;;34.0;4.0;;;7.0;;;;;;;2.0;;1497.0
Montfort-G0943;30;0;662;536;154;34;;;16.0;;;;;;10.0;2.0;1.0;69.0;;;;;;;;;;751.0
Mook en Middelaar-G0944;19;0;1281;911;710;289;;;75.0;;;;;;87.0;14.0;6.0;13.0;;;;;;;;;;1573.0
Moordrecht-G0563;18;0;853;1009;601;280;235.0;89.0;;81.0;;;33.0;;;0.0;;;13.0;;;;12.0;4.0;;;;1564.0
Muiden-G0424;13;0;927;1051;1105;525;;;73.0;;;31.0;51.0;61.0;;0.0;65.0;;13.0;;;;;0.0;;;;1130.0
Muntendam-G0029;18;0;238;1869;212;114;;;32.0;;15.0;181.0;;24.0;;19.0;;;;43.0;;;;;13.0;;;876.0
Naaldwijk-G0565;41;0;7747;1924;2428;559;179.0;186.0;;197.0;;;74.0;;;7.0;;;44.0;;;;32.0;3.0;;;;5882.0
Naarden-G0425;3;0;2252;1609;3311;820;;;119.0;;;58.0;90.0;149.0;;3.0;187.0;;23.0;;;;;0.0;;;;3880.0
Nederhorst den Berg-G0426;5;0;991;614;557;162;;;46.0;;;23.0;21.0;20.0;;23.0;52.0;;8.0;;;;;4.0;;;;1096.0
Nederlek-G0643;34;0;1527;2978;1553;505;692.0;172.0;;131.0;;;116.0;;;3.0;;;18.0;;;;12.0;3.0;;;;2812.0
Nederweert-G0946;57;0;4062;1909;536;126;;;77.0;;;;;;37.0;12.0;13.0;677.0;;;;;;;;;;3666.0
Neede-G0266;27;0;2219;2729;916;287;10.0;117.0;;133.0;;;46.0;;;13.0;;;;;;;;0.0;;;;1703.0
Neer-G0947;13;0;781;329;104;35;;;126.0;;;;;;19.0;2.0;4.0;335.0;;;;;;;;;;849.0
Neerijnen-G0304;19;0;1524;1921;900;204;689.0;109.0;;90.0;;;25.0;;;3.0;;;;;;;;0.0;;;;2047.0
Niedorp-G0412;25;0;1298;1346;753;234;;;65.0;;;46.0;51.0;105.0;;0.0;14.0;;0.0;;;;;0.0;;;;1817.0
Nieuwe Pekela-G0030;16;0;719;1419;309;91;;;78.0;;18.0;154.0;;23.0;;3.0;;;;141.0;;;;;34.0;;;884.0
Nieuwegein-G0356;24;0;7098;7438;4301;2360;324.0;;630.0;419.0;;;;;582.0;127.0;;;85.0;;;;;;;34.0;;16209.0
Nieuwerkerk aan den IJssel-G0567;20;0;2284;2359;2040;770;544.0;188.0;;302.0;;;67.0;;;15.0;;;42.0;;;;24.0;4.0;;;;
Nieuweschans-G0031;8;0;66;654;74;28;;;8.0;;1.0;161.0;;10.0;;0.0;;;;2.0;;;;;2.0;;;314.0
Nieuw-Ginneken-G0817;15;0;2998;1476;1243;391;;93.0;;;;;;;;2.0;22.0;;;;;;;10.0;;;;2452.0
Nieuwkoop-G0569;9;0;1903;864;1021;324;115.0;152.0;;101.0;;;22.0;;;12.0;;;9.0;;;;7.0;2.0;;;;8019.0
Nieuw-Lekkerland-G0571;12;0;979;1384;288;165;1165.0;66.0;;207.0;;;28.0;;;3.0;;;9.0;;;;8.0;2.0;;;;2749.0
Nieuwleusen-G0170;15;0;2188;927;542;159;183.0;;35.0;;291.0;;;;18.0;;;;;;78.0;;;0.0;;;;1346.0
Nieuwolda-G0032;10;0;203;511;133;22;;;23.0;;4.0;26.0;;8.0;;1.0;;;;10.0;;;;;6.0;;;269.0
Nieuwveen-G0573;4;0;788;170;237;78;40.0;40.0;;19.0;;;16.0;;;0.0;;;2.0;;;;6.0;0.0;;;;914.0
Nieuw-Vossemeer-G0818;4;0;464;515;113;54;;23.0;;;;;;;;4.0;7.0;;;;;;;0.0;;;;582.0
Nigtevecht-G0337;2;0;266;153;145;68;5.0;;21.0;7.0;;;;;11.0;0.0;;;3.0;;;;;;;1.0;;302.0
Nijefurd-G0104;23;0;2753;1421;587;179;;155.0;;;67.0;;;;;;;;;155.0;;757.0;;;;;;1566.0
Nijeveen-G0121;8;0;789;419;297;104;;;14.0;;28.0;;;10.0;;0.0;;;;;24.0;;;;;;;351.0
Nijkerk-G0267;44;0;5731;2479;1465;651;1094.0;211.0;;996.0;;;112.0;;;10.0;;;;;;;;0.0;;;;4668.0
Nijmegen-G0268;441;0;18781;27364;6415;5340;78.0;9177.0;;295.0;;;732.0;;;1402.0;;;;;;;;84.0;;;;43796.0
Nistelrode-G0819;18;0;2081;778;222;100;;32.0;;;;;;;;93.0;5.0;;;;;;;6.0;;;;1484.0
Noorder-Koggenland-G0529;14;0;1315;1409;1182;293;;;74.0;;;60.0;77.0;84.0;;4.0;185.0;;0.0;;;;;3.0;;;;1900.0
Noordoostpolder-G0171;53;0;9181;5299;2910;1375;;;435.0;;638.0;;;;201.0;0.0;;;;1094.0;;;;;;;78.0;5487.0
Noordwijk-G0575;56;0;4270;2668;2688;712;94.0;589.0;;120.0;;;75.0;;;15.0;;;29.0;;;;35.0;7.0;;;;6752.0
Noordwijkerhout-G0576;40;0;3727;1202;1683;531;18.0;290.0;;25.0;;;52.0;;;5.0;;;17.0;;;;9.0;7.0;;;;3259.0
Nootdorp-G0577;13;0;1819;462;648;216;21.0;66.0;;29.0;;;40.0;;;0.0;;;24.0;;;;12.0;1.0;;;;1359.0
Norg-G0120;6;0;624;1400;1210;287;;;143.0;;35.0;;;31.0;;7.0;;;;;34.0;;;;;;;1084.0
Nuenen, Gerwen en Nederwetten-G0820;21;0;4214;2020;1843;981;;392.0;;;;;;;;37.0;66.0;;;;;;;10.0;;;;4783.0
Nuland-G0821;13;0;1464;449;84;66;;21.0;;;;;;;;47.0;10.0;;;;;;;1.0;;;;946.0
Nunspeet-G0302;36;0;4170;1635;1729;460;3156.0;148.0;;1691.0;;;83.0;;;11.0;;;;;;;;0.0;;;;3666.0
Nuth-G0951;75;0;3916;2211;758;271;;;414.0;;;;;;126.0;22.0;33.0;2384.0;;;;;;;;;;2750.0
Obdam-G0429;7;0;1500;519;445;185;;;61.0;;;26.0;51.0;32.0;;1.0;13.0;;0.0;;;;;4.0;;;;1157.0
Odoorn-G0122;37;0;1365;3921;1362;282;;;111.0;;114.0;;;61.0;;17.0;;;;;138.0;;;;;;;2013.0
Oeffelt-G0822;5;0;699;309;85;74;;34.0;;;;;;;;4.0;4.0;;;;;;;0.0;;;;419.0
Oegstgeest-G0579;31;0;2691;1806;2862;1115;67.0;457.0;;179.0;;;96.0;;;12.0;;;28.0;;;;34.0;3.0;;;;3504.0
Ohé en Laak-G0953;6;0;272;77;54;8;;;15.0;;;;;;9.0;0.0;0.0;32.0;;;;;;;;;;174.0
Oirschot-G0823;36;0;3318;1293;585;299;;121.0;;;;;;;;52.0;16.0;;;;;;;6.0;;;;2457.0
Oisterwijk-G0824;28;0;3835;2587;1559;496;;328.0;;;;;;;;49.0;65.0;;;;;;;0.0;;;;4187.0
Oldebroek-G0269;57;0;3196;2052;737;294;1915.0;79.0;;2054.0;;;50.0;;;7.0;;;;;;;;0.0;;;;3999.0
Oldehove-G0035;5;0;531;323;190;48;;;34.0;;243.0;6.0;;8.0;;2.0;;;;45.0;;;;;6.0;;;231.0
Oldekerk-G0036;4;0;735;330;191;49;;;19.0;;72.0;3.0;;7.0;;0.0;;;;26.0;;;;;13.0;;;243.0
Oldenzaal-G0173;72;0;7656;4590;1491;937;10.0;;265.0;;56.0;;;;203.0;;;;;;35.0;;;0.0;;;;5611.0
Olst-G0174;23;0;1865;1974;938;256;33.0;;82.0;;5.0;;;;61.0;;;;;;10.0;;;3.0;;;;1433.0
Ommen-G0175;48;0;5583;1688;1128;490;71.0;;158.0;;1024.0;;;;62.0;;;;;;177.0;;;0.0;;;;2119.0
Onderbanken-G0881;35;0;1697;1218;181;158;;;111.0;;;;;;38.0;15.0;18.0;966.0;;;;;;;;;;1623.0
Oost-, West- en Middelbeers-G0825;7;0;1567;411;228;101;;66.0;;;;;;;;3.0;5.0;;;;;;;0.0;;;;1053.0
Oostburg-G0692;52;0;2810;3467;2305;370;169.0;;281.0;152.0;;;;;106.0;0.0;;;;;;;;;;;;4186.0
Oosterbroek-G0033;12;0;325;1687;366;127;;;33.0;;77.0;67.0;;95.0;;3.0;;;;13.0;;;;;69.0;;;929.0
Oosterhesselen-G0123;11;0;814;1179;553;130;;;33.0;;87.0;;;35.0;;9.0;;;;;74.0;;;;;;;653.0
Oosterhout-G0826;74;0;7432;7272;3296;1880;;595.0;;;;;;;;143.0;123.0;;;;;;;0.0;;;;13636.0
Oostflakkee-G0580;11;0;1554;1838;531;182;716.0;69.0;;139.0;;;28.0;;;2.0;;;8.0;;;;4.0;1.0;;;;1880.0
Ooststellingwerf-G0085;64;0;3565;6604;2095;620;;555.0;;;309.0;;;;;;;;;185.0;;158.0;;;;;;4079.0
Oostzaan-G0431;14;0;559;1615;747;280;;;47.0;;;413.0;56.0;100.0;;2.0;79.0;;13.0;;;;;1.0;;;;1498.0
Ootmarsum-G0176;8;0;1827;388;225;96;1.0;;21.0;;5.0;;;;7.0;;;;;;4.0;;;0.0;;;;533.0
Oploo, Sint Anthonis en Ledeacker-G0827;20;0;2696;797;211;159;;166.0;;;;;;;;10.0;14.0;;;;;;;0.0;;;;1254.0
Opmeer-G0432;23;0;2404;1112;854;281;;;58.0;;;34.0;59.0;81.0;;0.0;35.0;;0.0;;;;;2.0;;;;2118.0
Opsterland-G0086;76;0;3447;6976;1870;524;;689.0;;;773.0;;;;;;;;;324.0;;571.0;;;;;;3949.0
Oss-G0828;96;0;7505;6022;2713;1334;;492.0;;;;;;;;4045.0;100.0;;;;;;;0.0;;;;13766.0
Ossendrecht-G0829;11;0;809;713;406;97;;34.0;;;;;;;;2.0;8.0;;;;;;;0.0;;;;1595.0
Oud- en Nieuw-Gastel-G0831;17;0;1571;1172;356;141;;47.0;;;;;;;;2.0;4.0;;;;;;;0.0;;;;2622.0
Oud-Beijerland-G0584;30;0;2646;2776;1795;822;1153.0;234.0;;269.0;;;62.0;;;18.0;;;53.0;;;;44.0;5.0;;;;4226.0
Oude Pekela-G0038;21;0;487;2960;275;139;;;38.0;;14.0;827.0;;32.0;;22.0;;;;67.0;;;;;24.0;;;1302.0
Oudenbosch-G0830;27;0;2458;1818;709;329;;150.0;;;;;;;;21.0;26.0;;;;;;;0.0;;;;3268.0
Ouder-Amstel-G0437;34;0;2091;1422;1524;665;;;124.0;;;59.0;79.0;95.0;;0.0;102.0;;53.0;;;;;0.0;;;;2722.0
Ouderkerk-G0644;17;0;1096;1131;760;210;858.0;64.0;;166.0;;;25.0;;;3.0;;;10.0;;;;7.0;2.0;;;;1469.0
Oudewater-G0589;27;0;1855;714;521;214;183.0;;98.0;75.0;;;;;30.0;1.0;;;6.0;;;;;;;2.0;;1414.0
Papendrecht-G0590;48;0;3534;4444;2180;1153;699.0;310.0;;620.0;;;81.0;;;11.0;;;37.0;;;;22.0;0.0;;;;6289.0
Peize-G0124;14;0;264;1385;718;280;;;97.0;;18.0;;;42.0;;2.0;;;;;19.0;;;;;;;854.0
Pijnacker-G0594;22;0;4341;1406;1669;768;290.0;207.0;;155.0;;;94.0;;;5.0;;;63.0;;;;24.0;2.0;;;;2855.0
Polsbroek-G0338;4;0;309;59;121;1;136.0;;5.0;12.0;;;;;4.0;0.0;;;1.0;;;;;;;2.0;;170.0
Posterholt-G0956;10;0;832;715;207;64;;;32.0;;;;;;20.0;8.0;7.0;82.0;;;;;;;;;;1159.0
Prinsenbeek-G0832;34;0;2639;1252;1012;333;;60.0;;;;;;;;6.0;26.0;;;;;;;5.0;;;;2201.0
Purmerend-G0439;95;0;3961;9661;4653;2430;;;453.0;;;906.0;343.0;533.0;;21.0;217.0;;0.0;;;;;29.0;;;;15645.0
Putte-G0833;13;0;505;400;289;87;;30.0;;;;;;;;1.0;13.0;;;;;;;0.0;;;;1090.0
Putten-G0273;40;0;4660;1558;1552;385;1442.0;159.0;;1109.0;;;91.0;;;15.0;;;;;;;;0.0;;;;3658.0
Raalte-G0177;55;0;9614;2621;1156;594;9.0;;190.0;;18.0;;;;92.0;;;;;;57.0;;;2.0;;;;4505.0
Raamsdonk-G0834;38;0;2266;2202;778;323;;171.0;;;;;;;;25.0;85.0;;;;;;;0.0;;;;3664.0
Ravenstein-G0835;20;0;2002;1287;348;164;;103.0;;;;;;;;99.0;11.0;;;;;;;0.0;;;;1628.0
Reeuwijk-G0595;30;0;1704;862;1354;384;219.0;127.0;;173.0;;;36.0;;;0.0;;;15.0;;;;14.0;1.0;;;;1811.0
Reimerswaal-G0703;44;0;2852;2407;1257;439;2963.0;;142.0;257.0;;;;;72.0;0.0;;;;;;;;;;;;3328.0
Renkum-G0274;76;0;6251;5692;4439;1656;261.0;631.0;;325.0;;;190.0;;;42.0;;;;;;;;0.0;;;;6956.0
Renswoude-G0339;0;0;933;212;257;53;221.0;;17.0;73.0;;;;;7.0;0.0;;;3.0;;;;;;;0.0;;360.0
Reusel-G0836;12;0;1962;694;468;104;;50.0;;;;;;;;9.0;4.0;;;;;;;4.0;;;;2041.0
Rheden-G0275;132;0;7559;10433;5034;2040;154.0;866.0;;459.0;;;230.0;;;71.0;;;;;;;;0.0;;;;9460.0
Rhenen-G0340;39;0;2461;2532;1308;599;1279.0;;117.0;304.0;;;;;91.0;5.0;;;8.0;;;;;;;6.0;;3373.0
Ridderkerk-G0597;83;0;6206;8757;2843;1831;2711.0;476.0;;786.0;;;130.0;;;15.0;;;114.0;;;;41.0;6.0;;;;10375.0
Riethoven-G0837;0;0;778;123;234;59;;32.0;;;;;;;;2.0;7.0;;;;;;;1.0;;;;388.0
Rijnsaterwoude-G0601;3;0;269;117;156;47;42.0;29.0;;16.0;;;6.0;;;0.0;;;1.0;;;;1.0;0.0;;;;253.0
Rijnsburg-G0602;21;0;3798;725;676;235;214.0;71.0;;630.0;;;24.0;;;1.0;;;8.0;;;;25.0;0.0;;;;2454.0
Rijnwaarden-G0196;14;0;2027;1720;407;246;5.0;78.0;;8.0;;;37.0;;;5.0;;;;;;;;0.0;;;;2950.0
Rijsbergen-G0841;14;0;1485;601;343;130;;36.0;;;;;;;;2.0;18.0;;;;;;;5.0;;;;1573.0
Rijssen-G0178;45;0;4392;2041;510;227;5127.0;;67.0;;67.0;;;;38.0;;;;;;857.0;;;0.0;;;;2244.0
Rijswijk-G0603;130;0;7522;7105;6527;2658;249.0;916.0;;342.0;;;247.0;;;24.0;;;266.0;;;;42.0;7.0;;;;12753.0
Roden-G0125;40;0;2006;4232;2052;882;;;314.0;;238.0;;;148.0;;18.0;;;;;108.0;;;;;;;2987.0
Roermond-G0957;9;0;5366;5402;2234;663;;;303.0;;;;;;380.0;27.0;95.0;839.0;;;;;;;;;;12668.0
Roggel-G0958;19;0;1200;449;228;68;;;61.0;;;;;;27.0;3.0;0.0;60.0;;;;;;;;;;1040.0
Rolde-G0126;16;0;419;1411;1383;202;;;212.0;;26.0;;;47.0;;1.0;;;;;13.0;;;;;;;880.0
Roosendaal en Nispen-G0838;117;0;10174;7429;3585;1461;;876.0;;;;;;;;126.0;188.0;;;;;;;0.0;;;;18814.0
Rosmalen-G0839;70;0;4676;3182;1901;810;;319.0;;;;;;;;404.0;54.0;;;;;;;24.0;;;;6999.0
Rossum-G0276;12;0;606;560;213;66;12.0;41.0;;7.0;;;17.0;;;2.0;;;;;;;;0.0;;;;614.0
Rotterdam-G0599;2296;0;45061;118702;30535;17342;4640.0;11783.0;;3611.0;;;1945.0;;;769.0;;;3827.0;;;;596.0;340.0;;272.0;;182767.0
Rozenburg-G0600;21;0;1634;2119;969;566;71.0;173.0;;185.0;;;30.0;;;12.0;;;34.0;;;;12.0;2.0;;;;4137.0
Rozendaal-G0277;1;0;251;119;322;134;4.0;29.0;;15.0;;;7.0;;;1.0;;;;;;;;0.0;;;;164.0
Rucphen-G0840;38;0;3865;3914;695;244;;82.0;;;;;;;;5.0;22.0;;;;;;;0.0;;;;7281.0
Ruinen-G0127;10;0;847;1499;1284;199;;;64.0;;27.0;;;30.0;;2.0;;;;;45.0;;;;;;;1100.0
Ruinerwold-G0128;3;0;577;628;673;125;;;37.0;;49.0;;;13.0;;0.0;;;;;16.0;;;;;;;498.0
Ruurlo-G0278;33;0;1353;1367;1183;159;12.0;55.0;;14.0;;;18.0;;;4.0;;;;;;;;0.0;;;;1455.0
Sas van Gent-G0704;27;0;1501;1296;549;166;34.0;;70.0;29.0;;;;;37.0;0.0;;;;;;;;;;;;2479.0
Sassenheim-G0604;27;0;3396;1279;1610;600;61.0;154.0;;62.0;;;44.0;;;17.0;;;27.0;;;;19.0;3.0;;;;2957.0
Schagen-G0441;24;0;1699;2599;1942;673;;;200.0;;;96.0;107.0;155.0;;5.0;58.0;;0.0;;;;;4.0;;;;4218.0
Schaijk-G0843;9;0;2017;807;357;157;;71.0;;;;;;;;115.0;5.0;;;;;;;0.0;;;;1901.0
Scheemda-G0039;42;0;966;2423;473;179;;;77.0;;53.0;223.0;;37.0;;7.0;;;;95.0;;;;;34.0;;;1197.0
Schermer-G0458;9;0;806;644;488;136;;;30.0;;;29.0;33.0;35.0;;0.0;17.0;;0.0;;;;;4.0;;;;774.0
Scherpenzeel-G0279;14;0;1752;895;815;185;629.0;50.0;;260.0;;;17.0;;;2.0;;;;;;;;0.0;;;;1119.0
Schiedam-G0606;116;0;7647;15253;3625;2221;354.0;1604.0;;487.0;;;227.0;;;129.0;;;300.0;;;;42.0;21.0;;;;20705.0
Schiermonnikoog-G0088;3;0;155;182;121;54;;21.0;;;12.0;;;;;;;;;3.0;;7.0;;;;;;
Schijndel-G0844;37;0;3910;2796;873;362;;194.0;;;;;;;;850.0;11.0;;;;;;;26.0;;;;6320.0
Schinnen-G0962;37;0;3413;2066;645;322;;;162.0;;;;;;105.0;9.0;23.0;736.0;;;;;;;;;;2433.0
Schipluiden-G0607;13;0;2817;443;677;245;58.0;94.0;;39.0;;;47.0;;;1.0;;;7.0;;;;11.0;2.0;;;;1388.0
Schoonebeek-G0129;23;0;2008;1524;294;126;;;41.0;;20.0;;;30.0;;3.0;;;;;21.0;;;;;;;1513.0
Schoonhoven-G0608;27;0;1859;1548;914;347;372.0;219.0;;101.0;;;39.0;;;2.0;;;17.0;;;;8.0;3.0;;;;2219.0
Schoorl-G0444;14;0;1001;1068;938;319;;;85.0;;;40.0;125.0;54.0;;3.0;20.0;;0.0;;;;;4.0;;;;1375.0
Sevenum-G0964;13;0;2511;500;264;147;;;51.0;;;;;;40.0;12.0;13.0;20.0;;;;;;;;;;1403.0
's-Graveland-G0390;15;0;1765;1174;1038;380;;;99.0;;;37.0;77.0;59.0;;9.0;151.0;;7.0;;;;;0.0;;;;2135.0
's-Gravendeel-G0517;19;0;1365;1699;620;178;339.0;75.0;;91.0;;;11.0;;;0.0;;;5.0;;;;14.0;0.0;;;;1569.0
's-Gravenhage-G0518;735;0;44309;70090;38574;16358;2786.0;10152.0;;2372.0;;;1531.0;;;482.0;;;2560.0;;;;333.0;319.0;;;;143139.0
's-Gravenmoer-G0787;2;0;578;203;135;45;;32.0;;;;;;;;2.0;88.0;;;;;;;0.0;;;;420.0
's-Gravenzande-G0519;19;0;4152;1518;1670;421;466.0;114.0;;186.0;;;17.0;;;5.0;;;19.0;;;;31.0;3.0;;;;4252.0
's-Hertogenbosch-G0796;152;0;11835;14395;4330;2643;;2564.0;;;;;;;;514.0;283.0;;;;;;;84.0;;;;30337.0
Simpelveld-G0965;46;0;2786;2093;327;189;;;80.0;;;;;;40.0;26.0;7.0;1228.0;;;;;;;;;;1955.0
Sint Maarten-G0445;8;0;344;317;239;76;;;43.0;;;9.0;36.0;25.0;;0.0;9.0;;0.0;;;;;1.0;;;;352.0
Sint Odiliënberg-G0967;17;0;789;486;244;74;;;36.0;;;;;;27.0;0.0;5.0;54.0;;;;;;;;;;900.0
Sint Pancras-G0446;3;0;958;636;493;183;;;73.0;;;42.0;53.0;24.0;;0.0;72.0;;0.0;;;;;2.0;;;;1198.0
Sint Philipsland-G0712;5;0;270;251;104;48;633.0;;6.0;39.0;;;;;3.0;0.0;;;;;;;;;;;;301.0
Sint-Michielsgestel-G0845;26;0;2508;1833;721;374;;130.0;;;;;;;;61.0;36.0;;;;;;;9.0;;;;3034.0
Sint-Oedenrode-G0846;40;0;4520;2014;787;493;;220.0;;;;;;;;51.0;17.0;;;;;;;9.0;;;;3733.0
Sittard-G0968;123;0;8639;6224;1669;814;;;796.0;;;;;;393.0;61.0;73.0;2644.0;;;;;;;;;;12172.0
Skarsterlân-G0051;35;0;5025;4415;1376;484;;348.0;;;84.0;;;;;;;;;175.0;;927.0;;;;;;3782.0
Sleen-G0130;18;0;1002;2961;1054;180;;;84.0;;19.0;;;44.0;;11.0;;;;;99.0;;;;;;;1058.0
Sliedrecht-G0610;15;0;2527;4102;1172;488;2233.0;238.0;;511.0;;;45.0;;;14.0;;;44.0;;;;33.0;3.0;;;;5304.0
Slochteren-G0040;29;0;1391;3159;1346;431;;;122.0;;840.0;75.0;;125.0;;9.0;;;;133.0;;;;;31.0;;;2720.0
Sluis-G0713;1;0;472;479;439;86;16.0;;22.0;11.0;;;;;2.0;0.0;;;;;;;;;;;;592.0
Smallingerland-G0090;98;0;8785;11773;2587;1431;;1322.0;;;1145.0;;;;;;;;;921.0;;1067.0;;;;;;7784.0
Smilde-G0131;16;0;1986;1892;620;214;;;110.0;;142.0;;;48.0;;7.0;;;;;61.0;;;;;;;1388.0
Sneek-G0091;57;0;5229;6203;1839;848;;582.0;;;110.0;;;;;;;;;263.0;;723.0;;;;;;6104.0
Snelrewaard-G0341;0;0;274;22;59;21;45.0;;3.0;15.0;;;;;5.0;0.0;;;0.0;;;;;;;0.0;;167.0
Soest-G0342;82;0;7204;4169;5527;1874;259.0;;569.0;621.0;;;;;290.0;20.0;;;49.0;;;;;;;24.0;;9633.0
Someren-G0847;39;0;4960;1456;768;312;;170.0;;;;;;;;30.0;32.0;;;;;;;8.0;;;;4645.0
Son en Breugel-G0848;23;0;3225;1312;1873;570;;169.0;;;;;;;;22.0;54.0;;;;;;;3.0;;;;3400.0
Spijkenisse-G0612;91;0;4616;10676;3669;2532;317.0;813.0;;430.0;;;210.0;;;387.0;;;169.0;;;;38.0;35.0;;;;19894.0
Sprang-Capelle-G0849;22;0;1756;886;558;168;;96.0;;;;;;;;4.0;837.0;;;;;;;0.0;;;;2207.0
Stad Delden-G0179;11;0;2230;922;891;298;5.0;;81.0;;23.0;;;;53.0;;;;;;13.0;;;0.0;;;;1054.0
Stadskanaal-G0037;79;0;5999;8189;1386;665;;;237.0;;689.0;239.0;;137.0;;39.0;;;;942.0;;;;;49.0;;;6657.0
Standdaarbuiten-G0850;4;0;704;420;167;65;;28.0;;;;;;;;1.0;11.0;;;;;;;0.0;;;;616.0
Staphorst-G0180;39;0;1621;744;702;144;2711.0;;34.0;;690.0;;;;21.0;;;;;;704.0;;;0.0;;;;1284.0
Stede Broec-G0532;30;0;3151;2353;1186;626;;;212.0;;;165.0;84.0;123.0;;6.0;81.0;;0.0;;;;;2.0;;;;4693.0
Stedum-G0041;2;0;474;394;89;39;;;32.0;;79.0;22.0;;22.0;;3.0;;;;20.0;;;;;4.0;;;218.0
Steenbergen-G0851;31;0;2184;2342;1060;255;;99.0;;;;;;;;19.0;23.0;;;;;;;0.0;;;;4414.0
Steenderen-G0280;12;0;1572;621;360;102;12.0;57.0;;21.0;;;36.0;;;1.0;;;;;;;;0.0;;;;672.0
Steenwijk-G0181;45;0;3730;4545;1536;736;61.0;;362.0;;199.0;;;;155.0;;;;;;261.0;;;0.0;;;;3970.0
Stein-G0971;130;0;5472;4792;973;1014;;;310.0;;;;;;190.0;37.0;31.0;228.0;;;;;;;;;;6737.0
Stevensweert-G0972;8;0;380;201;74;31;;;13.0;;;;;;3.0;2.0;0.0;178.0;;;;;;;;;;345.0
Stramproy-G0973;14;0;1489;549;179;80;;;32.0;;;;;;17.0;2.0;1.0;68.0;;;;;;;;;;1131.0
Strijen-G0617;21;0;1173;1623;1011;223;267.0;111.0;;105.0;;;28.0;;;4.0;;;3.0;;;;11.0;2.0;;;;1725.0
Susteren-G0974;71;0;3454;2080;444;259;;;112.0;;;;;;83.0;10.0;15.0;179.0;;;;;;;;;;3062.0
Swalmen-G0975;29;0;1729;1527;308;109;;;44.0;;;;;;60.0;2.0;3.0;83.0;;;;;;;;;;2423.0
't Zandt-G0054;5;0;354;651;179;67;;;43.0;;41.0;14.0;;29.0;;4.0;;;;16.0;;;;;9.0;;;391.0
Tegelen-G0976;44;0;3850;2839;635;303;;;100.0;;;;;;53.0;10.0;18.0;552.0;;;;;;;;;;4826.0
Ten Boer-G0009;15;0;1152;1225;420;179;;;94.0;;488.0;54.0;;51.0;;6.0;;;;113.0;;;;;15.0;;;931.0
Ter Aar-G0480;15;0;2401;560;780;238;99.0;95.0;;45.0;;;22.0;;;10.0;;;9.0;;;;11.0;1.0;;;;1970.0
Terheijden-G0853;16;0;1798;1327;490;326;;146.0;;;;;;;;5.0;16.0;;;;;;;0.0;;;;1933.0
Termunten-G0042;16;0;537;1302;222;73;;;55.0;;16.0;157.0;;40.0;;2.0;;;;60.0;;;;;29.0;;;903.0
Terneuzen-G0715;74;0;5058;4673;2296;1021;1113.0;;351.0;980.0;;;;;237.0;0.0;;;;;;;;;;;;9795.0
Terschelling-G0093;14;0;512;980;992;97;;55.0;;;7.0;;;;;;;;;27.0;;33.0;;;;;;844.0
Teteringen-G0854;5;0;1586;629;551;222;;66.0;;;;;;;;1.0;16.0;;;;;;;1.0;;;;1104.0
Texel-G0448;22;0;2443;1844;1521;413;;;140.0;;;55.0;52.0;241.0;;6.0;150.0;;0.0;;;;;3.0;;;;2512.0
Tholen-G0716;55;0;2139;2812;1312;287;2841.0;;89.0;437.0;;;;;50.0;0.0;;;;;;;;;;;;3705.0
Thorn-G0977;13;0;739;474;110;49;;;38.0;;;;;;7.0;1.0;6.0;46.0;;;;;;;;;;548.0
Tiel-G0281;11;0;3399;5984;2099;819;138.0;504.0;;155.0;;;81.0;;;16.0;;;;;;;;0.0;;;;8367.0
Tietjerksteradeel-G0094;62;0;6590;5190;1842;900;;377.0;;;403.0;;;;;;;;;500.0;;833.0;;;;;;4646.0
Tilburg-G0855;184;0;22572;22354;7089;4135;;4853.0;;;;;;;;1493.0;299.0;;;;;;;0.0;;;;53338.0
Tubbergen-G0183;40;0;8596;1388;496;164;14.0;;72.0;;13.0;;;;37.0;;;;;;13.0;;;0.0;;;;2356.0
Ubbergen-G0282;13;0;2267;1483;673;257;7.0;320.0;;11.0;;;50.0;;;13.0;;;;;;;;0.0;;;;2210.0
Uden-G0856;50;0;7160;3500;2413;881;;319.0;;;;;;;;871.0;67.0;;;;;;;0.0;;;;9354.0
Udenhout-G0857;19;0;2326;868;498;205;;73.0;;;;;;;;14.0;8.0;;;;;;;0.0;;;;2185.0
Uitgeest-G0450;20;0;1541;1430;960;426;;;206.0;;;149.0;89.0;75.0;;0.0;26.0;;0.0;;;;;5.0;;;;2190.0
Uithoorn-G0451;50;0;3859;2468;2797;987;;;404.0;;;74.0;138.0;132.0;;5.0;97.0;;41.0;;;;;4.0;;;;5040.0
Ulrum-G0045;12;0;910;621;249;71;;;20.0;;230.0;10.0;;23.0;;0.0;;;;99.0;;;;;3.0;;;507.0
Urk-G0184;18;0;2226;40;39;16;;;4.0;;473.0;;;;0.0;;;;;2847.0;;;;;;;14.0;1233.0
Usquert-G0046;2;0;96;632;158;32;;;25.0;;29.0;16.0;;13.0;;4.0;;;;3.0;;;;;3.0;;;218.0
Utrecht-G0344;439;0;23977;39729;13978;9397;849.0;;5467.0;1431.0;;;;;8498.0;1260.0;;;869.0;;;;;;;133.0;;68474.0
Vaals-G0981;44;0;1499;1831;465;64;;;51.0;;;;;;48.0;6.0;14.0;462.0;;;;;;;;;;2135.0
Valburg-G0283;14;0;2602;1454;839;317;409.0;189.0;;98.0;;;34.0;;;9.0;;;;;;;;0.0;;;;2737.0
Valkenburg (ZH)-G0619;5;0;753;233;204;87;63.0;24.0;;165.0;;;11.0;;;0.0;;;3.0;;;;7.0;0.0;;;;680.0
Valkenburg aan de Geul-G0994;57;0;4617;2451;969;327;;;114.0;;;;;;110.0;10.0;17.0;808.0;;;;;;;;;;4262.0
Valkenisse-G0720;10;0;1326;555;737;211;240.0;;91.0;70.0;;;;;25.0;0.0;;;;;;;;;;;;1250.0
Valkenswaard-G0858;43;0;6200;3867;1762;748;;300.0;;;;;;;;151.0;59.0;;;;;;;22.0;;;;8662.0
Veendam-G0047;54;0;2447;8463;2158;798;;;254.0;;134.0;181.0;;154.0;;46.0;;;;255.0;;;;;188.0;;;5746.0
Veenendaal-G0345;10;0;7237;4238;2710;968;2650.0;;303.0;2336.0;;;;;304.0;12.0;;;35.0;;;;;;;10.0;;10021.0
Veere-G0717;8;0;1237;287;488;196;244.0;;120.0;222.0;;;;;18.0;1.0;;;;;;;;;;;;715.0
Veghel-G0860;51;0;6072;2939;1373;566;;270.0;;;;;;;;183.0;56.0;;;;;;;19.0;;;;6177.0
Veldhoven-G0861;40;0;7540;4162;2473;1123;;596.0;;;;;;;;117.0;140.0;;;;;;;20.0;;;;11144.0
Velsen-G0453;135;0;7833;10895;5171;2191;;;525.0;;;479.0;455.0;478.0;;25.0;653.0;;0.0;;;;;28.0;;;;15406.0
Venhuizen-G0454;12;0;1508;835;879;256;;;52.0;;;38.0;77.0;60.0;;0.0;19.0;;0.0;;;;;0.0;;;;1361.0
Venlo-G0983;46;0;12484;7579;3741;1284;;;609.0;;;;;;353.0;89.0;108.0;190.0;;;;;;;;;;20426.0
Venray-G0984;62;0;8274;3426;1477;618;;;263.0;;;;;;245.0;45.0;30.0;431.0;;;;;;;;;;9637.0
Vessem, Wintelre en Knegsel-G0862;7;0;1780;280;290;100;;69.0;;;;;;;;4.0;3.0;;;;;;;3.0;;;;984.0
Vianen-G0620;37;0;2869;2579;1403;612;507.0;267.0;;105.0;;;77.0;;;8.0;;;39.0;;;;21.0;8.0;;;;4247.0
Vierlingsbeek-G0863;21;0;2663;796;295;166;;105.0;;;;;;;;6.0;8.0;;;;;;;0.0;;;;1693.0
Vinkeveen en Waverveen-G0346;26;0;1945;705;1134;325;182.0;;66.0;119.0;;;;;39.0;4.0;;;8.0;;;;;;;6.0;;1927.0
Vlaardingen-G0622;150;0;8845;13290;4533;2564;1285.0;1299.0;;940.0;;;259.0;;;1625.0;;;182.0;;;;75.0;32.0;;;;22323.0
Vlagtwedde-G0048;52;0;2812;4402;1027;294;;;97.0;;51.0;102.0;;50.0;;12.0;;;;190.0;;;;;31.0;;;3640.0
Vledder-G0132;17;0;379;1025;440;135;;;37.0;;13.0;;;23.0;;1.0;;;;;9.0;;;;;;;677.0
Vleuten-De Meern-G0347;31;0;4271;1333;2141;611;112.0;;178.0;154.0;;;;;118.0;8.0;;;21.0;;;;;;;7.0;;2932.0
Vlieland-G0096;3;0;92;265;209;40;;13.0;;;6.0;;;;;;;;;3.0;;6.0;;;;;;155.0
Vlijmen-G0864;32;0;3334;1949;884;427;;163.0;;;;;;;;44.0;34.0;;;;;;;0.0;;;;4151.0
Vlissingen-G0718;108;0;5145;7569;3404;1577;743.0;;476.0;385.0;;;;;325.0;145.0;;;;;;;;;;;;13528.0
Vlist-G0623;19;0;1819;1287;1005;298;588.0;94.0;;118.0;;;48.0;;;3.0;;;7.0;;;;10.0;2.0;;;;1610.0
Vlodrop-G0985;8;0;549;311;216;27;;;14.0;;;;;;13.0;5.0;2.0;28.0;;;;;;;;;;525.0
Voerendaal-G0986;4;0;3204;1834;751;267;;;126.0;;;;;;73.0;24.0;23.0;697.0;;;;;;;;;;2997.0
Voorburg-G0624;83;0;6776;5443;6033;2299;186.0;748.0;;404.0;;;220.0;;;34.0;;;202.0;;;;29.0;7.0;;;;10110.0
Voorhout-G0625;27;0;2137;715;991;390;20.0;182.0;;38.0;;;43.0;;;2.0;;;8.0;;;;6.0;0.0;;;;1668.0
Voorschoten-G0626;9;0;3935;2250;3367;1315;121.0;360.0;;129.0;;;106.0;;;13.0;;;26.0;;;;28.0;1.0;;;;4523.0
Voorst-G0285;40;0;5384;3538;2270;697;272.0;266.0;;104.0;;;79.0;;;6.0;;;;;;;;0.0;;;;4801.0
Vorden-G0286;29;0;1890;1165;976;196;31.0;76.0;;52.0;;;43.0;;;7.0;;;;;;;;0.0;;;;1168.0
Vries-G0133;25;0;772;2280;1964;424;;;183.0;;94.0;;;42.0;;7.0;;;;;50.0;;;;;;;1374.0
Vriezenveen-G0186;29;0;4560;2936;690;278;554.0;;83.0;;60.0;;;;46.0;;;;;;624.0;;;0.0;;;;2976.0
Vught-G0865;17;0;4817;2907;1965;757;;403.0;;;;;;;;88.0;54.0;;;;;;;11.0;;;;6969.0
Vuren-G0287;11;0;1900;1666;805;266;300.0;87.0;;157.0;;;42.0;;;3.0;;;;;;;;0.0;;;;1993.0
Waalre-G0866;39;0;3282;1676;2074;748;;194.0;;;;;;;;14.0;26.0;;;;;;;11.0;;;;3283.0
Waalwijk-G0867;55;0;5118;3644;2278;653;;466.0;;;;;;;;79.0;176.0;;;;;;;0.0;;;;7977.0
Waddinxveen-G0627;22;0;3685;2871;2196;861;1223.0;255.0;;642.0;;;56.0;;;6.0;;;39.0;;;;28.0;4.0;;;;4902.0
Wageningen-G0289;37;0;4089;5736;2784;2184;435.0;2813.0;;341.0;;;301.0;;;92.0;;;;;;;;0.0;;;;7491.0
Wanroij-G0868;8;0;1965;444;176;100;;39.0;;;;;;;;3.0;7.0;;;;;;;0.0;;;;750.0
Warffum-G0049;6;0;332;699;208;78;;;29.0;;41.0;12.0;;15.0;;1.0;;;;16.0;;;;;5.0;;;305.0
Warmenhuizen-G0456;9;0;1014;471;413;110;;;36.0;;;23.0;46.0;38.0;;3.0;16.0;;0.0;;;;;1.0;;;;882.0
Warmond-G0628;7;0;1258;554;560;187;28.0;72.0;;12.0;;;32.0;;;5.0;;;4.0;;;;7.0;0.0;;;;1179.0
Warnsveld-G0291;16;0;1758;1681;1050;384;27.0;178.0;;72.0;;;53.0;;;5.0;;;;;;;;0.0;;;;1900.0
Waspik-G0869;5;0;1256;759;213;92;;37.0;;;;;;;;10.0;44.0;;;;;;;0.0;;;;1060.0
Wassenaar-G0629;12;0;4859;1815;5766;993;93.0;204.0;;109.0;;;92.0;;;6.0;;;39.0;;;;5.0;2.0;;;;5119.0
Wateringen-G0630;2;0;4031;1111;1313;388;14.0;160.0;;64.0;;;61.0;;;9.0;;;34.0;;;;11.0;1.0;;;;3819.0
Weerselo-G0188;19;0;4274;578;268;121;1.0;;23.0;;8.0;;;;16.0;;;;;;4.0;;;0.0;;;;978.0
Weert-G0988;139;0;7192;5255;2206;528;;;224.0;;;;;;144.0;42.0;56.0;1753.0;;;;;;;;;;12152.0
Weesp-G0457;54;0;2281;2963;1794;952;;;170.0;;;91.0;135.0;275.0;;13.0;203.0;;46.0;;;;;8.0;;;;4967.0
Wehl-G0292;9;0;1795;841;235;90;2.0;49.0;;3.0;;;27.0;;;0.0;;;;;;;;0.0;;;;1731.0
Werkendam-G0870;28;0;3769;2051;923;328;;186.0;;;;;;;;11.0;1695.0;;;;;;;0.0;;;;3793.0
Wervershoof-G0459;12;0;2276;577;360;169;;;61.0;;;20.0;58.0;42.0;;2.0;14.0;;0.0;;;;;0.0;;;;1657.0
Wessem-G0989;4;0;469;274;112;28;;;13.0;;;;;;13.0;1.0;3.0;33.0;;;;;;;;;;705.0
West Maas en Waal-G0668;49;0;4357;2232;869;284;19.0;164.0;;14.0;;;69.0;;;15.0;;;;;;;;0.0;;;;4573.0
Westerbork-G0134;13;0;1074;1978;1081;249;;;116.0;;48.0;;;45.0;;3.0;;;;;98.0;;;;;;;936.0
Westerhoven-G0871;2;0;605;259;77;27;;21.0;;;;;;;;1.0;0.0;;;;;;;2.0;;;;256.0
Wester-Koggenland-G0558;35;0;3104;1429;1294;330;;;84.0;;;67.0;90.0;77.0;;3.0;31.0;;0.0;;;;;6.0;;;;2478.0
Westerschouwen-G0725;11;0;842;864;989;170;152.0;;56.0;87.0;;;;;19.0;0.0;;;;;;;;;;;;994.0
Westervoort-G0293;20;0;1952;2306;777;515;7.0;324.0;;81.0;;;56.0;;;8.0;;;;;;;;0.0;;;;3959.0
Westkapelle-G0726;7;0;454;530;247;62;237.0;;12.0;45.0;;;;;20.0;1.0;;;;;;;;;;;;405.0
Weststellingwerf-G0098;72;0;3629;6600;2073;671;;389.0;;;64.0;;;;;;;;;183.0;;150.0;;;;;;4641.0
Westvoorne-G0614;37;0;1628;2240;2324;531;62.0;168.0;;63.0;;;48.0;;;3.0;;;21.0;;;;11.0;1.0;;;;3059.0
Wierden-G0189;37;0;7788;2013;1205;495;596.0;;205.0;;57.0;;;;39.0;;;;;;576.0;;;0.0;;;;2542.0
Wieringen-G0462;20;0;717;1818;1132;216;;;72.0;;;128.0;23.0;45.0;;0.0;35.0;;0.0;;;;;3.0;;;;1892.0
Wieringermeer-G0463;14;0;2401;1703;1190;367;;;171.0;;;58.0;42.0;42.0;;0.0;194.0;;0.0;;;;;4.0;;;;2245.0
Wijchen-G0296;29;0;6349;4459;1385;810;20.0;452.0;;32.0;;;73.0;;;92.0;;;;;;;;0.0;;;;9069.0
Wijdewormer-G0470;1;0;264;181;185;64;;;9.0;;;5.0;18.0;18.0;;1.0;7.0;;0.0;;;;;0.0;;;;244.0
Wijhe-G0190;18;0;2040;1316;490;179;23.0;;47.0;;29.0;;;;50.0;;;;;;46.0;;;1.0;;;;1024.0
Wijk bij Duurstede-G0352;22;0;1970;1895;1305;723;34.0;;322.0;123.0;;;;;165.0;12.0;;;9.0;;;;;;;6.0;;3268.0
Willemstad-G0872;9;0;707;548;301;99;;45.0;;;;;;;;3.0;59.0;;;;;;;0.0;;;;629.0
Willeskop-G0349;1;0;325;55;70;13;74.0;;10.0;5.0;;;;;6.0;0.0;;;1.0;;;;;;;0.0;;175.0
Wilnis-G0350;9;0;1482;305;642;205;122.0;;68.0;141.0;;;;;38.0;0.0;;;5.0;;;;;;;2.0;;1181.0
Winschoten-G0052;80;0;1769;6601;1329;579;;;201.0;;121.0;575.0;;94.0;;25.0;;;;236.0;;;;;69.0;;;3987.0
Winsum-G0053;9;0;1161;1234;407;220;;;195.0;;195.0;18.0;;99.0;;3.0;;;;38.0;;;;;7.0;;;758.0
Winterswijk-G0294;86;0;4117;6474;3329;944;36.0;414.0;;165.0;;;180.0;;;31.0;;;;;;;;0.0;;;;5293.0
Wisch-G0295;63;0;4333;3046;1543;507;31.0;235.0;;89.0;;;107.0;;;9.0;;;;;;;;0.0;;;;4812.0
Wissenkerke-G0727;2;0;758;476;292;66;135.0;;28.0;63.0;;;;;10.0;0.0;;;;;;;;;;;;568.0
Wittem-G0990;39;0;2151;1222;298;111;;;52.0;;;;;;60.0;1.0;10.0;542.0;;;;;;;;;;1240.0
Woensdrecht-G0873;29;0;1590;1405;719;282;;105.0;;;;;;;;25.0;35.0;;;;;;;0.0;;;;3138.0
Woerden-G0632;44;0;5592;2824;2399;979;554.0;473.0;;297.0;;;87.0;;;144.0;;;46.0;;;;43.0;5.0;;;;6145.0
Wognum-G0466;14;0;1924;614;562;237;;;34.0;;;15.0;60.0;51.0;;0.0;13.0;;0.0;;;;;2.0;;;;1664.0
Wonseradeel-G0099;18;0;2919;2030;748;204;;189.0;;;91.0;;;;;;;;;91.0;;355.0;;;;;;1528.0
Wormer-G0467;29;0;1462;2143;824;435;;;164.0;;;382.0;162.0;205.0;;4.0;128.0;;16.0;;;;;1.0;;;;2356.0
Woubrugge-G0633;3;0;1201;460;439;220;44.0;69.0;;30.0;;;21.0;;;1.0;;;0.0;;;;48.0;0.0;;;;973.0
Woudenberg-G0351;20;0;2041;850;864;265;675.0;;87.0;369.0;;;;;64.0;6.0;;;6.0;;;;;;;4.0;;1473.0
Woudrichem-G0874;24;0;2948;1745;716;247;;122.0;;;;;;;;13.0;1004.0;;;;;;;0.0;;;;2611.0
Wouw-G0875;19;0;1953;1067;542;170;;57.0;;;;;;;;1.0;9.0;;;;;;;0.0;;;;2471.0
Wymbritseradiel-G0683;15;0;4315;1583;777;264;;192.0;;;53.0;;;;;;;;;158.0;;828.0;;;;;;2058.0
Zaanstad-G0479;194;0;11861;25963;8802;4602;;;1527.0;;;3145.0;1095.0;1674.0;;67.0;1218.0;;373.0;;;;;55.0;;;;33199.0
Zaltbommel-G0297;18;0;1134;1733;704;353;119.0;182.0;;96.0;;;61.0;;;9.0;;;;;;;;0.0;;;;2205.0
Zandvoort-G0473;37;0;1599;2307;2858;593;;;100.0;;;91.0;122.0;59.0;;1.0;49.0;;24.0;;;;;1.0;;;;4834.0
Zederik-G0707;32;0;3003;1623;848;236;1146.0;83.0;;400.0;;;21.0;;;2.0;;;8.0;;;;11.0;0.0;;;;1666.0
Zeeland-G0877;14;0;1928;498;214;92;;59.0;;;;;;;;36.0;10.0;;;;;;;0.0;;;;1254.0
Zeevang-G0478;15;0;517;972;920;226;;;71.0;;;37.0;47.0;66.0;;0.0;15.0;;0.0;;;;;1.0;;;;1226.0
Zeewolde-G0050;1;0;665;304;506;142;;;38.0;;42.0;;;;10.0;1.0;;;;108.0;;;;;;;9.0;569.0
Zegveld-G0354;5;0;611;71;122;52;135.0;;15.0;132.0;;;;;3.0;0.0;;;3.0;;;;;;;0.0;;272.0
Zeist-G0355;148;0;8454;7663;7399;2768;1167.0;;917.0;1137.0;;;;;622.0;76.0;;;98.0;;;;;;;35.0;;14733.0
Zelhem-G0298;13;0;2325;1997;936;246;142.0;124.0;;105.0;;;40.0;;;2.0;;;;;;;;0.0;;;;2509.0
Zevenaar-G0299;46;0;5116;3875;1896;1017;21.0;353.0;;97.0;;;142.0;;;20.0;;;;;;;;0.0;;;;6411.0
Zevenbergen-G0878;23;0;2963;2367;1038;380;;140.0;;;;;;;;16.0;145.0;;;;;;;0.0;;;;4141.0
Zevenhoven-G0635;4;0;755;192;237;67;34.0;23.0;;43.0;;;13.0;;;0.0;;;3.0;;;;1.0;0.0;;;;513.0
Zevenhuizen-G0636;11;0;989;971;767;194;254.0;47.0;;83.0;;;27.0;;;2.0;;;9.0;;;;7.0;3.0;;;;1182.0
Zierikzee-G0732;20;0;1555;1980;912;281;240.0;;93.0;225.0;;;;;75.0;0.0;;;;;;;;;;;;1937.0
Zijpe-G0476;13;0;1415;1372;1103;227;;;75.0;;;35.0;70.0;72.0;;1.0;21.0;;0.0;;;;;5.0;;;;1802.0
Zoetermeer-G0637;142;0;9015;12036;7351;4453;950.0;1166.0;;874.0;;;292.0;;;923.0;;;229.0;;;;76.0;43.0;;;;22944.0
Zoeterwoude-G0638;5;0;1957;689;723;338;34.0;148.0;;23.0;;;53.0;;;0.0;;;7.0;;;;8.0;3.0;;;;1933.0
Zuidhorn-G0056;12;0;1209;1053;600;303;;;139.0;;895.0;21.0;;24.0;;3.0;;;;53.0;;;;;21.0;;;858.0
Zuidlaren-G0136;24;0;1289;2084;1560;412;;;149.0;;328.0;;;70.0;;16.0;;;;;91.0;;;;;;;1905.0
Zuidwolde-G0137;21;0;1957;1403;1163;395;;;78.0;;174.0;;;33.0;;7.0;;;;;70.0;;;;;;;1615.0
Zundert-G0879;52;0;3255;1372;696;214;;114.0;;;;;;;;11.0;8.0;;;;;;;7.0;;;;4241.0
Zutphen-G0301;60;0;3420;7387;2409;1295;82.0;913.0;;259.0;;;246.0;;;43.0;;;;;;;;0.0;;;;6862.0
Zwartsluis-G0192;13;0;1116;679;256;90;103.0;;31.0;;124.0;;;;16.0;;;;;;123.0;;;0.0;;;;650.0
Zweeloo-G0138;6;0;379;695;525;95;;;29.0;;16.0;;;20.0;;2.0;;;;;37.0;;;;;;;283.0
Zwijndrecht-G0642;91;0;6102;6296;3012;1478;926.0;718.0;;1004.0;;;86.0;;;13.0;;;89.0;;;;41.0;5.0;;;;10309.0
Zwolle-G0193;53;0;13614;15437;6100;3441;462.0;;1418.0;;1815.0;;;;1243.0;;;;;;1259.0;;;0.0;;;;21938.0
