RegioNaam;@invalid;@blank;PvdA;VVD;CDA;D66;GL;SP;Reformatorische Politieke Federatie (RPF);SGP;Gereformeerd Politiek Verbond (GPV);Centrumdemocraten;AOV/Unie55+;Nederland Mobiel;Senioren 2000;Nederlandse Middenstands Partij;DG;Natuurwetpartij;Katholiek Politieke Partij;Vrije Indische Partij;Nieuw Solidair Ouderen Verbond;Nieuwe Communistische Partij;Idealisten/Jij;Het Kiezers Collectief;@abs
Aa en Hunze-G1680;;30;6424;4595;1312;1509;863;326;93;11;103;;105;61.0;54;50;20;32;2.0;3;;16.0;6;3.0;3640.0
Aalburg-G0738;;22;1029;1259;1478;195;166;117;708;1523;141;67.0;19;42.0;13;15;2;3;0.0;2;3.0;0.0;2;0.0;1529.0
Aalsmeer-G0358;;11;2866;5040;2630;1235;612;176;365;69;127;77.0;44;98.0;61;69;17;17;12.0;4;;3.0;5;2.0;3777.0
Aalten-G0197;;24;2769;1573;4753;541;555;196;467;18;56;37.0;25;45.0;26;28;6;12;4.0;3;9.0;2.0;2;3.0;2686.0
Abcoude-G0305;;8;1032;1957;987;742;319;77;73;39;50;25.0;13;42.0;20;15;16;6;2.0;0;4.0;0.0;0;4.0;844.0
Achtkarspelen-G0059;;33;4924;1558;5999;604;747;488;746;136;823;110.0;36;;16;63;11;21;;0;;12.0;3;;4767.0
Akersloot-G0360;;3;795;943;584;288;179;64;16;3;5;16.0;14;22.0;16;8;7;6;3.0;1;;2.0;2;0.0;644.0
Alblasserdam-G0482;;9;3397;1849;1463;507;371;259;639;1197;144;56.0;27;47.0;34;19;8;12;2.0;20;5.0;7.0;0;0.0;3093.0
Albrandswaard-G0613;;27;2221;3227;1540;819;420;197;127;150;126;48.0;37;68.0;22;21;8;18;14.0;4;5.0;2.0;4;2.0;2816.0
Alkemade-G0483;;10;1837;2740;2239;571;531;171;25;8;15;59.0;34;54.0;42;48;16;8;9.0;2;;0.0;0;0.0;2257.0
Alkmaar-G0361;;67;15782;11822;6106;5426;5774;2570;439;53;290;326.0;227;325.0;244;138;160;159;63.0;48;;38.0;21;15.0;18513.0
Almelo-G0141;;37;12985;7069;6949;2402;2297;1194;590;89;383;234.0;313;159.0;131;63;58;43;42.0;91;;31.0;5;8.0;13182.0
Almere-G0034;;70;18326;21345;4136;6783;4922;1821;594;85;491;410.0;413;676.0;414;186;92;199;38.0;56;;32.0;13;;26671.0
Alphen aan den Rijn-G0484;;48;9423;11194;6094;4166;2539;1303;1299;496;419;215.0;112;407.0;118;111;47;42;16.0;19;;10.0;8;11.0;12483.0
Alphen-Chaam-G1723;;16;1342;1582;1769;363;286;127;13;6;3;52.0;23;30.0;16;43;4;5;12.0;1;14.0;0.0;0;0.0;1358.0
Ambt Delden-G0142;;10;457;629;2120;110;68;48;3;1;10;26.0;12;4.0;5;11;2;2;3.0;2;;0.0;0;0.0;463.0
Ambt Montfort-G1679;;17;2123;1282;1531;387;446;161;9;4;3;87.0;59;24.0;21;21;9;50;17.0;3;7.0;4.0;0;1.0;2316.0
Ameland-G0060;;0;819;714;797;185;151;39;19;3;19;10.0;1;;7;17;8;6;;1;;0.0;1;;
Amerongen-G0306;;6;957;1224;877;324;210;73;211;390;47;26.0;19;49.0;11;16;6;0;3.0;0;1.0;2.0;1;0.0;1055.0
Amersfoort-G0307;;70;16964;16673;9425;7642;6314;1620;1336;694;2717;261.0;213;423.0;248;157;112;104;51.0;97;59.0;63.0;32;10.0;23897.0
Ammerzoden-G0198;;20;685;711;805;157;105;61;40;43;10;;14;9.0;16;14;1;1;1.0;1;;2.0;0;0.0;726.0
Amstelveen-G0362;;54;10767;17004;5708;6271;3815;798;415;72;223;166.0;312;342.0;237;149;90;104;46.0;53;;13.0;14;9.0;12284.0
Amsterdam-G0363;;1762;107065;73757;20214;47612;49731;14890;1671;319;943;3140.0;2239;2509.0;2056;772;2681;770;312.0;471;;490.0;211;101.0;184658.0
Andijk-G0364;;3;895;838;959;219;226;93;271;52;22;23.0;20;37.0;14;15;7;4;1.0;0;;1.0;2;0.0;946.0
Angerlo-G0199;;4;1030;613;773;227;147;57;7;1;6;10.0;12;7.0;9;19;5;2;1.0;0;0.0;0.0;2;0.0;698.0
Anna Paulowna-G0366;;11;1887;2797;1429;592;346;134;53;15;58;37.0;26;70.0;28;53;10;12;9.0;2;;2.0;0;3.0;2431.0
Apeldoorn-G0200;;104;25507;22298;15327;7974;5735;2031;2513;2108;1021;362.0;520;358.0;272;228;130;202;57.0;133;104.0;62.0;15;8.0;29717.0
Appingedam-G0003;;4;3076;1044;1280;422;307;258;126;8;149;40.0;64;17.0;49;12;6;3;2.0;12;;18.0;1;;2816.0
Arcen en Velden-G0885;;12;1435;1234;1587;340;294;94;5;2;7;38.0;25;16.0;24;6;7;7;11.0;1;4.0;0.0;1;0.0;1488.0
Arnhem-G0202;;188;22887;15469;8458;8012;8198;3894;716;109;581;374.0;387;249.0;257;117;197;106;62.0;99;98.0;26.0;130;12.0;33992.0
Assen-G0106;;27;11829;6178;4449;3113;2501;1105;561;47;2075;;130;125.0;91;71;37;43;9.0;52;;34.0;7;5.0;9474.0
Asten-G0743;;29;2558;2072;2883;616;585;265;10;2;7;42.0;51;54.0;15;38;13;32;13.0;2;25.0;;0;3.0;2477.0
Avereest-G0143;;16;2582;1846;2754;446;326;114;271;69;231;58.0;24;52.0;17;28;11;8;11.0;10;;2.0;3;0.0;2453.0
Axel-G0650;;15;1861;1389;1276;349;321;137;95;66;618;79.0;28;39.0;13;19;2;4;6.0;0;10.0;3.0;1;;2541.0
Baarle-Nassau-G0744;;0;766;710;1293;174;128;84;9;1;1;23.0;12;13.0;13;14;7;3;9.0;0;2.0;2.0;2;0.0;1134.0
Baarn-G0308;;11;3288;4744;2167;1595;1009;372;468;110;143;82.0;48;93.0;35;50;27;21;20.0;12;7.0;3.0;2;3.0;4157.0
Barendrecht-G0489;;25;3152;4563;2747;1383;680;281;547;937;253;61.0;47;55.0;36;46;22;18;1.0;9;13.0;3.0;16;1.0;3632.0
Barneveld-G0203;;16;3501;5514;7082;995;695;271;2805;4869;741;94.0;33;124.0;50;246;16;13;8.0;10;9.0;7.0;3;2.0;5719.0
Bathmen-G0144;;10;966;1266;626;355;155;36;3;3;6;8.0;8;13.0;10;11;2;5;0.0;0;;0.0;1;1.0;586.0
Bedum-G0005;;20;1744;799;2054;504;309;140;132;37;802;10.0;29;23.0;11;9;19;9;3.0;4;;2.0;2;;1191.0
Beek-G0888;;12;2694;2374;2242;802;758;317;15;2;10;73.0;108;27.0;38;9;16;26;11.0;9;16.0;4.0;0;4.0;3644.0
Beemster-G0370;;12;1344;1851;811;493;277;93;24;2;6;20.0;26;41.0;23;28;13;5;6.0;8;;2.0;0;0.0;1204.0
Beesel-G0889;;7;2143;1596;1704;388;453;127;13;5;11;202.0;42;24.0;41;16;7;18;14.0;8;12.0;4.0;0;4.0;3033.0
Belfeld-G0890;;7;817;657;682;203;175;72;5;0;1;51.0;18;7.0;6;11;6;4;2.0;0;1.0;1.0;2;0.0;1325.0
Bellingwedde-G0007;;27;2743;976;513;347;452;243;104;11;26;49.0;42;17.0;30;25;13;8;1.0;0;;49.0;3;;1845.0
Bemmel-G0206;;14;3222;2168;2303;767;481;210;18;4;16;42.0;27;33.0;23;20;15;12;6.0;5;11.0;0.0;2;0.0;3569.0
Bennebroek-G0372;;7;612;1329;766;354;165;43;27;7;16;9.0;4;15.0;5;7;3;7;7.0;1;;1.0;0;2.0;673.0
Bergambacht-G0491;;10;1766;1520;798;434;149;96;332;648;50;23.0;15;23.0;16;13;9;3;1.0;0;;1.0;0;1.0;936.0
Bergen-G0893;;8;2201;1432;2121;352;364;156;4;0;13;59.0;37;33.0;27;31;16;12;9.0;4;8.0;0.0;0;0.0;3175.0
Bergen-G0373;;15;2004;3158;1185;1220;838;181;35;4;16;53.0;35;37.0;33;26;25;33;13.0;2;;1.0;3;1.0;1818.0
Bergen op Zoom-G0748;;47;8828;9596;4877;2787;2389;1256;146;34;68;347.0;91;498.0;274;76;41;39;28.0;35;53.0;16.0;9;7.0;15657.0
Bergeyk-G0749;;8;2765;2239;3387;597;602;265;25;4;11;49.0;38;64.0;54;38;10;11;18.0;4;11.0;;2;0.0;3202.0
Bergh-G0207;;13;3453;2212;2906;561;425;165;31;8;11;64.0;33;39.0;45;44;23;17;17.0;6;5.0;1.0;1;1.0;4142.0
Bergschenhoek-G0492;;5;1085;2093;1335;525;222;101;200;53;159;33.0;27;52.0;18;19;5;4;3.0;2;;1.0;1;1.0;1510.0
Berkel en Rodenrijs-G0493;;6;1694;2871;2526;815;406;140;120;53;746;46.0;53;60.0;33;40;16;14;9.0;2;;0.0;3;0.0;2154.0
Bernheze-G1721;;18;3958;2891;5339;984;657;1472;13;5;12;76.0;42;49.0;39;65;13;20;17.0;5;21.0;;0;1.0;5359.0
Bernisse-G0568;;9;1889;2453;1334;687;299;139;101;108;44;34.0;31;92.0;20;20;4;7;0.0;3;6.0;1.0;0;0.0;2390.0
Best-G0753;;33;4220;3818;2696;1293;731;412;56;6;127;137.0;68;78.0;42;27;16;34;14.0;9;57.0;;1;5.0;4532.0
Beuningen-G0209;;37;4290;3385;2398;1183;865;400;47;2;44;;79;48.0;62;36;22;15;15.0;19;;2.0;1;0.0;4965.0
Beverwijk-G0375;;13;6703;4935;2952;1500;1688;660;115;15;53;141.0;121;395.0;140;43;37;24;27.0;16;;11.0;10;11.0;7614.0
Binnenmaas-G0585;;13;3088;3741;1900;1025;488;244;256;681;92;60.0;37;103.0;35;28;12;22;2.0;3;6.0;1.0;2;2.0;2977.0
Bladel-G1728;;34;3077;2264;3239;656;681;341;14;9;18;54.0;45;50.0;47;32;10;33;26.0;2;28.0;;3;2.0;3677.0
Blaricum-G0376;;3;1337;2668;768;846;330;108;54;13;18;25.0;14;19.0;27;36;11;19;6.0;4;;1.0;1;1.0;1253.0
Bleiswijk-G0495;;2;1003;1980;1349;459;201;74;266;102;76;21.0;27;34.0;19;21;5;7;5.0;3;;2.0;1;0.0;1256.0
Bloemendaal-G0377;;10;1748;5033;1615;1549;604;101;67;13;69;24.0;25;34.0;20;21;17;14;18.0;3;;2.0;1;4.0;1812.0
Boarnsterhim-G0055;;14;4724;2361;1779;1131;696;292;73;25;37;39.0;22;;15;42;15;13;;8;;9.0;3;;2504.0
Bodegraven-G0497;;9;2290;2753;2638;845;478;201;651;572;165;55.0;41;52.0;17;46;16;9;7.0;1;;3.0;2;0.0;2913.0
Boekel-G0755;;17;1426;903;2059;251;213;215;9;3;4;39.0;21;33.0;22;26;0;4;9.0;1;18.0;;4;1.0;1585.0
Bolsward-G0064;;15;1807;785;1754;349;430;205;109;14;40;8.0;8;;12;17;2;10;;3;;4.0;0;;1680.0
Borculo-G0211;;7;2279;1805;1257;424;273;116;37;3;24;31.0;16;20.0;17;30;5;4;6.0;1;5.0;2.0;0;0.0;1535.0
Borger-Odoorn-G1681;;11;6540;3364;2386;1130;722;410;373;6;164;;76;80.0;26;52;22;20;6.0;3;;17.0;3;10.0;4640.0
Born-G0897;;12;2595;1702;2029;565;575;248;14;3;10;55.0;156;45.0;30;15;16;32;23.0;7;10.0;6.0;0;1.0;3049.0
Borne-G0147;;15;3885;2916;4273;1000;660;290;89;7;50;56.0;61;65.0;28;34;10;27;12.0;2;;2.0;1;8.0;3160.0
Borsele-G0654;;12;2857;2561;2617;720;522;262;311;1604;153;59.0;66;98.0;20;46;13;31;14.0;3;13.0;0.0;2;;3996.0
Boskoop-G0499;;10;1730;2699;1975;711;530;172;390;293;85;49.0;35;54.0;14;44;13;10;3.0;2;;4.0;1;0.0;2094.0
Boxmeer-G0756;;23;4922;3499;4811;1115;975;1098;36;6;9;105.0;51;57.0;51;49;24;28;23.0;7;18.0;;3;13.0;4456.0
Boxtel-G0757;;25;4730;3229;3262;1489;1014;848;23;4;23;102.0;50;50.0;44;44;15;36;29.0;14;17.0;;3;4.0;6885.0
Brakel-G0212;;16;1083;594;786;129;113;74;319;938;59;;10;3.0;19;9;7;2;0.0;0;;1.0;0;0.0;1012.0
Breda-G0758;;94;23323;22335;13092;9376;7276;3548;348;72;179;580.0;473;234.0;355;218;165;165;109.0;111;89.0;48.0;18;21.0;38820.0
Brederwiede-G0194;;18;2165;1435;2210;449;263;93;189;43;610;36.0;28;33.0;44;22;9;7;3.0;3;;1.0;1;1.0;1672.0
Breukelen-G0311;;27;1649;2529;1733;889;521;119;368;482;69;27.0;35;69.0;82;18;7;10;8.0;2;10.0;1.0;4;0.0;1969.0
Brielle-G0501;;12;2643;3375;1132;951;441;199;90;39;32;34.0;52;127.0;38;52;12;21;4.0;1;5.0;5.0;2;2.0;3017.0
Broekhuizen-G0898;;9;223;262;427;75;48;24;2;0;1;7.0;12;4.0;5;6;1;4;3.0;0;1.0;1.0;1;1.0;333.0
Brummen-G0213;;20;4948;3313;1874;1114;696;288;83;32;57;70.0;28;75.0;45;43;19;27;9.0;9;12.0;12.0;0;2.0;3585.0
Brunssum-G0899;;26;5422;2573;3201;904;913;1542;89;8;116;198.0;94;54.0;80;22;30;50;46.0;13;41.0;6.0;3;2.0;8026.0
Bunnik-G0312;;19;1795;2579;1992;1097;785;163;93;109;57;35.0;23;52.0;34;30;20;5;10.0;7;5.0;1.0;2;0.0;1628.0
Bunschoten-G0313;;1;858;1469;3282;276;188;62;1190;272;3312;24.0;14;71.0;3;41;6;3;3.0;2;0.0;0.0;4;3.0;2397.0
Buren-G0214;;17;1792;2201;791;561;290;138;57;154;44;;15;56.0;18;34;5;4;3.0;1;;5.0;0;1.0;1713.0
Bussum-G0381;;24;4173;6355;2708;2385;1406;354;242;80;124;78.0;100;125.0;100;65;28;49;26.0;15;;9.0;10;6.0;5443.0
Capelle aan den IJssel-G0502;;37;9999;9979;3205;3356;1820;957;707;1974;817;196.0;145;214.0;169;57;38;70;9.0;40;;10.0;2;17.0;13723.0
Castricum-G0383;;14;3832;4655;2175;1929;1530;320;91;3;48;54.0;39;83.0;56;30;23;31;17.0;10;;6.0;3;2.0;2836.0
Coevorden-G0109;;49;8144;4980;4163;1490;930;405;287;43;142;;98;92.0;62;49;20;26;8.0;11;;20.0;1;7.0;5536.0
Cranendonck-G1706;;28;3405;2733;3056;737;610;310;30;6;9;86.0;84;52.0;51;40;13;14;12.0;12;30.0;;2;3.0;4025.0
Cromstrijen-G0611;;6;2320;2217;1159;611;313;145;184;482;45;44.0;27;56.0;10;24;7;8;1.0;2;3.0;1.0;4;1.0;2140.0
Cuijk-G1684;;12;4072;2769;2865;917;895;459;13;4;17;84.0;53;55.0;74;35;30;17;11.0;5;24.0;;3;5.0;5094.0
Culemborg-G0216;;11;3654;3702;1976;1412;938;727;188;125;57;;60;70.0;44;42;20;15;9.0;8;;6.0;7;3.0;4429.0
Dalfsen-G0148;;28;2310;1787;4133;611;399;143;242;56;932;27.0;26;53.0;6;62;14;11;9.0;1;;1.0;1;0.0;2032.0
Dantumadeel-G0065;;12;3113;981;3986;408;495;331;743;612;354;56.0;15;;11;28;10;8;;2;;3.0;0;;3550.0
De Bilt-G0310;;13;4348;7154;2851;3250;1624;588;281;197;357;69.0;55;66.0;81;39;33;25;19.0;18;19.0;3.0;4;4.0;4329.0
De Lier-G0552;;7;902;2224;2340;346;162;83;86;23;142;43.0;21;42.0;14;13;1;2;4.0;1;2.0;1.0;2;3.0;1686.0
De Marne-G1663;;8;2211;1045;1449;340;383;210;118;17;571;29.0;23;32.0;17;27;24;16;3.0;1;;8.0;1;;1825.0
De Ronde Venen-G0736;;11;3564;7327;4175;1759;841;220;613;335;136;106.0;59;176.0;67;80;24;25;19.0;6;12.0;0.0;5;3.0;5492.0
De Wolden-G1690;;15;4325;4325;2944;1142;573;235;210;42;309;;82;92.0;38;74;21;24;2.0;1;;9.0;1;4.0;3303.0
Delft-G0503;;149;16348;12589;6690;7279;5926;2052;786;339;485;382.0;174;257.0;193;113;134;97;47.0;46;50.0;22.0;21;2.0;17960.0
Delfzijl-G0010;;17;6599;3013;2776;1015;840;932;405;21;323;104.0;151;84.0;51;40;17;12;8.0;27;;33.0;2;;6421.0
Den Ham-G0159;;8;2240;837;3713;203;210;165;566;45;474;33.0;21;43.0;11;12;2;4;0.0;0;;3.0;0;3.0;2494.0
Den Helder-G0400;;31;8343;10364;3795;2426;2031;794;665;153;385;218.0;572;174.0;288;79;44;55;29.0;79;;7.0;6;13.0;15079.0
Denekamp-G0149;;26;1840;1284;3603;356;254;93;13;3;14;33.0;40;23.0;19;10;3;5;17.0;1;;2.0;3;1.0;1715.0
Deurne-G0762;;25;4586;3600;5281;1133;951;711;22;9;22;122.0;108;74.0;68;101;20;33;26.0;4;26.0;;3;3.0;6890.0
Deventer-G0150;;29;14773;8142;4774;3927;3886;1493;460;56;270;256.0;140;107.0;186;50;79;63;18.0;43;;22.0;14;9.0;14517.0
Didam-G0218;;13;3397;1753;2816;563;479;230;16;2;13;53.0;22;12.0;32;19;11;5;12.0;4;7.0;3.0;2;0.0;3307.0
Diemen-G0384;;17;3504;4267;1118;1532;1204;373;75;7;51;91.0;49;99.0;76;47;47;7;12.0;6;;5.0;4;5.0;5127.0
Diepenheim-G0151;;4;705;515;375;120;79;36;10;5;3;5.0;6;5.0;8;10;0;4;1.0;0;;0.0;0;0.0;274.0
Diepenveen-G0152;;15;1716;1881;2032;678;321;118;56;7;25;23.0;16;25.0;8;44;13;5;19.0;2;;1.0;0;1.0;1125.0
Dinxperlo-G0219;;3;1296;756;1673;217;156;81;106;7;9;9.0;8;9.0;13;15;3;2;3.0;1;0.0;0.0;1;0.0;1880.0
Dirksland-G0504;;9;1185;815;648;205;124;78;394;1043;46;23.0;16;39.0;7;35;4;4;1.0;2;4.0;0.0;1;0.0;1319.0
Dodewaard-G0220;;1;878;506;484;134;80;55;90;259;19;18.0;12;3.0;5;10;2;3;0.0;0;2.0;1.0;0;0.0;605.0
Doesburg-G0221;;13;2099;1271;993;589;403;569;60;18;53;32.0;19;23.0;16;14;8;12;2.0;9;10.0;1.0;0;0.0;2152.0
Doetinchem-G0222;;21;9045;5744;4747;2157;1914;831;422;222;139;148.0;71;71.0;74;43;31;29;19.0;29;10.0;7.0;2;5.0;8622.0
Dongen-G0766;;29;3984;3020;2794;1147;808;1036;148;30;47;89.0;43;49.0;46;29;8;23;13.0;24;3.0;10.0;8;2.0;5136.0
Dongeradeel-G0058;;22;3344;1483;6230;656;703;379;718;102;340;28.0;31;;16;34;13;14;;2;;2.0;3;;3934.0
Doorn-G0315;;6;1247;2286;1082;728;399;75;147;184;77;23.0;16;52.0;19;22;13;10;4.0;6;8.0;0.0;1;0.0;1679.0
Dordrecht-G0505;;59;19602;14715;7386;5502;4672;1879;1788;1590;750;469.0;487;232.0;239;102;83;122;38.0;105;88.0;18.0;24;14.0;27255.0
Drechterland-G0498;;5;1405;1765;1240;514;370;101;23;7;13;27.0;21;43.0;17;23;7;14;12.0;2;;0.0;2;0.0;1452.0
Driebergen-Rijsenburg-G0316;;20;2307;3215;1893;1376;1157;169;368;329;175;20.0;43;57.0;26;23;32;13;15.0;6;8.0;1.0;7;0.0;2772.0
Drimmelen-G1719;;11;4708;3735;3051;1276;754;481;46;23;41;103.0;50;53.0;50;37;17;25;6.0;15;24.0;9.0;2;10.0;5741.0
Dronten-G0303;;17;3835;5673;4388;1386;982;324;646;120;627;70.0;141;150.0;58;100;18;46;10.0;7;;8.0;2;;5150.0
Druten-G0225;;29;3375;2088;1724;712;492;265;12;0;13;;27;38.0;61;31;14;7;13.0;5;;5.0;2;2.0;3130.0
Duiven-G0226;;17;4118;3823;2663;1282;795;361;76;8;103;56.0;34;80.0;70;28;3;15;6.0;13;18.0;0.0;2;1.0;4129.0
Echt-G0902;;18;3283;1977;2507;567;890;321;18;5;10;132.0;179;40.0;49;32;20;41;55.0;5;46.0;1.0;5;3.0;4510.0
Echteld-G0227;;4;1388;984;523;150;102;72;255;621;14;;6;18.0;6;17;3;8;0.0;2;;1.0;3;0.0;899.0
Edam-Volendam-G0385;;14;2982;5600;4335;919;737;255;42;8;33;182.0;86;175.0;45;70;29;23;108.0;5;;7.0;2;2.0;4706.0
Ede-G0228;;125;10638;14364;11999;4036;3241;912;4590;6527;1054;343.0;193;423.0;132;233;84;53;16.0;153;50.0;16.0;7;10.0;14451.0
Eemnes-G0317;;3;1038;1631;985;543;273;86;88;54;39;19.0;13;35.0;9;46;5;5;2.0;8;2.0;2.0;3;1.0;1153.0
Eemsmond-G1651;;24;3613;1412;2241;496;518;334;138;20;980;47.0;49;44.0;39;29;22;12;8.0;2;;10.0;2;;2388.0
Eersel-G0770;;6;2661;2400;3381;842;634;279;34;5;17;40.0;31;64.0;38;30;18;25;23.0;3;14.0;;3;4.0;2860.0
Egmond-G0357;;13;1980;2203;1157;654;416;154;23;7;13;45.0;19;63.0;25;25;12;8;10.0;2;;1.0;3;3.0;2046.0
Eibergen-G0229;;6;3056;1729;3685;558;529;246;46;6;30;41.0;30;19.0;17;35;10;17;10.0;3;5.0;4.0;1;2.0;2380.0
Eijsden-G0905;;3;1937;1480;1987;492;448;150;10;1;3;29.0;45;19.0;26;17;4;21;19.0;3;7.0;0.0;0;1.0;2275.0
Eindhoven-G0772;;144;30197;23943;16698;10874;9328;6153;681;114;501;733.0;1045;414.0;777;233;183;358;160.0;168;421.0;;30;28.0;49672.0
Elburg-G0230;;0;2008;2327;2825;458;330;157;2049;1935;314;62.0;27;60.0;15;30;9;15;1.0;9;14.0;1.0;0;0.0;3292.0
Elst-G0231;;8;2889;2376;1898;1155;541;225;59;24;50;35.0;19;26.0;20;23;11;9;6.0;0;6.0;2.0;2;0.0;3226.0
Emmen-G0114;;73;24119;8501;11501;3825;3123;2677;1089;79;643;;325;202.0;234;108;73;103;52.0;21;;75.0;18;21.0;24847.0
Enkhuizen-G0388;;15;2998;2285;1297;926;885;336;215;133;59;39.0;52;73.0;45;18;12;17;1.0;3;;0.0;3;5.0;3000.0
Enschede-G0153;;119;28504;16247;11777;6663;6075;3106;1062;113;2303;504.0;730;265.0;264;109;114;140;51.0;67;;143.0;20;12.0;33410.0
Epe-G0232;;18;5972;5357;4005;1420;849;311;770;655;160;103.0;53;67.0;45;50;13;33;9.0;19;17.0;2.0;4;2.0;5963.0
Ermelo-G0233;;12;2292;3797;4489;1069;862;390;1220;744;641;46.0;45;83.0;38;92;21;28;5.0;12;9.0;2.0;2;1.0;4094.0
Etten-Leur-G0777;;16;5740;4844;3330;1618;1225;687;118;6;39;114.0;68;89.0;79;39;20;13;12.0;15;27.0;3.0;1;1.0;8607.0
Ferwerderadeel-G0068;;7;1212;681;2140;263;250;146;97;13;214;17.0;7;;8;22;2;4;;3;;0.0;0;;1437.0
Franekeradeel-G0070;;41;3840;1871;3441;698;731;366;274;18;176;36.0;37;;17;47;5;22;;3;;7.0;5;;3597.0
Gaasterlân-Sleat-G0653;;8;1346;1057;2290;397;328;104;143;139;45;14.0;10;;14;24;13;12;;2;;2.0;0;;1365.0
Geertruidenberg-G0779;;7;3805;2822;2081;800;682;398;40;43;27;78.0;68;52.0;56;37;14;12;5.0;16;25.0;7.0;6;3.0;5176.0
Geldermalsen-G0236;;28;3747;3992;2445;1026;568;316;213;1177;111;;29;120.0;22;88;9;12;5.0;1;;6.0;1;1.0;3830.0
Geldrop-G0781;;17;4382;3602;2888;1419;1148;700;107;11;42;103.0;106;68.0;69;39;31;53;16.0;20;32.0;;3;7.0;6028.0
Geleen-G0906;;25;5385;3302;3542;1197;1989;717;42;5;23;173.0;225;42.0;69;36;32;74;26.0;43;22.0;3.0;6;6.0;9027.0
Gemert-Bakel-G1652;;21;4235;2906;4728;788;949;644;13;2;15;103.0;57;80.0;77;53;16;30;25.0;25;46.0;;5;2.0;5557.0
Gendringen-G0237;;23;3893;2012;3905;601;612;226;52;10;17;62.0;30;35.0;24;20;8;9;18.0;2;12.0;4.0;3;0.0;3959.0
Gendt-G0238;;10;1537;827;1035;278;185;80;2;3;5;15.0;8;29.0;2;9;5;3;4.0;0;3.0;1.0;1;0.0;1511.0
Genemuiden-G0154;;5;738;464;867;70;80;36;873;1611;84;10.0;9;20.0;10;15;1;1;0.0;0;;0.0;1;0.0;960.0
Gennep-G0907;;14;2695;1768;2190;848;479;313;20;4;11;48.0;30;30.0;22;22;19;10;7.0;4;11.0;4.0;1;0.0;4188.0
Giessenlanden-G0689;;18;2359;2283;1815;555;302;144;942;427;59;45.0;22;59.0;12;30;8;10;3.0;4;7.0;3.0;0;0.0;1526.0
Gilze en Rijen-G0784;;25;4052;3404;2736;1006;763;532;18;15;14;119.0;53;69.0;54;46;17;18;12.0;13;16.0;4.0;2;0.0;4870.0
Goedereede-G0511;;14;1335;1484;1121;287;144;94;487;1901;68;21.0;18;67.0;10;14;13;4;0.0;0;2.0;2.0;1;0.0;1397.0
Goes-G0664;;11;5360;4108;3543;1601;1334;536;595;1338;327;68.0;79;175.0;69;31;29;36;24.0;20;13.0;8.0;8;;7581.0
Goirle-G0785;;11;3761;2989;2507;1110;889;588;21;4;10;58.0;36;39.0;45;34;13;20;13.0;4;21.0;5.0;0;2.0;4404.0
Goor-G0156;;10;2586;1700;1606;612;296;398;74;5;32;26.0;32;42.0;22;20;9;9;1.0;4;;3.0;3;3.0;2023.0
Gorinchem-G0512;;16;5647;4136;2167;1555;1149;502;691;361;180;108.0;194;72.0;47;22;43;22;4.0;7;14.0;7.0;4;2.0;6847.0
Gorssel-G0239;;4;2346;2910;1939;930;410;139;62;11;46;18.0;23;29.0;16;34;13;12;1.0;2;5.0;3.0;1;0.0;1698.0
Gouda-G0513;;53;10882;10076;4984;4385;3051;1387;1319;1234;574;397.0;186;147.0;189;80;42;62;20.0;23;;16.0;10;8.0;12385.0
Graafstroom-G0693;;11;912;926;1584;209;141;41;815;981;61;23.0;5;18.0;2;11;8;7;0.0;1;2.0;0.0;0;0.0;898.0
Graft-De Rijp-G0365;;9;1058;1330;650;380;246;78;8;2;5;22.0;25;47.0;14;28;5;9;5.0;1;;1.0;0;0.0;794.0
Gramsbergen-G0157;;12;1337;497;1588;145;125;57;78;9;168;13.0;11;10.0;7;26;4;2;2.0;0;;0.0;0;1.0;692.0
Grave-G0786;;6;2027;1861;1529;583;435;451;18;0;14;41.0;33;47.0;17;17;8;8;3.0;4;9.0;;4;1.0;2403.0
Groenlo-G0240;;4;1747;1075;1826;264;283;86;7;1;7;13.0;18;15.0;12;7;7;6;12.0;1;1.0;1.0;0;2.0;1651.0
Groesbeek-G0241;;24;4266;2113;2467;727;820;394;37;6;12;;40;40.0;35;24;20;11;15.0;5;;9.0;2;7.0;3881.0
Groningen-G0014;;116;35852;16703;9344;13297;13101;5912;1070;109;3772;279.0;459;227.0;352;115;338;202;48.0;69;;211.0;41;;37649.0
Grootegast-G0015;;2;1522;772;2710;280;229;102;247;41;579;21.0;14;37.0;8;35;5;4;0.0;2;;1.0;2;;1987.0
Grubbenvorst-G0912;;3;862;1088;1128;270;157;80;7;4;2;23.0;15;6.0;13;8;8;12;4.0;0;8.0;2.0;1;0.0;1393.0
Gulpen-G0913;;32;1330;773;1477;271;356;178;1;3;13;42.0;38;28.0;19;8;9;31;20.0;0;10.0;1.0;1;2.0;1371.0
Haaksbergen-G0158;;21;3744;3184;4916;991;614;326;56;6;40;90.0;72;35.0;39;25;17;17;19.0;15;;5.0;6;3.0;3845.0
Haaren-G0788;;11;2007;1782;2483;644;452;144;10;5;11;26.0;26;39.0;36;42;12;12;7.0;2;9.0;;1;3.0;2751.0
Haarlem-G0392;;112;25550;20526;9929;9567;8436;2530;843;148;444;493.0;418;457.0;552;227;334;149;109.0;82;;55.0;27;61.0;33691.0
Haarlemmerliede en Spaarnwoude-G0393;;1;682;1050;641;337;254;56;23;8;15;22.0;23;14.0;11;18;10;2;6.0;0;;2.0;1;0.0;738.0
Haarlemmermeer-G0394;;54;13291;22898;9135;5978;3977;1053;1049;489;514;288.0;256;690.0;352;296;66;97;44.0;60;;21.0;8;19.0;19511.0
Haelen-G0914;;14;1376;1475;1296;466;363;108;14;4;6;61.0;41;24.0;30;16;13;31;16.0;1;7.0;0.0;0;1.0;2207.0
Halderberge-G1655;;46;4783;4260;3237;1112;815;483;56;11;26;259.0;58;109.0;68;52;13;18;21.0;7;36.0;5.0;3;1.0;6988.0
Hardenberg-G0160;;52;5467;2504;7282;777;761;292;400;79;3526;67.0;70;81.0;41;60;9;9;9.0;2;;3.0;1;3.0;3842.0
Harderwijk-G0243;;18;4001;5367;5515;1510;1070;366;1473;650;615;85.0;42;102.0;35;72;23;28;3.0;17;12.0;9.0;12;5.0;7057.0
Hardinxveld-Giessendam-G0523;;12;2404;1710;1598;331;265;132;1405;1957;592;48.0;20;63.0;18;19;6;5;1.0;1;5.0;0.0;0;2.0;2257.0
Haren-G0017;;11;3173;3495;2117;1744;894;163;133;36;533;20.0;62;38.0;61;25;31;11;9.0;5;;3.0;2;;2045.0
Harenkarspel-G0395;;15;2121;2529;1784;901;621;185;40;3;51;34.0;35;63.0;44;37;18;17;8.0;2;;4.0;4;0.0;2356.0
Harlingen-G0072;;21;3355;1679;1550;661;709;345;124;10;228;64.0;26;;42;30;14;18;;1;;5.0;4;;2708.0
Harmelen-G0318;;5;906;1442;1104;483;257;68;101;95;24;26.0;15;35.0;16;20;8;6;7.0;5;2.0;2.0;2;1.0;1352.0
Hasselt-G0161;;4;1068;639;1054;151;137;41;487;189;606;5.0;10;14.0;6;12;8;1;1.0;0;;1.0;2;0.0;829.0
Hattem-G0244;;2;2096;1371;1739;456;239;92;425;61;846;20.0;25;22.0;13;12;9;0;3.0;3;1.0;1.0;3;0.0;1472.0
Hedel-G0245;;5;647;672;516;218;98;84;58;210;30;;5;13.0;5;15;4;1;1.0;2;;0.0;0;0.0;668.0
Heel-G1937;;7;1252;1155;1027;377;244;91;5;2;2;20.0;27;20.0;27;9;1;18;2.0;0;4.0;3.0;0;3.0;2103.0
Heemskerk-G0396;;15;5893;5060;3463;1743;1642;546;129;21;89;94.0;143;260.0;107;37;20;33;35.0;36;;14.0;3;6.0;6599.0
Heemstede-G0397;;6;3068;6376;2865;2224;1094;205;125;21;67;40.0;40;50.0;60;38;33;28;20.0;6;;1.0;1;7.0;3560.0
Heerde-G0246;;23;3143;1883;3109;565;323;138;1169;389;345;90.0;27;50.0;14;29;9;8;2.0;1;5.0;0.0;3;1.0;2584.0
Heerenveen-G0074;;0;9201;4535;3878;1914;1889;668;377;34;321;100.0;55;;75;63;22;54;;10;;38.0;3;;7536.0
Heerewaarden-G0247;;2;351;251;72;41;39;33;3;2;0;;6;5.0;9;5;0;2;0.0;0;;1.0;0;0.0;206.0
Heerhugowaard-G0398;;32;6387;6988;3827;2481;1657;564;255;9;74;70.0;116;201.0;75;41;39;60;26.0;7;;10.0;11;2.0;7803.0
Heerjansdam-G0526;;6;625;638;404;194;116;50;44;50;12;16.0;4;19.0;6;10;2;3;0.0;0;0.0;0.0;1;1.0;567.0
Heerlen-G0917;;58;13555;7840;7976;3220;3199;7357;192;29;109;439.0;488;186.0;390;77;77;187;180.0;47;65.0;20.0;11;15.0;27120.0
Heeze-Leende-G1658;;24;2173;2421;2659;845;541;191;11;4;14;58.0;99;34.0;35;50;3;11;8.0;2;26.0;;0;0.0;2486.0
Heiloo-G0399;;20;3370;4761;2446;1730;940;210;83;5;52;38.0;43;63.0;47;50;20;18;8.0;2;;16.0;1;2.0;2875.0
Heino-G0162;;8;1242;859;1685;370;253;68;93;1;144;13.0;10;18.0;10;26;7;2;1.0;0;;0.0;0;1.0;1105.0
Helden-G0918;;17;2397;2359;3196;552;572;229;11;9;8;112.0;50;39.0;68;28;10;16;8.0;2;8.0;2.0;3;3.0;4507.0
Hellendoorn-G0163;;19;5538;3163;9356;981;861;420;771;83;470;80.0;80;140.0;48;60;11;20;13.0;10;;4.0;4;1.0;4933.0
Hellevoetsluis-G0530;;20;5873;6563;1435;1759;1333;692;211;75;80;116.0;133;199.0;87;61;29;42;7.0;14;29.0;10.0;3;1.0;8589.0
Helmond-G0794;;59;11894;9134;6323;2716;2465;2857;129;23;65;425.0;250;149.0;233;88;44;43;58.0;52;73.0;;13;7.0;20046.0
Hendrik-Ido-Ambacht-G0531;;16;2823;3248;1888;888;439;196;551;1576;197;52.0;38;63.0;31;20;9;11;6.0;9;10.0;1.0;3;10.0;3195.0
Hengelo-G0164;;60;14625;9499;9660;3966;3386;2275;567;43;533;196.0;445;168.0;148;81;54;103;45.0;104;;14.0;14;6.0;13596.0
Hengelo-G0248;;12;1562;1191;1777;239;161;78;32;6;8;27.0;18;12.0;10;35;6;6;7.0;0;1.0;1.0;0;1.0;1328.0
Het Bildt-G0063;;6;1898;886;1947;319;330;170;97;7;58;23.0;18;;16;16;8;6;;4;;4.0;1;;1850.0
Heteren-G0251;;8;1434;1079;1316;403;259;95;121;132;35;39.0;19;31.0;7;12;3;5;3.0;1;7.0;4.0;0;0.0;1482.0
Heumen-G0252;;6;2483;2409;2155;1074;643;201;23;3;10;;22;14.0;43;18;31;9;12.0;1;;2.0;2;3.0;2302.0
Heusden-G0797;;5;6706;6084;5010;1996;1284;1060;105;65;50;213.0;150;110.0;145;81;41;36;29.0;16;77.0;;7;9.0;7660.0
Heythuysen-G0920;;3;1474;1619;2338;475;365;147;23;2;6;48.0;46;24.0;34;23;5;23;14.0;1;15.0;3.0;4;4.0;2322.0
Hillegom-G0534;;7;2990;3901;2432;992;684;240;117;68;41;48.0;50;102.0;71;58;18;15;12.0;7;;3.0;1;5.0;3549.0
Hilvarenbeek-G0798;;10;2327;1914;2781;640;480;206;13;2;7;32.0;32;27.0;37;32;9;6;10.0;4;23.0;9.0;1;2.0;2280.0
Hilversum-G0402;;68;13104;13629;6186;5666;4105;1434;856;310;486;261.0;199;224.0;186;141;92;88;51.0;29;;23.0;23;9.0;16905.0
Hoevelaken-G0253;;7;1010;1612;831;483;222;62;192;392;133;18.0;8;27.0;20;21;3;3;3.0;4;7.0;0.0;2;0.0;1185.0
Holten-G0165;;3;1748;1675;1737;441;167;65;95;7;19;11.0;9;22.0;10;27;8;8;1.0;6;;2.0;3;0.0;875.0
Hontenisse-G0675;;3;1573;987;1172;234;270;120;30;7;6;33.0;14;19.0;27;13;8;3;6.0;1;1.0;2.0;1;;1573.0
Hoogeveen-G0118;;27;9329;4581;8602;1657;1326;756;1527;294;1036;;109;202.0;65;97;37;25;9.0;11;;19.0;5;8.0;10271.0
Hoogezand-Sappemeer-G0018;;38;7989;3124;1946;1361;1250;994;218;29;508;80.0;162;68.0;62;33;28;29;11.0;23;;34.0;11;;7289.0
Hoorn-G0405;;48;10415;9708;4033;3742;3295;1203;364;23;65;160.0;244;335.0;224;66;54;72;34.0;26;;42.0;8;9.0;12472.0
Horst-G0923;;14;2629;1799;3574;589;471;696;17;7;11;44.0;26;26.0;25;38;13;17;23.0;0;11.0;4.0;6;5.0;4514.0
Houten-G0321;;17;4085;4747;3035;2191;1408;344;512;443;316;47.0;51;141.0;54;30;21;19;24.0;17;8.0;7.0;5;1.0;4111.0
Huissen-G0255;;6;2753;2341;1879;928;464;189;45;4;23;15.0;37;33.0;40;21;12;14;8.0;0;4.0;0.0;3;0.0;2977.0
Huizen-G0406;;30;5146;7323;3806;2576;1546;381;1357;531;330;93.0;109;116.0;80;67;36;50;6.0;28;;11.0;2;13.0;7183.0
Hulst-G0677;;15;3384;2308;1849;700;485;226;49;6;9;103.0;67;40.0;35;27;15;15;17.0;4;5.0;5.0;4;;4405.0
Hummelo en Keppel-G0256;;2;872;900;720;255;107;61;17;10;7;7.0;3;9.0;2;17;1;7;2.0;3;6.0;0.0;1;0.0;577.0
Hunsel-G0925;;7;858;679;1095;165;172;64;1;1;2;30.0;28;10.0;12;7;5;5;8.0;0;6.0;0.0;1;0.0;1277.0
IJsselham-G0195;;9;1010;823;997;188;114;74;127;11;64;12.0;15;24.0;6;13;8;15;3.0;2;;2.0;1;0.0;738.0
IJsselmuiden-G0191;;20;1128;930;2601;238;192;100;1445;1580;263;17.0;13;26.0;8;19;6;3;8.0;5;;1.0;1;2.0;1300.0
IJsselstein-G0353;;16;3660;4244;2262;1499;925;359;258;296;55;81.0;26;78.0;46;28;22;15;10.0;15;16.0;4.0;1;2.0;4615.0
Jacobswoude-G0645;;17;1225;2095;1679;639;346;117;96;96;26;43.0;28;50.0;22;43;15;12;6.0;1;;0.0;5;0.0;1578.0
Kampen-G0166;;32;4918;2602;4653;873;1216;531;1758;900;904;95.0;45;70.0;60;33;30;12;11.0;11;;2.0;4;0.0;5319.0
Kapelle-G0678;;2;1514;1560;1433;418;271;93;281;598;102;20.0;20;26.0;11;17;0;7;0.0;0;6.0;0.0;1;;1733.0
Katwijk-G0537;;24;3824;4265;5837;901;837;433;2155;3099;338;85.0;75;98.0;72;39;12;20;6.0;8;;2.0;1;2.0;7262.0
Kerkrade-G0928;;100;9106;3481;4443;1054;1634;1579;24;14;27;335.0;226;91.0;120;51;57;90;77.0;25;78.0;15.0;4;10.0;14018.0
Kerkwijk-G0257;;5;640;749;708;179;95;57;488;928;33;;10;16.0;4;15;5;8;0.0;0;;2.0;2;0.0;915.0
Kessel-G0929;;9;653;684;773;126;108;53;0;4;0;34.0;22;10.0;6;12;0;5;2.0;0;5.0;0.0;0;0.0;708.0
Kesteren-G0258;;5;1505;866;654;184;149;66;213;1992;41;;6;23.0;13;21;5;4;0.0;2;;1.0;0;0.0;1345.0
Kollumerland en Nieuwkruisland-G0079;;20;1716;846;2988;259;394;256;355;102;171;37.0;15;;11;27;3;7;;4;;3.0;1;;2290.0
Korendijk-G0588;;2;1522;1623;876;372;224;86;246;1038;54;33.0;22;54.0;21;25;8;8;0.0;2;6.0;2.0;0;2.0;1605.0
Krimpen aan den IJssel-G0542;;12;4769;4496;1877;1450;677;290;630;2145;417;91.0;44;89.0;58;38;20;27;7.0;11;;3.0;1;5.0;4258.0
Laarbeek-G1659;;30;3894;2680;3238;753;870;464;12;6;7;103.0;58;44.0;53;28;7;22;24.0;8;26.0;;5;4.0;3939.0
Landerd-G1685;;28;2324;1818;2612;419;342;603;2;1;5;41.0;30;47.0;25;29;12;3;12.0;1;11.0;;0;0.0;2363.0
Landgraaf-G0882;;15;6861;3924;4046;1351;1476;1772;34;13;58;196.0;123;69.0;121;29;29;132;48.0;15;28.0;9.0;3;7.0;10652.0
Landsmeer-G0415;;7;2011;2220;530;704;493;202;53;15;23;36.0;28;65.0;21;31;17;4;2.0;2;;6.0;2;2.0;1539.0
Langedijk-G0416;;12;3334;4116;2709;1331;1001;325;222;20;157;62.0;36;95.0;41;30;21;24;4.0;3;;1.0;2;3.0;3558.0
Laren-G0417;;1;1332;3152;1166;839;392;145;25;11;10;18.0;21;20.0;25;54;11;17;19.0;3;;1.0;1;3.0;1756.0
Leek-G0022;;10;3552;1855;2321;861;608;193;199;29;825;34.0;87;51.0;19;26;8;11;5.0;4;;7.0;3;;3187.0
Leerdam-G0545;;20;3131;2569;2005;632;436;366;691;812;223;76.0;24;80.0;25;29;5;5;2.0;12;8.0;4.0;6;0.0;3713.0
Leersum-G0326;;5;1021;1570;755;436;269;78;103;249;41;20.0;11;38.0;19;13;9;4;1.0;0;1.0;0.0;1;0.0;826.0
Leeuwarden-G0080;;63;19293;8125;8151;4862;5092;2678;796;87;722;181.0;125;;173;92;98;109;;33;;34.0;23;;18625.0
Leeuwarderadeel-G0081;;15;2269;1063;1620;462;388;161;121;6;64;14.0;14;;8;20;3;16;;3;;1.0;2;;1232.0
Leiden-G0546;;124;19926;16545;5957;9774;8224;3602;701;205;443;382.0;163;175.0;176;97;195;200;45.0;46;;42.0;20;9.0;22541.0
Leiderdorp-G0547;;11;3456;4669;2198;1845;1098;317;167;144;94;55.0;84;82.0;47;36;23;28;9.0;10;;1.0;2;2.0;3770.0
Leidschendam-G0548;;22;4378;6696;3903;2152;1230;882;168;41;104;125.0;72;172.0;103;45;18;33;32.0;40;;5.0;2;4.0;5780.0
Lelystad-G0995;;45;9286;7984;3065;2930;2426;1202;521;164;321;248.0;439;327.0;226;118;70;371;23.0;33;;34.0;12;;14480.0
Lemsterland-G0082;;12;2314;1386;1733;420;313;163;233;45;24;29.0;18;;13;23;3;7;;2;;144.0;1;;2266.0
Leusden-G0327;;13;3450;5478;3070;2087;1073;239;274;227;600;56.0;58;96.0;60;46;25;20;9.0;2;6.0;5.0;4;5.0;3636.0
Lichtenvoorde-G0260;;9;3077;2116;4223;653;511;183;15;3;12;32.0;24;33.0;29;39;9;9;11.0;6;12.0;1.0;1;3.0;2874.0
Liemeer-G1673;;5;620;1272;1092;270;154;70;100;52;18;42.0;16;26.0;5;27;3;3;5.0;1;;1.0;1;1.0;1180.0
Lienden-G0261;;6;1492;1377;613;265;148;53;148;408;40;;8;33.0;9;27;1;5;2.0;0;;2.0;0;1.0;1252.0
Liesveld-G0694;;14;1292;1170;1162;229;151;64;658;772;196;21.0;16;25.0;5;10;7;3;2.0;1;2.0;1.0;2;0.0;1005.0
Limmen-G0418;;2;981;1346;826;409;207;62;9;6;4;10.0;9;36.0;10;15;3;18;7.0;0;;1.0;2;0.0;844.0
Lingewaal-G0733;;5;1753;1525;1433;379;199;122;380;302;67;;14;35.0;6;26;7;4;2.0;0;;3.0;3;0.0;1675.0
Lisse-G0553;;11;2735;4032;2949;1104;611;213;287;632;124;45.0;66;93.0;58;73;21;15;13.0;3;;4.0;2;2.0;3321.0
Lith-G0808;;12;992;816;1089;196;141;407;2;3;5;29.0;10;9.0;11;22;3;2;3.0;1;4.0;;1;0.0;1103.0
Littenseradiel-G0140;;3;1804;1142;1952;548;362;138;89;3;51;10.0;9;;2;19;9;23;;2;;1.0;1;;1468.0
Lochem-G0262;;5;3820;3370;2217;1196;676;221;87;8;37;39.0;39;23.0;24;48;24;8;6.0;2;11.0;1.0;1;0.0;2823.0
Loenen-G0329;;5;1102;1813;1018;682;295;67;108;100;59;18.0;25;52.0;24;23;6;2;2.0;0;5.0;1.0;3;0.0;1051.0
Loon op Zand-G0809;;14;3625;3204;2759;861;619;345;25;106;29;65.0;69;40.0;30;55;7;22;8.0;2;20.0;2.0;8;1.0;5115.0
Loosdrecht-G0330;;8;1002;2426;948;609;206;42;94;63;44;8.0;17;37.0;17;39;6;7;6.0;0;5.0;0.0;0;0.0;1406.0
Lopik-G0331;;10;1491;1949;2106;369;256;104;667;619;78;72.0;22;63.0;22;30;6;7;4.0;7;12.0;0.0;3;1.0;1864.0
Loppersum-G0024;;5;2003;845;1826;407;473;174;173;33;432;15.0;16;13.0;12;11;15;10;1.0;0;;11.0;7;;1669.0
Losser-G0168;;19;4019;2388;4486;681;550;289;45;15;26;81.0;109;42.0;31;27;22;14;21.0;7;;13.0;4;4.0;4058.0
Maarn-G0332;;2;767;1428;713;482;237;40;56;137;32;11.0;27;30.0;12;16;6;9;9.0;1;2.0;0.0;0;5.0;553.0
Maarssen-G0333;;19;6087;7418;3052;2684;1624;486;472;109;156;126.0;91;126.0;60;57;40;23;14.0;31;26.0;3.0;5;4.0;7323.0
Maartensdijk-G0334;;1;1071;1833;1001;615;305;107;249;589;63;16.0;21;33.0;9;21;13;13;0.0;7;4.0;1.0;0;0.0;1089.0
Maasbracht-G0933;;36;2153;1784;1912;456;485;205;46;5;18;77.0;132;26.0;35;39;19;40;12.0;0;20.0;2.0;0;0.0;3180.0
Maasbree-G0934;;21;1543;1820;2266;473;370;116;9;1;8;86.0;45;23.0;25;16;18;14;11.0;1;6.0;0.0;4;4.0;2566.0
Maasdonk-G1671;;2;1791;1337;1932;272;221;566;1;1;5;56.0;29;21.0;18;67;6;6;6.0;2;5.0;;1;0.0;2141.0
Maasdriel-G0263;;5;1354;1576;1432;283;202;166;10;14;12;;26;23.0;27;42;4;9;2.0;3;;1.0;4;0.0;1951.0
Maasland-G0555;;4;621;1296;1481;237;138;49;164;43;52;10.0;13;20.0;9;8;9;2;0.0;0;2.0;0.0;0;1.0;759.0
Maassluis-G0556;;31;5353;5195;2865;1439;851;488;497;149;221;138.0;226;129.0;74;41;25;16;15.0;11;36.0;7.0;8;2.0;6496.0
Maastricht-G0935;;55;19792;11573;10919;6415;6030;2983;169;23;137;455.0;357;130.0;816;103;93;203;154.0;63;61.0;18.0;25;5.0;33802.0
Margraten-G0936;;42;1963;1734;2767;695;532;182;18;7;16;68.0;44;33.0;25;22;16;34;19.0;3;10.0;1.0;1;0.0;2215.0
Markelo-G0169;;14;1325;1711;1102;250;159;72;53;21;11;24.0;22;18.0;5;22;5;2;0.0;0;;4.0;0;0.0;737.0
Marum-G0025;;18;1831;1145;1392;352;244;109;128;14;198;43.0;25;35.0;11;28;5;1;1.0;2;;5.0;1;;1678.0
Maurik-G0264;;6;1400;1185;648;276;116;88;51;43;10;;21;32.0;19;31;4;6;1.0;1;;0.0;0;2.0;1242.0
Medemblik-G0420;;2;1070;1070;765;323;288;136;48;4;31;31.0;21;48.0;20;11;6;2;6.0;2;;7.0;4;1.0;1688.0
Meerlo-Wanssum-G0993;;10;1103;807;1425;253;220;107;2;2;2;23.0;32;17.0;9;14;13;4;11.0;0;7.0;1.0;5;2.0;1480.0
Meerssen-G0938;;37;3291;2689;3069;1031;1025;364;28;3;12;106.0;90;26.0;51;24;6;53;58.0;8;24.0;0.0;3;2.0;4079.0
Meijel-G0941;;10;873;674;895;142;138;66;3;1;0;32.0;53;10.0;12;13;4;8;4.0;0;9.0;0.0;0;0.0;1419.0
Menaldumadeel-G0083;;16;2968;1518;2217;642;484;223;118;16;73;27.0;20;;12;21;7;7;;3;;5.0;7;;1912.0
Menterwolde-G1987;;14;3541;1141;631;452;362;624;92;5;162;36.0;52;25.0;12;28;5;8;1.0;3;;22.0;3;;2352.0
Meppel-G0119;;0;6231;4074;2802;1497;1061;516;374;38;599;;77;98.0;54;34;20;31;6.0;21;;7.0;7;0.0;4803.0
Middelburg-G0687;;26;6658;4766;3748;2107;1970;842;1623;1902;442;108.0;162;93.0;77;48;26;40;6.0;24;19.0;15.0;11;;8588.0
Middelharnis-G0559;;13;2411;1897;1143;452;337;170;887;1565;114;44.0;27;49.0;30;14;10;7;4.0;2;11.0;1.0;5;1.0;3245.0
Middenveld-G1697;;13;7115;4139;4396;1381;998;429;244;49;395;;69;120.0;58;93;21;18;0.0;18;;12.0;10;4.0;4674.0
Mierlo-G0814;;13;1722;1477;1335;586;353;216;18;4;9;44.0;63;27.0;22;15;8;10;7.0;4;4.0;;0;1.0;1695.0
Mill en Sint Hubert-G0815;;15;1998;1266;2195;228;277;269;2;4;15;45.0;30;34.0;19;32;9;8;10.0;1;9.0;;1;3.0;2004.0
Millingen aan de Rijn-G0265;;6;1451;594;566;219;145;74;8;1;8;;9;6.0;8;6;5;3;5.0;2;;1.0;0;0.0;1330.0
Monster-G0562;;19;1989;3899;2918;726;366;138;304;438;193;107.0;37;71.0;50;39;12;12;33.0;3;15.0;1.0;3;4.0;3693.0
Montfoort-G0335;;6;1639;2391;1643;712;469;96;400;431;38;58.0;20;50.0;22;24;12;6;9.0;7;4.0;1.0;0;0.0;1715.0
Mook en Middelaar-G0944;;7;1200;1303;917;526;310;110;4;0;9;12.0;15;7.0;9;8;12;7;7.0;8;1.0;0.0;0;0.0;1216.0
Moordrecht-G0563;;14;1142;1143;611;354;196;118;132;214;58;38.0;15;27.0;7;14;5;4;3.0;14;;0.0;1;0.0;1260.0
Muiden-G0424;;9;1138;1450;609;690;235;71;35;9;20;19.0;18;30.0;12;19;2;10;0.0;2;;0.0;1;0.0;835.0
Naaldwijk-G0565;;14;2555;6078;5141;939;468;175;352;156;105;129.0;76;81.0;38;52;23;16;10.0;2;22.0;5.0;0;5.0;4673.0
Naarden-G0425;;10;2041;4496;1324;1425;628;109;97;53;59;24.0;30;33.0;16;32;12;23;7.0;4;;2.0;5;1.0;2206.0
Nederhorst den Berg-G0426;;2;749;1089;647;347;180;63;27;15;11;8.0;11;37.0;14;18;10;3;1.0;0;;1.0;0;1.0;748.0
Nederlek-G0643;;22;3126;2639;1054;783;367;158;216;655;95;47.0;44;56.0;24;25;8;12;1.0;0;;0.0;1;2.0;1887.0
Nederweert-G0946;;39;2489;1875;3139;457;370;206;16;1;5;96.0;87;39.0;28;35;11;16;14.0;1;22.0;1.0;0;0.0;3193.0
Neede-G0266;;9;2612;1408;1785;453;284;143;53;3;104;30.0;23;35.0;11;25;3;6;3.0;2;4.0;0.0;1;0.0;1662.0
Neerijnen-G0304;;19;2026;1659;1132;356;198;96;182;687;59;;13;38.0;13;23;10;3;3.0;0;;2.0;0;1.0;1724.0
Niedorp-G0412;;6;2078;1893;945;644;414;161;20;2;18;30.0;20;73.0;23;31;13;13;6.0;2;;1.0;1;3.0;2094.0
Nieuwegein-G0356;;29;9818;10038;4648;3721;2565;1072;464;190;253;219.0;89;261.0;469;88;41;50;23.0;52;40.0;10.0;10;3.0;12197.0
Nieuwerkerk aan den IJssel-G0567;;9;2674;3775;1617;1176;540;201;488;445;210;57.0;46;85.0;33;30;19;18;4.0;7;;3.0;0;2.0;3328.0
Nieuwkoop-G0569;;4;1341;1938;1452;630;356;120;187;105;19;52.0;18;37.0;23;42;6;5;3.0;2;;3.0;2;0.0;1885.0
Nieuw-Lekkerland-G0571;;9;1534;745;587;208;142;78;757;1172;112;26.0;14;34.0;11;9;0;5;1.0;0;3.0;2.0;0;0.0;968.0
Nieuwleusen-G0170;;10;1212;862;1766;200;120;72;154;141;356;10.0;23;23.0;5;30;6;11;1.0;0;;2.0;3;1.0;1200.0
Nijefurd-G0104;;5;1727;1103;2335;409;443;158;139;14;40;16.0;48;;20;24;7;7;;3;;4.0;1;;1566.0
Nijkerk-G0267;;14;2972;3195;4168;811;607;176;1017;1032;620;120.0;50;90.0;34;64;14;11;3.0;8;7.0;4.0;3;4.0;4825.0
Nijmegen-G0268;;190;27432;14152;11023;9665;13282;5847;304;39;233;;460;185.0;402;106;548;123;99.0;85;;47.0;56;15.0;33420.0
Noord-Beveland-G1695;;9;1155;1197;926;253;191;147;109;192;35;17.0;14;32.0;7;24;4;9;0.0;2;4.0;0.0;0;;1117.0
Noordenveld-G1699;;12;7055;4849;2423;1940;1271;400;178;36;421;;95;76.0;64;41;31;16;5.0;5;;9.0;2;2.0;4944.0
Noorder-Koggenland-G0529;;5;1671;1975;850;650;385;106;155;65;39;24.0;27;58.0;30;29;5;17;8.0;0;;0.0;1;1.0;1609.0
Noordoostpolder-G0171;;54;5465;5194;7054;1617;1137;454;1095;439;821;103.0;110;171.0;59;102;31;40;27.0;5;;17.0;9;;5873.0
Noordwijk-G0575;;7;3285;4940;2523;1146;1035;380;255;42;72;75.0;56;66.0;72;43;18;14;7.0;2;;2.0;1;6.0;4885.0
Noordwijkerhout-G0576;;7;1887;3191;2109;774;521;182;43;13;14;38.0;43;62.0;49;48;15;18;10.0;6;;4.0;0;3.0;2459.0
Nootdorp-G0577;;8;1019;1966;1230;527;256;91;51;19;36;32.0;24;29.0;26;19;5;6;7.0;2;;1.0;1;2.0;1458.0
Nuenen, Gerwen en Nederwetten-G0820;;11;3598;4173;2833;1738;892;350;51;12;52;61.0;53;73.0;46;38;11;38;17.0;3;16.0;;6;1.0;3463.0
Nunspeet-G0302;;6;2018;3036;3384;564;408;157;2227;3227;227;87.0;29;87.0;30;56;18;10;5.0;8;8.0;3.0;2;0.0;3221.0
Nuth-G0951;;14;2817;1959;2814;689;766;426;18;2;13;99.0;102;45.0;42;21;13;47;29.0;1;15.0;0.0;1;4.0;3133.0
Obdam-G0429;;4;850;1161;1091;334;218;65;8;3;0;21.0;15;30.0;9;10;7;9;7.0;1;;3.0;0;0.0;867.0
Oegstgeest-G0579;;13;2345;4435;1728;1890;944;216;160;28;186;33.0;40;48.0;39;21;25;46;13.0;14;;2.0;2;3.0;2176.0
Oirschot-G0823;;46;2880;2301;3183;647;534;240;9;5;4;85.0;47;48.0;31;29;12;10;7.0;4;32.0;;3;3.0;3052.0
Oisterwijk-G0824;;12;3740;4077;3461;1246;929;411;46;7;16;55.0;52;58.0;55;33;9;21;23.0;5;16.0;4.0;4;0.0;4887.0
Oldebroek-G0269;;15;2328;1530;2795;345;225;165;2408;1670;545;54.0;18;39.0;16;35;6;6;0.0;0;7.0;0.0;1;0.0;3796.0
Oldenzaal-G0173;;22;5572;4225;5086;1410;1193;486;29;3;38;85.0;162;49.0;62;20;30;25;30.0;12;;6.0;7;7.0;4783.0
Olst-G0174;;28;1980;1275;1418;399;270;90;52;18;14;28.0;19;14.0;5;23;6;7;5.0;8;;2.0;0;1.0;1388.0
Ommen-G0175;;10;2077;1771;4131;517;305;128;250;45;1143;18.0;17;27.0;12;39;8;9;8.0;2;;1.0;2;0.0;1703.0
Onderbanken-G0881;;24;1421;843;1254;251;311;226;10;3;9;76.0;38;22.0;29;6;10;19;14.0;4;4.0;4.0;2;0.0;1912.0
Oostburg-G0692;;21;3221;2758;1693;648;439;186;149;108;82;51.0;51;55.0;31;37;15;11;11.0;2;12.0;9.0;0;;3950.0
Oosterhout-G0826;;20;8472;7698;4618;2735;1797;1003;111;11;61;184.0;144;153.0;108;71;72;41;28.0;48;51.0;20.0;6;7.0;11371.0
Oostflakkee-G0580;;13;1986;1127;881;314;209;138;487;537;36;54.0;30;60.0;10;22;9;6;6.0;0;6.0;3.0;2;0.0;1834.0
Ooststellingwerf-G0085;;40;5815;2780;3121;935;1081;402;173;64;337;62.0;57;;37;71;20;31;;3;;14.0;4;;4385.0
Oostzaan-G0431;;3;1500;1833;361;505;541;134;88;19;20;61.0;26;61.0;22;22;6;14;1.0;4;;4.0;1;1.0;1488.0
Ootmarsum-G0176;;5;791;755;1156;158;134;25;7;2;3;9.0;25;10.0;6;4;3;5;1.0;0;;1.0;0;0.0;400.0
Opmeer-G0432;;4;1543;1851;1594;487;323;106;35;4;11;18.0;33;55.0;33;20;8;9;12.0;2;;4.0;2;1.0;1773.0
Opsterland-G0086;;21;6175;2719;3555;1275;1081;570;334;69;845;54.0;38;;23;47;22;20;;7;;47.0;3;;4426.0
Oss-G0828;;35;8704;7721;6147;2568;1260;7166;53;10;47;242.0;92;136.0;91;96;33;35;37.0;16;29.0;;6;5.0;13948.0
Oud-Beijerland-G0584;;10;3123;3400;1709;1209;671;223;599;1201;103;50.0;77;84.0;41;24;12;18;5.0;1;8.0;1.0;5;0.0;3497.0
Ouder-Amstel-G0437;;5;1740;2441;1114;956;462;98;66;51;36;38.0;29;50.0;38;16;26;12;7.0;6;;0.0;1;0.0;2071.0
Ouderkerk-G0644;;25;1230;1199;776;317;142;61;308;805;89;23.0;20;22.0;6;14;5;5;0.0;1;;0.0;0;0.0;1094.0
Oudewater-G0589;;17;1244;1618;1664;428;242;77;279;189;38;37.0;34;33.0;21;28;2;7;18.0;4;4.0;2.0;0;1.0;1453.0
Papendrecht-G0590;;12;4832;4612;2557;1494;844;377;996;657;208;76.0;70;69.0;66;35;13;24;3.0;19;15.0;2.0;1;5.0;5153.0
Pekela-G0765;;9;3526;838;942;269;757;281;204;12;51;57.0;37;25.0;16;17;18;2;7.0;2;;72.0;0;;3225.0
Pijnacker-G0594;;16;2222;4081;2954;1355;637;182;198;229;158;83.0;26;77.0;44;35;22;13;16.0;3;;4.0;19;0.0;2399.0
Purmerend-G0439;;28;11137;12125;2807;3529;2819;1207;294;23;84;194.0;461;521.0;377;112;72;51;16.0;35;;37.0;7;13.0;13933.0
Putten-G0273;;9;2102;2742;4222;617;356;126;1475;1166;341;67.0;39;58.0;26;81;8;8;1.0;2;10.0;1.0;3;1.0;3037.0
Raalte-G0177;;20;4549;2676;7207;956;657;337;70;11;32;52.0;26;51.0;22;69;15;15;32.0;2;;1.0;1;4.0;4232.0
Ravenstein-G0835;;6;1634;866;1454;337;276;488;3;3;7;38.0;14;20.0;15;16;5;3;4.0;2;9.0;;1;3.0;1170.0
Reeuwijk-G0595;;6;1350;2635;1607;648;315;103;411;547;79;41.0;21;28.0;28;44;4;5;9.0;2;;1.0;1;1.0;1677.0
Reiderland-G1661;;26;1842;475;150;128;259;345;37;1;9;38.0;31;23.0;11;14;11;6;0.0;3;;563.0;8;;1539.0
Reimerswaal-G0703;;9;2368;2127;1651;483;337;224;552;3119;111;46.0;43;71.0;30;34;10;9;4.0;3;12.0;6.0;3;;3406.0
Renkum-G0274;;14;5443;5728;3673;2299;1471;483;316;106;152;66.0;150;68.0;73;52;36;26;20.0;11;18.0;6.0;8;1.0;5157.0
Renswoude-G0339;;1;302;597;710;81;44;34;153;269;23;20.0;9;14.0;2;23;0;2;0.0;0;0.0;0.0;1;0.0;525.0
Reusel-De Mierden-G1667;;0;1978;1197;2333;286;294;178;6;5;9;40.0;21;38.0;27;31;3;5;15.0;3;21.0;;2;1.0;2434.0
Rheden-G0275;;27;9160;6716;4327;2613;1889;777;439;44;200;148.0;165;87.0;93;50;54;54;17.0;27;23.0;8.0;6;3.0;8322.0
Rhenen-G0340;;8;2472;2395;1701;703;504;184;390;1355;82;53.0;99;84.0;18;23;13;7;5.0;5;11.0;1.0;3;0.0;2684.0
Ridderkerk-G0597;;50;7992;6264;3902;1759;1080;822;1095;2587;500;154.0;117;189.0;105;65;44;30;16.0;16;32.0;9.0;11;2.0;9292.0
Rijnsburg-G0602;;4;1247;1954;2884;307;255;61;620;155;460;26.0;14;32.0;24;15;3;4;1.0;0;;3.0;0;0.0;2175.0
Rijnwaarden-G0196;;11;2530;1155;1240;421;338;120;14;0;12;55.0;16;28.0;16;13;6;4;3.0;1;6.0;0.0;0;0.0;2366.0
Rijnwoude-G1672;;6;2517;3148;2709;1011;518;172;416;674;80;43.0;26;64.0;20;57;14;23;5.0;3;;0.0;2;2.0;2779.0
Rijssen-G0178;;10;2368;1519;3255;258;283;182;2684;4777;138;58.0;28;53.0;4;25;5;3;5.0;2;;2.0;2;1.0;2473.0
Rijswijk-G0603;;75;6953;10093;4270;3233;1982;820;316;127;198;278.0;165;192.0;182;70;39;49;62.0;67;66.0;10.0;8;1.0;9370.0
Roerdalen-G1669;;13;1703;1454;1285;394;362;116;6;0;4;66.0;38;14.0;15;14;1;76;9.0;1;7.0;1.0;0;1.0;2142.0
Roermond-G0957;;82;5882;5814;3552;1710;1884;654;61;10;38;264.0;314;66.0;96;43;34;155;70.0;24;43.0;3.0;5;4.0;11718.0
Roggel en Neer-G1670;;5;1223;1130;1302;261;353;90;6;2;9;28.0;36;15.0;34;16;12;25;5.0;0;4.0;0.0;1;1.0;1747.0
Roosendaal-G1674;;52;10082;10228;6956;2766;2405;1509;193;27;92;427.0;137;219.0;220;89;82;59;35.0;65;82.0;40.0;10;2.0;19244.0
Rossum-G0276;;9;564;500;448;170;125;82;4;4;11;;10;10.0;4;14;5;3;1.0;0;;1.0;0;2.0;533.0
Rotterdam-G0599;;1215;96189;60256;24525;24147;23298;15810;3219;2742;2395;3319.0;2452;1497.0;1378;470;395;613;175.0;228;1053.0;219.0;83;76.0;160272.0
Rozenburg-G0600;;8;2291;1910;1006;585;420;275;120;50;145;68.0;56;97.0;45;13;5;17;1.0;9;12.0;7.0;3;2.0;3170.0
Rozendaal-G0277;;0;100;422;134;125;57;12;8;2;3;1.0;0;2.0;1;1;1;2;0.0;3;0.0;0.0;0;0.0;80.0
Rucphen-G0840;;7;3735;2359;2058;408;427;382;31;0;4;372.0;49;70.0;33;12;14;12;8.0;2;15.0;19.0;2;0.0;7701.0
Ruurlo-G0278;;4;1500;1471;1119;323;174;62;24;9;15;20.0;20;23.0;6;25;12;5;2.0;0;0.0;1.0;0;0.0;1424.0
Sas van Gent-G0704;;4;1324;1098;684;371;239;126;17;25;10;39.0;25;12.0;13;14;4;2;5.0;1;2.0;2.0;2;;2089.0
Sassenheim-G0604;;15;1894;2856;2087;801;406;214;68;21;38;31.0;21;63.0;42;27;15;13;21.0;11;;5.0;2;5.0;2163.0
Schagen-G0441;;22;3169;3089;1260;1191;830;284;76;12;25;49.0;57;69.0;49;27;10;8;16.0;8;;4.0;5;4.0;3164.0
Scheemda-G0039;;21;3727;1183;1662;446;548;300;272;13;85;50.0;51;18.0;20;25;13;5;4.0;5;;295.0;1;;2355.0
Schermer-G0458;;10;773;913;640;316;172;59;19;3;7;13.0;12;33.0;8;9;5;9;2.0;0;;1.0;2;1.0;682.0
Scherpenzeel-G0279;;1;1017;1440;1138;299;163;58;456;846;44;32.0;20;70.0;5;16;5;5;3.0;0;3.0;0.0;2;1.0;1069.0
Schiedam-G0606;;34;13281;9151;4510;3187;2927;2136;482;177;203;447.0;513;321.0;131;59;58;47;25.0;32;51.0;20.0;13;10.0;17737.0
Schiermonnikoog-G0088;;3;267;216;183;111;106;17;3;0;14;1.0;2;;0;2;2;1;;0;;0.0;0;;
Schijndel-G0844;;36;3895;2579;2390;676;555;1333;6;9;9;102.0;49;43.0;62;36;13;17;7.0;9;19.0;;3;2.0;5191.0
Schinnen-G0962;;38;2304;1663;2361;698;574;304;28;1;19;66.0;129;25.0;26;18;15;39;18.0;3;13.0;2.0;4;0.0;2281.0
Schipluiden-G0607;;3;1029;1978;1958;515;284;58;115;48;47;22.0;11;24.0;9;15;5;5;7.0;4;3.0;0.0;0;0.0;1237.0
Schoonhoven-G0608;;10;1837;1894;1293;613;438;140;321;276;52;50.0;20;36.0;34;21;21;7;2.0;10;;1.0;4;0.0;1730.0
Schoorl-G0444;;4;1033;1261;650;514;359;142;16;2;15;35.0;22;23.0;17;3;28;13;6.0;2;;0.0;3;1.0;995.0
Schouwen-Duiveland-G1676;;40;5584;5791;3121;1347;998;336;930;1638;279;80.0;56;132.0;73;70;22;25;5.0;5;27.0;7.0;4;;4943.0
Sevenum-G0964;;6;955;737;1615;288;232;140;12;4;1;11.0;15;6.0;13;7;4;11;13.0;3;5.0;0.0;2;1.0;1458.0
's-Graveland-G0390;;7;1316;1984;1014;628;397;101;82;43;51;28.0;20;41.0;20;19;14;9;1.0;3;;1.0;0;0.0;1511.0
's-Gravendeel-G0517;;2;1645;1242;948;349;188;101;261;347;48;25.0;10;32.0;8;16;3;7;4.0;0;1.0;0.0;0;1.0;1473.0
's-Gravenhage-G0518;;638;60511;66875;25309;24079;19442;8035;2466;1365;1489;2178.0;1129;897.0;1343;393;625;547;328.0;354;;176.0;78;71.0;120677.0
's-Gravenzande-G0519;;12;1776;3896;3004;549;319;113;394;393;99;70.0;28;44.0;27;36;3;7;2.0;3;5.0;1.0;2;1.0;3071.0
's-Hertogenbosch-G0796;;76;19872;15986;10139;6610;6124;4578;201;43;232;457.0;487;229.0;236;178;133;105;114.0;65;102.0;;22;5.0;30383.0
Simpelveld-G0965;;5;2053;1029;1848;320;382;301;8;2;13;71.0;45;17.0;39;8;7;38;16.0;4;9.0;1.0;2;3.0;2346.0
Sint Anthonis-G1702;;27;1649;1049;3173;329;363;167;6;1;3;39.0;21;46.0;17;33;5;5;8.0;0;14.0;;0;2.0;1488.0
Sint-Michielsgestel-G0845;;34;4664;3349;3666;1268;797;798;18;2;21;84.0;183;56.0;76;63;24;26;21.0;3;26.0;;2;6.0;5660.0
Sint-Oedenrode-G0846;;33;3066;1984;2851;697;539;347;9;2;7;48.0;38;46.0;65;33;11;14;14.0;2;28.0;;5;10.0;3058.0
Sittard-G0968;;29;7383;5305;5076;2228;2612;1020;54;6;40;169.0;1086;59.0;86;48;36;78;59.0;31;38.0;13.0;5;2.0;12213.0
Skarsterlân-G0051;;13;5106;2933;4757;1023;845;311;297;31;102;60.0;38;;36;49;30;35;;7;;7.0;3;;4016.0
Sliedrecht-G0610;;5;4081;2600;1763;671;531;371;1068;2095;337;93.0;35;67.0;33;34;13;10;2.0;4;5.0;3.0;3;0.0;4203.0
Slochteren-G0040;;14;2917;1646;1225;732;420;249;132;32;788;21.0;187;29.0;39;43;9;5;1.0;1;;13.0;0;;2662.0
Sluis-Aardenburg-G1698;;2;1018;1027;741;211;117;76;15;5;10;17.0;19;11.0;5;14;2;5;4.0;5;5.0;1.0;0;;1242.0
Smallingerland-G0090;;30;10630;3987;7617;2042;2001;1239;1217;149;1170;94.0;58;;63;77;46;31;;11;;16.0;9;;8163.0
Sneek-G0091;;18;6088;3113;3981;1340;1176;505;380;25;103;68.0;43;;57;34;32;43;;4;;35.0;1;;6165.0
Soest-G0342;;25;5236;9279;4305;2634;1623;476;606;217;352;124.0;106;152.0;98;87;41;43;21.0;30;14.0;5.0;8;8.0;7763.0
Someren-G0847;;13;2658;2154;3044;496;513;292;20;4;18;88.0;65;62.0;45;39;16;7;11.0;3;18.0;;1;6.0;3757.0
Son en Breugel-G0848;;10;1934;2924;1984;950;446;230;38;3;24;22.0;32;49.0;34;34;6;24;11.0;5;6.0;;1;1.0;2379.0
Spijkenisse-G0612;;26;12368;11211;2901;3050;2197;1418;434;222;274;299.0;224;673.0;165;71;43;76;14.0;61;44.0;24.0;11;6.0;16855.0
Stad Delden-G0179;;10;1251;1296;1597;424;207;64;21;1;14;17.0;16;16.0;8;12;4;4;6.0;0;;0.0;0;1.0;831.0
Stadskanaal-G0037;;34;6638;2353;4501;750;784;608;1187;43;796;72.0;80;72.0;39;40;32;19;33.0;10;;24.0;6;;7540.0
Staphorst-G0180;;7;1039;1114;1713;231;134;62;1003;2706;788;37.0;6;56.0;12;60;4;5;1.0;11;;0.0;1;0.0;1339.0
Stede Broec-G0532;;6;3185;3410;2075;1059;927;373;98;19;33;77.0;67;127.0;66;34;15;22;14.0;6;;5.0;1;5.0;3954.0
Steenbergen-G0851;;20;4080;3373;2050;838;590;382;173;193;28;132.0;58;144.0;73;33;12;18;20.0;4;18.0;2.0;3;4.0;5587.0
Steenderen-G0280;;5;881;579;1225;190;119;45;17;6;10;18.0;7;9.0;3;20;5;8;0.0;0;0.0;0.0;0;9.0;541.0
Steenwijk-G0181;;41;4637;2712;2883;897;712;266;363;31;313;78.0;55;71.0;55;34;16;8;8.0;4;;2.0;3;4.0;3956.0
Stein-G0971;;76;4807;2991;3154;951;1191;622;24;4;26;205.0;230;65.0;69;18;27;50;38.0;38;23.0;4.0;3;5.0;6120.0
Strijen-G0617;;11;1631;1660;888;346;292;109;214;277;62;40.0;34;44.0;9;36;13;3;2.0;0;4.0;3.0;5;0.0;1423.0
Susteren-G0974;;32;2258;1435;1968;603;567;185;13;4;7;65.0;130;32.0;29;21;4;30;13.0;1;20.0;1.0;2;0.0;2702.0
Swalmen-G0975;;14;1458;943;1041;327;320;111;4;0;4;42.0;41;25.0;31;3;15;9;2.0;7;14.0;0.0;0;2.0;2150.0
Tegelen-G0976;;6;2935;2219;1944;577;616;232;10;1;7;286.0;76;16.0;66;8;10;29;46.0;3;21.0;4.0;0;2.0;4611.0
Ten Boer-G0009;;12;1384;586;997;358;217;101;131;33;524;12.0;13;7.0;14;6;1;5;2.0;1;;10.0;1;;858.0
Ter Aar-G0480;;3;1131;1689;1444;382;223;91;85;60;24;34.0;20;41.0;23;13;2;7;11.0;2;;0.0;1;0.0;1365.0
Terneuzen-G0715;;27;5434;4242;2898;1257;949;427;498;972;733;174.0;118;98.0;82;54;16;35;18.0;14;10.0;7.0;2;;7732.0
Terschelling-G0093;;1;1201;1111;549;416;343;86;30;2;25;9.0;9;;15;16;9;6;;1;;1.0;3;;12.0
Texel-G0448;;13;2288;2623;1715;948;780;204;112;42;41;23.0;33;61.0;27;32;28;28;4.0;3;;6.0;2;0.0;1102.0
Tholen-G0716;;15;3288;2357;1619;559;359;234;847;3070;153;78.0;97;82.0;24;26;13;17;3.0;6;8.0;4.0;3;;4196.0
Thorn-G0977;;19;494;313;443;104;111;40;1;1;3;15.0;12;7.0;7;5;0;8;3.0;2;0.0;0.0;1;0.0;509.0
Tiel-G0281;;19;6402;5460;2334;1531;1164;493;178;121;134;;63;95.0;89;52;29;10;8.0;7;;11.0;5;8.0;8145.0
Tilburg-G0855;;100;27305;20005;15377;8605;8616;5576;289;78;189;659.0;758;333.0;819;174;226;242;140.0;139;191.0;78.0;44;29.0;52054.0
Tubbergen-G0183;;9;2315;1842;7154;378;348;148;10;12;14;72.0;40;37.0;14;35;15;4;30.0;2;;2.0;3;5.0;2118.0
Tytsjerksteradiel-G0737;;9;5513;2835;6601;1262;1077;508;510;100;356;59.0;21;;40;68;31;22;;2;;5.0;2;;4595.0
Ubbergen-G0282;;8;1848;1366;1281;531;493;162;8;4;10;;15;22.0;17;17;23;4;3.0;7;;2.0;3;1.0;1541.0
Uden-G0856;;39;5062;5586;4771;1588;1006;2300;52;14;40;86.0;46;83.0;73;77;33;43;20.0;33;15.0;;3;2.0;8336.0
Uitgeest-G0450;;6;1905;2002;965;766;545;163;17;2;15;23.0;60;50.0;27;23;16;14;13.0;1;;6.0;2;5.0;1627.0
Uithoorn-G0451;;16;3381;6108;2295;1577;1023;246;150;18;48;57.0;72;166.0;86;68;21;38;11.0;9;;6.0;7;4.0;3998.0
Urk-G0184;;2;101;212;2090;19;29;24;1780;2580;693;42.0;3;10.0;2;14;0;0;4.0;0;;0.0;1;;1439.0
Utrecht-G0344;;208;36230;24993;11930;18858;19524;5836;1276;388;845;1087.0;503;443.0;577;199;511;226;142.0;187;99.0;86.0;45;24.0;52127.0
Vaals-G0981;;13;1656;689;1110;225;215;120;15;0;8;32.0;41;14.0;28;10;7;14;22.0;1;4.0;2.0;2;2.0;2001.0
Valburg-G0283;;5;1894;1795;1793;608;447;208;154;364;50;45.0;12;37.0;15;35;14;13;4.0;1;8.0;2.0;3;1.0;2222.0
Valkenburg (ZH)-G0619;;1;333;607;606;103;88;23;124;46;126;10.0;7;8.0;8;5;2;4;0.0;0;;1.0;1;1.0;511.0
Valkenburg aan de Geul-G0994;;15;2197;2139;4330;680;586;645;16;3;14;60.0;53;25.0;29;18;14;42;27.0;3;5.0;3.0;2;3.0;3248.0
Valkenswaard-G0858;;14;5460;4451;3339;1296;1092;771;63;2;13;127.0;51;129.0;103;48;23;31;29.0;1;17.0;;2;3.0;6836.0
Veendam-G0047;;30;7323;2958;1903;1006;823;603;267;10;210;103.0;231;61.0;41;30;24;20;3.0;9;;34.0;2;;6243.0
Veenendaal-G0345;;41;6250;7513;6258;1951;1572;411;3804;2886;964;197.0;80;199.0;57;74;37;22;11.0;12;16.0;7.0;4;4.0;9125.0
Veere-G0717;;24;2672;3451;3138;948;711;201;663;1754;278;44.0;70;74.0;35;42;16;26;7.0;4;8.0;5.0;1;;2526.0
Veghel-G0860;;22;5124;4625;5738;1254;1001;815;39;7;25;126.0;60;104.0;87;75;27;25;10.0;29;30.0;;3;4.0;6812.0
Veldhoven-G0861;;26;6493;5892;4782;1990;1243;1247;140;15;39;139.0;96;120.0;128;55;16;54;22.0;24;37.0;;7;4.0;8628.0
Velsen-G0453;;37;11186;10821;4870;3301;2592;948;598;81;349;213.0;200;348.0;296;99;78;65;32.0;14;;36.0;6;5.0;14145.0
Venhuizen-G0454;;6;1044;1647;957;427;227;61;18;3;4;27.0;20;28.0;24;26;9;8;8.0;0;;5.0;0;2.0;1000.0
Venlo-G0983;;21;7924;7938;7400;2117;2697;1078;77;11;61;427.0;130;93.0;230;30;44;73;73.0;62;33.0;13.0;9;6.0;17089.0
Venray-G0984;;16;5256;3946;5791;1507;1188;642;20;8;20;95.0;82;59.0;61;53;32;43;50.0;17;19.0;4.0;4;10.0;8575.0
Vianen-G0620;;12;2989;2889;1992;906;652;269;238;406;52;76.0;46;77.0;36;50;20;20;12.0;4;4.0;8.0;4;2.0;3547.0
Vlaardingen-G0622;;50;13275;10123;5098;3162;2782;2807;921;836;466;323.0;295;211.0;171;74;59;49;26.0;23;55.0;11.0;7;13.0;16414.0
Vlagtwedde-G0048;;10;3585;1547;2026;375;416;297;256;13;50;64.0;62;39.0;30;34;12;11;5.0;0;;16.0;1;;3884.0
Vleuten-De Meern-G0347;;5;2535;4190;2575;1235;676;264;128;89;114;82.0;43;62.0;72;52;14;20;11.0;7;8.0;2.0;2;1.0;2581.0
Vlieland-G0096;;1;261;360;92;122;79;15;14;0;11;0.0;2;;6;3;5;2;;0;;1.0;0;;
Vlissingen-G0718;;33;7244;5666;2873;1818;1577;1467;590;424;229;145.0;257;135.0;104;33;30;35;17.0;29;40.0;13.0;5;;10991.0
Vlist-G0623;;16;1366;1756;1232;450;192;106;304;552;41;33.0;14;31.0;13;22;3;1;4.0;0;;1.0;0;1.0;1270.0
Voerendaal-G0986;;4;2057;1632;2305;683;499;277;17;0;17;55.0;31;27.0;31;22;6;26;15.0;0;6.0;1.0;0;0.0;2513.0
Voorburg-G0624;;34;5067;8782;3881;3107;1502;556;273;80;194;137.0;120;150.0;155;41;42;48;44.0;26;;13.0;10;9.0;6673.0
Voorhout-G0625;;6;1448;2610;1428;800;375;131;52;15;32;25.0;27;38.0;18;21;10;17;7.0;1;;0.0;1;1.0;1577.0
Voorschoten-G0626;;7;2677;5232;2465;1881;846;226;117;58;96;43.0;49;51.0;64;20;20;27;21.0;11;;2.0;1;4.0;2881.0
Voorst-G0285;;31;4174;3508;3717;1128;626;165;146;221;54;47.0;29;50.0;27;46;16;21;20.0;3;20.0;3.0;1;0.0;3716.0
Vorden-G0286;;3;1499;1513;1613;370;269;100;58;16;20;9.0;10;23.0;9;15;11;3;1.0;0;2.0;1.0;1;0.0;1092.0
Vriezenveen-G0186;;33;3168;1592;4048;386;338;188;1039;524;105;33.0;37;69.0;19;7;4;8;3.0;3;;1.0;2;9.0;2895.0
Vught-G0865;;17;3984;3998;2615;1562;944;448;28;16;36;66.0;44;50.0;47;52;23;19;18.0;8;11.0;;1;4.0;4831.0
Waalre-G0866;;18;2168;3226;1904;1205;514;264;22;7;13;49.0;27;54.0;48;25;9;17;16.0;4;15.0;;4;1.0;2551.0
Waalwijk-G0867;;58;6828;6073;4866;1588;1347;938;631;627;134;191.0;131;186.0;158;74;31;62;21.0;24;83.0;9.0;6;4.0;9879.0
Waddinxveen-G0627;;0;3440;4417;2456;1265;600;280;1002;1021;382;113.0;120;69.0;52;30;13;14;6.0;11;;4.0;1;1.0;4032.0
Wageningen-G0289;;49;5922;3479;2634;2681;3163;551;464;269;203;57.0;35;70.0;37;22;100;28;13.0;18;5.0;11.0;12;0.0;5834.0
Warmond-G0628;;2;650;1103;705;301;198;60;13;18;10;16.0;24;20.0;8;12;7;8;9.0;3;;2.0;0;0.0;909.0
Warnsveld-G0291;;8;1726;1400;931;563;400;118;102;13;48;6.0;24;19.0;17;8;14;7;0.0;0;1.0;1.0;0;0.0;1301.0
Wassenaar-G0629;;11;2037;7676;2633;1365;563;174;109;34;51;65.0;32;115.0;57;41;23;52;16.0;14;;8.0;2;4.0;3316.0
Wateringen-G0630;;9;1555;3288;2311;659;359;133;73;8;56;85.0;35;42.0;38;26;14;7;14.0;4;4.0;5.0;2;1.0;2418.0
Waterland-G0852;;15;2759;3713;1733;1234;791;224;97;15;58;70.0;68;115.0;41;38;22;9;17.0;3;;4.0;1;2.0;2381.0
Weerselo-G0188;;14;1052;947;3282;235;171;37;11;0;13;49.0;18;25.0;18;24;5;8;16.0;2;;0.0;0;1.0;899.0
Weert-G0988;;47;7416;6968;4992;1777;1529;833;76;13;29;262.0;190;88.0;128;51;23;97;34.0;17;102.0;2.0;9;4.0;11270.0
Weesp-G0457;;13;2861;2921;1402;1090;913;233;79;28;63;71.0;216;90.0;45;24;27;19;6.0;24;;7.0;4;2.0;3590.0
Wehl-G0292;;5;1398;570;1361;198;167;60;7;3;1;27.0;6;12.0;3;23;3;4;11.0;1;0.0;0.0;0;1.0;1376.0
Werkendam-G0870;;12;3414;2939;3779;706;531;295;828;1652;195;89.0;30;76.0;26;29;21;14;7.0;0;14.0;8.0;4;1.0;4402.0
Wervershoof-G0459;;8;1190;1387;1343;347;237;85;16;3;8;26.0;51;46.0;21;21;11;7;6.0;0;;1.0;2;2.0;1321.0
West Maas en Waal-G0668;;14;3596;2776;2786;617;491;287;22;7;16;;49;44.0;80;16;11;6;15.0;2;;11.0;0;7.0;3025.0
Wester-Koggenland-G0558;;6;1905;2520;2033;673;412;161;27;2;13;33.0;41;62.0;37;27;20;23;8.0;2;;3.0;1;2.0;1890.0
Westerveld-G1701;;0;4476;3527;1699;1029;662;270;118;12;111;;51;46.0;35;44;21;37;4.0;5;;4.0;4;3.0;2389.0
Westervoort-G0293;;10;2999;2006;1229;740;664;294;85;3;75;39.0;27;18.0;24;19;6;8;3.0;10;6.0;5.0;3;1.0;3062.0
Weststellingwerf-G0098;;17;5535;2960;2837;886;920;416;227;22;77;83.0;53;;40;66;19;31;;3;;13.0;7;;5021.0
Westvoorne-G0614;;7;2034;3673;1001;809;334;194;62;44;34;45.0;25;61.0;26;33;14;13;1.0;2;3.0;2.0;1;0.0;2379.0
Wierden-G0189;;6;2676;2658;6123;600;401;168;1309;394;78;36.0;64;70.0;20;35;10;10;12.0;4;;3.0;0;3.0;2428.0
Wieringen-G0462;;4;1572;1644;432;393;240;139;17;1;20;39.0;61;32.0;14;37;6;13;1.0;2;;4.0;1;0.0;1836.0
Wieringermeer-G0463;;7;1918;1967;1645;490;346;173;156;33;66;26.0;27;49.0;39;41;15;11;5.0;0;;2.0;2;3.0;2032.0
Wijchen-G0296;;27;6867;5130;4616;1775;1248;875;71;5;39;;66;62.0;108;54;27;32;24.0;15;;4.0;2;5.0;7057.0
Wijhe-G0190;;6;1487;757;1565;264;216;72;68;18;33;12.0;2;18.0;3;17;13;3;3.0;5;;1.0;0;0.0;1083.0
Wijk bij Duurstede-G0352;;16;3327;3756;1973;1284;1053;261;236;286;106;44.0;28;122.0;33;38;25;20;11.0;7;7.0;3.0;2;0.0;3797.0
Winschoten-G0052;;15;5029;1739;1350;594;856;447;206;4;129;66.0;64;18.0;28;24;18;19;6.0;3;;92.0;2;;4227.0
Winsum-G0053;;21;2832;1264;2039;708;698;201;105;14;579;17.0;23;36.0;23;30;19;7;2.0;0;;5.0;2;;1620.0
Winterswijk-G0294;;11;6443;4088;3054;1146;886;379;179;12;69;35.0;53;49.0;45;52;17;19;6.0;8;14.0;4.0;6;2.0;5240.0
Wisch-G0295;;7;3864;2568;3050;711;512;240;154;7;37;45.0;26;28.0;34;49;14;7;2.0;5;4.0;3.0;2;0.0;3856.0
Wittem-G0990;;29;1365;891;1614;372;333;186;18;1;5;47.0;35;16.0;18;15;7;26;38.0;0;10.0;3.0;0;1.0;860.0
Woensdrecht-G0873;;16;2943;3369;1849;766;610;299;35;9;28;163.0;52;128.0;116;34;13;21;17.0;6;21.0;3.0;1;2.0;5025.0
Woerden-G0632;;8;4677;5839;5075;2101;1439;403;1085;795;160;118.0;66;124.0;62;49;16;22;19.0;8;20.0;3.0;3;2.0;5711.0
Wognum-G0466;;19;949;1286;1451;419;245;72;12;1;3;18.0;20;30.0;7;14;6;6;4.0;0;;0.0;5;0.0;1115.0
Wormerland-G0880;;6;2735;2509;1250;911;904;290;121;21;41;54.0;52;65.0;46;29;10;26;1.0;11;;4.0;1;3.0;2375.0
Woudenberg-G0351;;2;1059;1666;1278;460;251;93;602;828;103;14.0;13;78.0;20;33;7;5;2.0;1;2.0;0.0;2;0.0;1364.0
Woudrichem-G0874;;9;1953;1509;2425;393;295;138;685;369;346;31.0;15;45.0;16;20;6;6;0.0;1;1.0;0.0;2;0.0;2212.0
Wûnseradiel-G0710;;13;1866;1221;2339;425;467;194;94;15;78;19.0;23;;19;22;6;9;;5;;3.0;4;;1760.0
Wymbritseradiel-G0683;;8;2146;1506;3755;607;572;180;229;13;80;36.0;14;;18;26;5;12;;4;;0.0;1;;2114.0
Zaanstad-G0479;;86;24321;18689;7926;6955;7787;2740;842;186;395;545.0;386;698.0;448;311;158;113;66.0;113;;67.0;24;29.0;28395.0
Zaltbommel-G0297;;7;1957;1698;821;712;484;217;86;97;100;;27;38.0;21;17;11;7;3.0;10;;3.0;4;1.0;1774.0
Zandvoort-G0473;;6;2162;4130;728;876;483;307;33;8;26;51.0;71;56.0;57;41;15;12;9.0;5;;2.0;1;7.0;3499.0
Zederik-G0707;;0;1698;1607;2322;359;227;129;911;1051;99;40.0;15;47.0;15;35;14;2;2.0;2;5.0;1.0;2;2.0;1278.0
Zeevang-G0478;;7;928;1636;275;496;248;78;9;9;7;30.0;17;43.0;24;21;5;6;5.0;0;;4.0;0;1.0;895.0
Zeewolde-G0050;;2;1518;3023;1384;716;349;134;342;68;391;18.0;30;60.0;30;61;5;13;0.0;4;;1.0;1;;1989.0
Zeist-G0355;;38;7762;10585;4783;4143;2908;1059;867;815;626;190.0;132;126.0;108;73;128;35;24.0;41;32.0;9.0;17;3.0;10806.0
Zelhem-G0298;;13;2284;1482;1808;382;239;95;134;105;28;16.0;15;22.0;10;18;3;6;1.0;0;2.0;1.0;4;1.0;2227.0
Zevenaar-G0299;;14;5328;3791;3163;1386;793;527;82;9;44;62.0;51;37.0;45;24;19;13;20.0;14;13.0;0.0;4;1.0;5321.0
Zevenbergen-G0878;;15;5987;5394;4269;1484;1136;575;428;130;213;182.0;52;155.0;131;44;27;30;11.0;12;17.0;8.0;3;3.0;7875.0
Zevenhuizen-Moerkapelle-G1666;;7;1297;1731;890;435;153;74;434;758;46;25.0;17;49.0;18;39;6;2;0.0;2;;0.0;2;0.0;1230.0
Zijpe-G0476;;3;1922;2140;1064;611;421;184;44;8;13;24.0;14;39.0;28;38;11;12;10.0;1;;3.0;0;2.0;1882.0
Zoetermeer-G0637;;55;15760;18424;6928;6977;4073;3021;1167;669;582;256.0;196;621.0;278;78;64;101;44.0;113;;20.0;11;24.0;19398.0
Zoeterwoude-G0638;;15;1153;1470;1218;508;339;117;25;31;14;33.0;11;18.0;10;11;14;11;11.0;3;;2.0;1;1.0;1290.0
Zuidhorn-G0056;;23;2720;1597;2946;793;621;214;221;56;1697;44.0;64;31.0;17;21;17;13;4.0;0;;5.0;1;;1811.0
Zuidlaren-G0136;;11;6186;5875;2222;2338;1227;312;195;18;475;;95;74.0;99;67;34;27;4.0;10;;7.0;4;5.0;4649.0
Zundert-G0879;;18;2771;2644;2860;645;475;269;19;5;15;77.0;49;56.0;40;41;9;18;12.0;4;18.0;1.0;1;3.0;4992.0
Zutphen-G0301;;44;6986;3732;2459;2070;2110;1041;215;25;214;86.0;64;105.0;55;26;57;75;15.0;18;14.0;8.0;7;3.0;6697.0
Zwartsluis-G0192;;2;717;462;939;100;106;45;139;57;165;8.0;2;6.0;6;1;4;2;0.0;1;;5.0;2;1.0;629.0
Zwijndrecht-G0642;;31;7002;6118;3944;1778;1271;579;862;978;698;144.0;76;115.0;94;47;23;34;13.0;29;26.0;3.0;7;10.0;7833.0
Zwolle-G0193;;69;18462;11655;10419;5844;5518;1623;2283;280;2815;206.0;176;149.0;154;76;231;56;21.0;35;;25.0;20;9.0;19242.0
